-- phpMyAdmin SQL Dump
-- version 5.2.0
-- https://www.phpmyadmin.net/
--
-- Host: localhost:3306
-- Generation Time: Jun 16, 2024 at 05:41 PM
-- Server version: 8.0.30
-- PHP Version: 8.3.0

SET SQL_MODE = "NO_AUTO_VALUE_ON_ZERO";
START TRANSACTION;
SET time_zone = "+00:00";


/*!40101 SET @OLD_CHARACTER_SET_CLIENT=@@CHARACTER_SET_CLIENT */;
/*!40101 SET @OLD_CHARACTER_SET_RESULTS=@@CHARACTER_SET_RESULTS */;
/*!40101 SET @OLD_COLLATION_CONNECTION=@@COLLATION_CONNECTION */;
/*!40101 SET NAMES utf8mb4 */;

--
-- Database: `eagenda`
--

-- --------------------------------------------------------

--
-- Table structure for table `dbo_akses`
--

CREATE TABLE `dbo_akses` (
  `kode` varchar(10) NOT NULL,
  `nama` varchar(255) NOT NULL,
  `create_at` int NOT NULL,
  `update_at` int DEFAULT NULL
) ENGINE=InnoDB DEFAULT CHARSET=utf8mb3;

--
-- Dumping data for table `dbo_akses`
--

INSERT INTO `dbo_akses` (`kode`, `nama`, `create_at`, `update_at`) VALUES
('B', 'Biasa', 1704674531, 1706151306),
('R', 'Rahasia', 1704674531, NULL),
('T', 'Terbatas', 1704674531, NULL);

-- --------------------------------------------------------

--
-- Table structure for table `dbo_dinas_keluar`
--

CREATE TABLE `dbo_dinas_keluar` (
  `id` int NOT NULL,
  `akses` varchar(10) NOT NULL,
  `nomor` varchar(10) NOT NULL,
  `fungsi` varchar(5) NOT NULL,
  `klasifikasi` varchar(10) NOT NULL,
  `tahun` varchar(4) NOT NULL,
  `nomor_naskah` varchar(50) NOT NULL,
  `perihal` varchar(255) NOT NULL,
  `tujuan` varchar(255) NOT NULL,
  `tanggal` date NOT NULL,
  `file` varchar(255) DEFAULT NULL,
  `keterangan` varchar(255) DEFAULT NULL,
  `user_create` int NOT NULL,
  `user_update` int DEFAULT NULL,
  `create_at` int NOT NULL,
  `update_at` int DEFAULT NULL
) ENGINE=InnoDB DEFAULT CHARSET=utf8mb3;

--
-- Dumping data for table `dbo_dinas_keluar`
--

INSERT INTO `dbo_dinas_keluar` (`id`, `akses`, `nomor`, `fungsi`, `klasifikasi`, `tahun`, `nomor_naskah`, `perihal`, `tujuan`, `tanggal`, `file`, `keterangan`, `user_create`, `user_update`, `create_at`, `update_at`) VALUES
(5, 'B', '1', '14000', 'KP.630', '2024', 'B-1/14000/KP.630/2024', 'Kenaikan Gaji Berkala a.n Sugiarti', 'Kepala KPPN Pekanbaru', '2024-01-02', NULL, NULL, 3, NULL, 1707020307, NULL),
(6, 'B', '2', '14000', 'KP.200', '2024', 'B-2/14000/KP.200/2024', 'Surat balasan Permohonan magang', 'Nurul Ghina', '2024-01-02', NULL, NULL, 3, 3, 1707020421, 1707021042),
(7, 'B', '3', '14000', 'KP.200', '2024', 'B-3/14000/KP.200/2024', 'Surat balasan Permohonan magang', 'Indria', '2024-01-02', NULL, NULL, 3, 3, 1707020552, 1707021375),
(8, 'B', '4', '14000', 'KP.611', '2024', 'B-4/14000/KP.611/2024', 'Usulan Pembuatan KARIS a. Syafrizal', 'BKN', '2024-01-02', NULL, NULL, 3, 3, 1707020758, 1707030576),
(9, 'B', '5', '14000', 'KP.611', '2024', 'B-5/14000/KP.611/2024', 'Usulan Pembuatan KARSU a. Mutiara', 'BKN', '2024-01-02', NULL, NULL, 3, 3, 1707020929, 1707030565),
(10, 'B', '6', '14000', 'KP.611', '2024', 'B-6/14000/KP.611/2024', 'Usulan Pembuatan KARSU a. Rizka', 'BKN', '2024-01-02', NULL, NULL, 3, 3, 1707021662, 1707030541),
(11, 'B', '7', '14000', 'KP.900', '2024', 'B-7/14000/KP.900/2024', 'Surat pernyataan Tidak Pernah Terkena Hukuman Disiplin a.n Syafrizal', 'BKN', '2024-01-02', NULL, NULL, 3, NULL, 1707022218, NULL),
(12, 'B', '8', '14000', 'KP.900', '2024', 'B-8/14000/KP.900/2024', 'Surat pernyataan Tidak Pernah Terkena Pidana a.n Syafrizal', 'BKN', '2024-01-02', NULL, NULL, 3, NULL, 1707022335, NULL),
(13, 'B', '9', '14000', 'KP.900', '2024', 'B-9/14000/KP.900/2024', 'Surat pernyataan Tidak Pernah Terkena Hukuman Disiplin a.n Rochnaenti', 'BKN', '2024-01-02', NULL, NULL, 3, NULL, 1707022374, NULL),
(14, 'B', '10', '14000', 'KP.900', '2024', 'B-10/14000/KP.900/2024', 'Surat pernyataan Tidak Pernah Terkena Pidana a.n Rochnaenti', 'BKN', '2024-01-02', NULL, NULL, 3, NULL, 1707022400, NULL),
(15, 'B', '11', '14000', 'KP.630', '2024', 'B-11/14000/KP.630/2024', 'Surat Keterangan Meninggal Dunia a.n Indra', 'BKN', '2024-01-02', NULL, NULL, 3, NULL, 1707022432, NULL),
(16, 'B', '12', '14000', 'VS.190', '2024', 'B-12/14000/VS.190/2024', 'Identifikasi Kode KBLI yang sering muncul pada pendataan Sakernas per Kabupaten/Kota', 'BPS Kabupaten/Kota', '2024-01-02', NULL, NULL, 3, NULL, 1707023337, NULL),
(17, 'B', '13', '14000', 'VS.190', '2024', 'B-13/14000/VS.190/2024', 'Kegiatan Statistik tanaman pangan, holtikultura dan perkebunan T.A 2024', 'BPS Kabupaten/Kota', '2024-01-02', NULL, NULL, 3, 3, 1707023423, 1707023565),
(18, 'B', '14', '14000', 'VS.190', '2024', 'B-14/14000/VS.190/2024', 'Survei Kegiatan Distribusi 2024', 'BPS Kabupaten/Kota', '2024-01-02', NULL, NULL, 3, NULL, 1707023889, NULL),
(19, 'B', '15', '14000', 'VS.220', '2024', 'B-15/14000/VS.220/2024', 'Permintaan Data Dalam Rangka Penyusunan PDRB Triwulan IV 2023', 'Dinas/OPD/Instansi Vertikal', '2024-01-02', NULL, NULL, 3, 14, 1707023996, 1711328699),
(20, 'B', '16', '14000', 'VS.190', '2024', 'B-16/14000/VS.190/2024', 'Kegiatan Produksi Tahun 2024', 'BPS Kabupaten/Kota', '2024-01-02', NULL, NULL, 3, NULL, 1707024160, NULL),
(21, 'B', '17', '14000', 'KP.630', '2024', 'B-17/14000/KP.630/2024', 'Kenaikan Gaji Berkala a.n Sugiarti', 'Kepala KPPN Pekanbaru', '2024-01-02', NULL, NULL, 3, NULL, 1707024467, NULL),
(22, 'B', '18', '14000', 'KP.630', '2024', 'B-18/14000/KP.630/2024', 'Kenaikan Gaji Berkala a.n Deni Saputra', 'Kepala KPPN Pekanbaru', '2024-01-02', NULL, NULL, 3, NULL, 1707024496, NULL),
(23, 'B', '19', '14000', 'KP.630', '2024', 'B-19/14000/KP.630/2024', 'Kenaikan Gaji Berkala a.n Azhari', 'Kepala KPPN Pekanbaru', '2024-01-02', NULL, NULL, 3, NULL, 1707024538, NULL),
(24, 'B', '20', '14000', 'KP.630', '2024', 'B-20/14000/KP.630/2024', 'Kenaikan Gaji Berkala a.n Dwi Fitri Ningsih', 'Kepala KPPN Pekanbaru', '2024-01-02', NULL, NULL, 3, 3, 1707024571, 1707024778),
(25, 'B', '21', '14000', 'KP.630', '2024', 'B-21/14000/KP.630/2024', 'Kenaikan Gaji Berkala a.n Muhammad Rizki', 'Kepala KPPN Pekanbaru', '2024-01-02', NULL, NULL, 3, NULL, 1707024797, NULL),
(26, 'B', '22', '14000', 'KP.630', '2024', 'B-22/14000/KP.630/2024', 'Kenaikan Gaji Berkala a.n Syaifudin', 'Kepala KPPN Pekanbaru', '2024-01-02', NULL, NULL, 3, NULL, 1707024829, NULL),
(27, 'B', '23', '14000', 'KP.630', '2024', 'B-23/14000/KP.630/2024', 'Kenaikan Gaji Berkala a.n Syahnaz', 'Kepala KPPN Pekanbaru', '2024-01-02', NULL, NULL, 3, NULL, 1707024869, NULL),
(28, 'B', '24', '14000', 'KP.630', '2024', 'B-24/14000/KP.630/2024', 'Kenaikan Gaji Berkala a.n Khairunnisa', 'Kepala KPPN Pekanbaru', '2024-01-02', NULL, NULL, 3, NULL, 1707024893, NULL),
(29, 'B', '25', '14000', 'KP.380', '2024', 'B-25/14000/KP.380/2024', 'Surat Pengantar Berkas HD', 'Biro SDM BPS', '2024-01-02', NULL, NULL, 3, NULL, 1707024939, NULL),
(30, 'B', '26', '14000', 'PR.460', '2024', 'B-26/14000/PR.460/2024', 'Rsionalisasi Anggaran 2024', 'Kepala Bagian Umum/ Ketua Tim/ Kepala BPS Kab/Kota', '2024-01-02', NULL, NULL, 3, NULL, 1707024982, NULL),
(31, 'B', '27', '14000', 'VS.220', '2024', 'B-27/14000/VS.220/2024', 'Pemanggilan Peserta Pelatihan Pembinaan Statistik Sektoral Tahap 2', 'BPS Kabupaten/Kota', '2024-01-03', NULL, NULL, 3, NULL, 1707025403, NULL),
(32, 'B', '28', '14000', 'VS.220', '2024', 'B-28/14000/VS.220/2024', 'Briefing KSA ', 'BPS Kabupaten/Kota', '2024-01-03', NULL, NULL, 3, NULL, 1707025545, NULL),
(33, 'B', '29', '14000', 'SS.330', '2024', 'B-29/14000/SS.330/2024', 'Permintaan Data Siswa Tahun 2023', 'Dinas Pendidikan Prov. Riau', '2024-01-03', NULL, NULL, 3, NULL, 1707025794, NULL),
(34, 'B', '30', '14000', 'KU.320', '2024', 'B-30/14000/KU.320/2024', 'Permintaan Belanja', 'PPK PPIS', '2024-01-03', NULL, NULL, 3, NULL, 1707031125, NULL),
(35, 'B', '31', '14000', 'SS.330', '2024', 'B-31/14000/SS.330/2024', 'Permintaan Data PDRB', 'Dinas/OPD/Instansi Vertikal', '2024-01-03', NULL, NULL, 3, NULL, 1707031203, NULL),
(36, 'B', '32', '14000', 'SS.330', '2024', 'B-32/14000/SS.330/2024', 'Permintaan Data PDRB', 'Dinas/OPD/Instansi Vertikal', '2024-01-03', NULL, NULL, 3, NULL, 1707031229, NULL),
(37, 'B', '33', '14000', 'SS.330', '2024', 'B-33/14000/SS.330/2024', 'Permintaan Data PDRB', 'Dinas/OPD/Instansi Vertikal', '2024-01-03', NULL, NULL, 3, NULL, 1707031251, NULL),
(38, 'B', '34', '14000', 'SS.330', '2024', 'B-34/14000/SS.330/2024', 'Permintaan Data PDRB', 'Dinas/OPD/Instansi Vertikal', '2024-01-03', NULL, NULL, 3, NULL, 1707031269, NULL),
(39, 'B', '35', '14000', 'SS.330', '2024', 'B-35/14000/SS.330/2024', 'Permintaan Data PDRB', 'Dinas/OPD/Instansi Vertikal', '2024-01-03', NULL, NULL, 3, NULL, 1707031293, NULL),
(40, 'B', '36', '14000', 'KA.100', '2024', 'B-36/14000/KA.100/2024', 'Permintaan Data Harga Satuan Gedung dan Bangunan Pemerintah', 'PUPR', '2024-01-03', NULL, NULL, 3, NULL, 1707031318, NULL),
(41, 'B', '37', '14000', 'KP.350', '2024', 'B-37/14000/KP.350/2024', 'Kewajiban Pelaporan LHKPN dan SPT Tahunan 2023', 'Pegawai BPS Provinsi Riau', '2024-01-03', NULL, NULL, 3, NULL, 1707031370, NULL),
(42, 'B', '38', '14000', 'VS.220', '2024', 'B-38/14000/VS.220/2024', 'Persiapan Pelatihan Petugas Susenas dan Seruti TW I 2024', 'BPS Kabupaten/Kota', '2024-01-03', NULL, NULL, 3, NULL, 1707031400, NULL),
(43, 'B', '39', '14000', 'PR.710', '2024', 'B-39/14000/PR.710/2024', 'Rapat Awal Tahun 2024', 'Kepala Bagian Umum/ Ketua Tim/ Kepala BPS Kab/Kota', '2024-01-03', NULL, NULL, 3, 3, 1707031617, 1707031759),
(44, 'B', '40', '14000', 'HM.010', '2024', 'B-40/14000/HM.010/2024', 'Apel Pagi Tahun 2024', 'Kepala Bagian Umum/ Ketua Tim/ Kepala BPS Kab/Kota', '2024-01-03', NULL, NULL, 3, NULL, 1707031740, NULL),
(45, 'B', '41', '14000', 'PL.611', '2024', 'B-41/14000/PL.611/2024', 'Alokasi Sampel dan Dokumen SHPED', 'BPS Kabupaten/Kota', '2024-01-03', NULL, NULL, 3, 3, 1707032736, 1707037298),
(46, 'B', '42', '14000', 'IF.240', '2024', 'B-42/14000/IF.240/2024', 'Angka Gini Rasio Kab/Kota', 'BPS Kabupaten/Kota', '2024-01-03', NULL, NULL, 3, NULL, 1707032838, NULL),
(47, 'B', '43', '14000', 'IF.230', '2024', 'B-43/14000/IF.230/2024', 'Permohonan Submit ARC BPS Kab/Kota', 'Direktur Diseminasi Statistik BPS', '2024-01-03', NULL, NULL, 3, NULL, 1707033129, NULL),
(48, 'B', '44', '14000', 'PS.400', '2024', 'B-44/14000/PS.400/2024', 'Pembinaan Statistik Sektoral', 'Dinas/OPD/Instansi Vertikal', '2024-01-03', NULL, NULL, 3, NULL, 1707033542, NULL),
(49, 'B', '45', '14000', 'KP.600', '2024', 'B-45/14000/KP.600/2024', 'Rapat Master Pekerjaan 2024', 'Kepala Bagian Umum/ Ketua Tim/ Kepala BPS Kab/Kota', '2024-01-03', NULL, NULL, 3, NULL, 1707034289, NULL),
(50, 'B', '46', '14000', 'KA.770', '2024', 'B-46/14000/KA.770/2024', 'Permintaan Data Akun SRIKANDI', 'Kepala Bagian Umum/ Ketua Tim/ Kepala BPS Kab/Kota', '2024-01-03', NULL, NULL, 3, NULL, 1707034345, NULL),
(51, 'B', '47', '14000', 'SS.330', '2024', 'B-47/14000/SS.330/2024', 'Pengumpulan Data Sektoral Riau Dalam Angka 2024', 'Kepala DISKOMINFOTIK Prov. Riau', '2024-01-04', NULL, NULL, 3, NULL, 1707034460, NULL),
(52, 'B', '48', '14000', 'VS.210', '2024', 'B-48/14000/VS.210/2024', 'Pelatihan INAS Sakernas', 'BPS Kabupaten/Kota', '2024-01-04', NULL, NULL, 3, NULL, 1707034607, NULL),
(53, 'B', '49', '14000', 'KP.510', '2024', 'B-49/14000/KP.510/2024', 'Permohonan Rekomendasi Pindah', 'Biro SDM BPS', '2024-01-04', NULL, NULL, 3, NULL, 1707034830, NULL),
(54, 'B', '50', '14000', 'KP.540', '2024', 'B-50/14000/KP.540/2024', 'Surat Pengantar Penangguhan', 'BPS Kab. Kuantan Singingi', '2024-01-04', NULL, NULL, 3, NULL, 1707034917, NULL),
(55, 'B', '51', '14000', 'KP.540', '2024', 'B-51/14000/KP.540/2024', 'Surat Pengantar Penangguhan', 'BPS Kab. Kampar', '2024-01-04', NULL, NULL, 3, NULL, 1707034991, NULL),
(56, 'B', '52', '14000', 'KP.540', '2024', 'B-52/14000/KP.540/2024', 'Surat Pengantar Penangguhan', 'BPS Kab. Rokan Hulu', '2024-01-04', NULL, NULL, 3, NULL, 1707035040, NULL),
(57, 'B', '53', '14000', 'KP.540', '2024', 'B-53/14000/KP.540/2024', 'Surat Pengantar Penangguhan', 'BPS Kab. Bengkalis', '2024-01-04', NULL, NULL, 3, NULL, 1707035072, NULL),
(58, 'B', '54', '14000', 'KP.630', '2024', 'B-54/14000/KP.630/2024', 'Penetapan Angka Kredit Pejabat Fungsional', 'Dinas/OPD/Instansi Vertikal', '2024-01-04', NULL, NULL, 3, NULL, 1707035275, NULL),
(59, 'B', '55', '14000', 'PL.611', '2024', 'B-55/14000/PL.611/2024', 'Alokasi Dokumen Pencacahan Susenas', 'BPS Kabupaten/Kota', '2024-01-04', NULL, NULL, 3, 3, 1707035543, 1707037258),
(60, 'B', '56', '14000', 'PR.710', '2024', 'B-56/14000/PR.710/2024', 'Rapat Monev Capaian Kerja TW IV 2023', 'Pegawai BPS Provinsi Riau', '2024-01-04', NULL, NULL, 3, NULL, 1707035763, NULL),
(61, 'B', '57', '14000', 'PL.611', '2024', 'B-57/14000/PL.611/2024', 'Alokasi Dokumen Pencacahan SHP 2024', 'BPS Kabupaten/Kota', '2024-01-04', NULL, NULL, 3, 3, 1707035923, 1707037245),
(62, 'B', '58', '14000', 'KU.010', '2024', 'B-58/14000/KU.010/2024', 'Pengaktifan Pengguna  dan OTP SAKTI PPK', 'KPPN', '2024-01-04', NULL, NULL, 3, NULL, 1707036024, NULL),
(63, 'B', '59', '14000', 'KU.010', '2024', 'B-59/14000/KU.010/2024', 'Pengaktifan Pengguna  dan OTP SAKTI PPK', 'KPPN', '2024-01-04', NULL, NULL, 3, NULL, 1707036063, NULL),
(64, 'B', '60', '14000', 'DL.220', '2024', 'B-60/14000/DL.220/2024', 'Usulan Peserta PKA dan PKP Tahun 2024', 'Kepala BPS Kab/Kota', '2024-01-05', NULL, NULL, 3, 3, 1707036114, 1707036629),
(65, 'B', '61', '14000', 'SS.220', '2024', 'B-61/14000/SS.220/2024', 'Pembinaan Statistik Sektoral', 'Kepala BPS Kab/Kota', '2024-01-05', NULL, NULL, 3, 3, 1707036611, 1707036990),
(66, 'B', '62', '14000', 'PR.630', '2024', 'B-62/14000/PR.630/2024', 'Capaian Kinerja TW IV 2024', 'Kepala BPS Kab/Kota', '2024-01-05', NULL, NULL, 3, NULL, 1707036969, NULL),
(67, 'B', '63', '14000', 'VS.200', '2024', 'B-63/14000/VS.200/2024', 'Pemberian Rekomendasi Statistik BAPEDA Prov. Riau', 'Pegawai BPS Provinsi Riau', '2024-01-05', NULL, NULL, 3, 3, 1707037045, 1707037092),
(68, 'B', '64', '14000', 'VS.200', '2024', 'B-64/14000/VS.200/2024', 'Pemberian Rekomendasi Statistik BAPEDA Prov. Riau', 'Kepala BPS Kab/Kota', '2024-01-05', NULL, NULL, 3, NULL, 1707037082, NULL),
(69, 'B', '65', '14000', 'PL.611', '2024', 'B-65/14000/PL.611/2024', 'Alokasi Dokumen Pencacahan SHPED 2024', 'Kepala BPS Kab/Kota', '2024-01-05', NULL, NULL, 3, 3, 1707037140, 1707037345),
(70, 'B', '66', '14000', 'VS.220', '2024', 'B-66/14000/VS.220/2024', 'Surat Pemberitahuan untuk Mengikuti Pembukaan Pelatihan Sektoral Tahap 2', 'BPS Kabupaten/Kota', '2024-01-08', NULL, NULL, 3, 3, 1707037447, 1707037673),
(71, 'B', '67', '14000', 'KP.380', '2024', 'B-67/14000/KP.380/2024', 'BAP 1', 'Biro SDM BPS', '2024-01-08', NULL, NULL, 3, NULL, 1707038077, NULL),
(72, 'B', '68', '14000', 'KP.380', '2024', 'B-68/14000/KP.380/2024', 'BAP 2', 'Biro SDM BPS', '2024-01-08', NULL, NULL, 3, NULL, 1707038100, NULL),
(73, 'B', '69', '14000', 'KP.380', '2024', 'B-69/14000/KP.380/2024', 'BAP 3', 'Biro SDM BPS', '2024-01-08', NULL, NULL, 3, NULL, 1707038127, NULL),
(74, 'B', '70', '14000', 'PL.613', '2024', 'B-70/14000/PL.613/2024', 'BAST Persediaan', 'Biro Umum BPS', '2024-01-08', NULL, NULL, 3, NULL, 1707038290, NULL),
(75, 'B', '71', '14000', 'KP.630', '2024', 'B-71/14000/KP.630/2024', 'Surat Pengangantar PAK Fungsional Statistisi', 'Kepala DISKOMINFOTIK Prov. Riau', '2024-01-08', NULL, NULL, 3, NULL, 1707038323, NULL),
(76, 'B', '72', '14000', 'VS.630', '2024', 'B-72/14000/VS.630/2024', 'BRS 15 Januari 2024', 'Gubernur/OPD/Wartawan', '2024-01-08', NULL, NULL, 3, NULL, 1707038530, NULL),
(77, 'B', '73', '14000', 'KU.010', '2024', 'B-73/14000/KU.010/2024', 'Pendaftaran Role Pengguna aplikasi gaji web (PPSPM) ', 'KPPN', '2024-01-09', NULL, NULL, 3, NULL, 1707038570, NULL),
(78, 'B', '74', '14000', 'VS.330', '2024', 'B-74/14000/VS.330/2024', 'Pengutipan Direktori Perusahaan Konstruksi Tahun 2024', 'Pimpinan Instansi/Asosiasi', '2024-01-09', NULL, NULL, 3, NULL, 1708242243, NULL),
(79, 'B', '75', '14000', 'VS.220', '2024', 'B-75/14000/VS.220/2024', 'Briefing KSA', 'BPS Kabupaten/Kota', '2024-01-09', NULL, NULL, 3, NULL, 1708242274, NULL),
(80, 'B', '76', '14000', 'VS.220', '2024', 'B-76/14000/VS.220/2024', 'Usulan Calon Peserta Pelatihan Kepemimpinan Administrator Tahun 2024', 'Kepala Pusdiklat BPS', '2024-01-09', NULL, NULL, 3, 3, 1708242321, 1708246477),
(81, 'B', '77', '14000', 'SS.630', '2024', 'B-77/14000/SS.630/2024', 'Rekomendasi Kegiatan Statistik', 'Bapenda Prov. Riau', '2024-01-09', NULL, NULL, 3, NULL, 1708242351, NULL),
(82, 'B', '78', '14000', 'TS.410', '2024', 'B-78/14000/TS.410/2024', 'Pemilihan CC Tahun 2024', 'Kabag Umum dan Kepala Kab/kota', '2024-01-09', NULL, NULL, 3, NULL, 1708242404, NULL),
(83, 'B', '79', '14000', 'VS.543', '2024', 'B-79/14000/VS.543/2024', 'Permintaan Data survei Jembatan Timbang Kab. Kuansing', 'Badan Pengelola Transportasi', '2024-01-09', NULL, NULL, 3, 3, 1708242498, 1708246427),
(84, 'B', '80', '14000', 'VS.220', '2024', 'B-80/14000/VS.220/2024', 'Briefing KSA ', 'BPS Kabupaten/Kota', '2024-01-09', NULL, NULL, 3, NULL, 1708242514, NULL),
(85, 'B', '81', '14000', 'VS.220', '2024', 'B-81/14000/VS.220/2024', 'Briefing KSA ', 'BPS Kabupaten/Kota', '2024-01-09', NULL, NULL, 3, NULL, 1708242528, NULL),
(86, 'B', '82', '14000', 'VS.220', '2024', 'B-82/14000/VS.220/2024', 'Briefing KSA ', 'BPS Kabupaten/Kota', '2024-01-09', NULL, NULL, 3, NULL, 1708242544, NULL),
(87, 'B', '83', '14000', 'VS.220', '2024', 'B-83/14000/VS.220/2024', 'Briefing KSA ', 'BPS Kabupaten/Kota', '2024-01-09', NULL, NULL, 3, NULL, 1708242566, NULL),
(88, 'B', '84', '14000', 'VS.220', '2024', 'B-84/14000/VS.220/2024', 'Briefing KSA ', 'BPS Kabupaten/Kota', '2024-01-09', NULL, NULL, 3, NULL, 1708242583, NULL),
(89, 'B', '85', '14000', 'VS.220', '2024', 'B-85/14000/VS.220/2024', 'Perbaikan Data Rilis Tahap I', 'Sestama BPS RI', '2024-01-10', NULL, NULL, 3, NULL, 1708242698, NULL),
(90, 'B', '86', '14000', 'VS.220', '2024', 'B-86/14000/VS.220/2024', 'Briefing KSA ', 'BPS Kabupaten/Kota', '2024-01-10', NULL, NULL, 3, NULL, 1708242749, NULL),
(91, 'B', '87', '14000', 'VS.220', '2024', 'B-87/14000/VS.220/2024', 'Briefing KSA ', 'BPS Kabupaten/Kota', '2024-01-10', NULL, NULL, 3, NULL, 1708242764, NULL),
(92, 'B', '88', '14000', 'VS.220', '2024', 'B-88/14000/VS.220/2024', 'Briefing KSA ', 'BPS Kabupaten/Kota', '2024-01-10', NULL, NULL, 3, NULL, 1708242781, NULL),
(93, 'B', '89', '14000', 'VS.220', '2024', 'B-89/14000/VS.220/2024', 'Briefing KSA ', 'BPS Kabupaten/Kota', '2024-01-10', NULL, NULL, 3, NULL, 1708242794, NULL),
(94, 'B', '90', '14000', 'VS.220', '2024', 'B-90/14000/VS.220/2024', 'Briefing KSA ', 'BPS Kabupaten/Kota', '2024-01-10', NULL, NULL, 3, NULL, 1708242807, NULL),
(95, 'B', '91', '14000', 'VS.220', '2024', 'B-91/14000/VS.220/2024', 'Briefing KSA ', 'BPS Kabupaten/Kota', '2024-01-10', NULL, NULL, 3, NULL, 1708242820, NULL),
(96, 'B', '92', '14000', 'VS.220', '2024', 'B-92/14000/VS.220/2024', 'Briefing KSA ', 'BPS Kabupaten/Kota', '2024-01-11', NULL, NULL, 3, NULL, 1708242837, NULL),
(97, 'B', '93', '14000', 'VS.220', '2024', 'B-93/14000/VS.220/2024', 'Briefing KSA ', 'BPS Kabupaten/Kota', '2024-01-11', NULL, NULL, 3, NULL, 1708242857, NULL),
(98, 'B', '94', '14000', 'VS.220', '2024', 'B-94/14000/VS.220/2024', 'Briefing KSA ', 'BPS Kabupaten/Kota', '2024-01-11', NULL, NULL, 3, NULL, 1708242872, NULL),
(99, 'B', '95', '14000', 'VS.220', '2024', 'B-95/14000/VS.220/2024', 'Briefing KSA ', 'BPS Kabupaten/Kota', '2024-01-11', NULL, NULL, 3, NULL, 1708242886, NULL),
(100, 'B', '96', '14000', 'VS.220', '2024', 'B-96/14000/VS.220/2024', 'Briefing KSA ', 'BPS Kabupaten/Kota', '2024-01-11', NULL, NULL, 3, NULL, 1708242910, NULL),
(101, 'B', '97', '14000', 'VS.220', '2024', 'B-97/14000/VS.220/2024', 'Briefing KSA ', 'BPS Kabupaten/Kota', '2024-01-11', NULL, NULL, 3, NULL, 1708242927, NULL),
(102, 'B', '98', '14000', 'VS.220', '2024', 'B-98/14000/VS.220/2024', 'Briefing KSA ', 'BPS Kabupaten/Kota', '2024-01-11', NULL, NULL, 3, NULL, 1708242939, NULL),
(103, 'B', '99', '14000', 'VS.220', '2024', 'B-99/14000/VS.220/2024', 'Briefing KSA ', 'BPS Kabupaten/Kota', '2024-01-11', NULL, NULL, 3, NULL, 1708242950, NULL),
(104, 'B', '100', '14000', 'VS.220', '2024', 'B-100/14000/VS.220/2024', 'Briefing KSA ', 'BPS Kabupaten/Kota', '2024-01-11', NULL, NULL, 3, NULL, 1708242965, NULL),
(105, 'B', '101', '14000', 'VS.220', '2024', 'B-101/14000/VS.220/2024', 'Permohonan Pindah Pegawai A.n Yesi dan Lalu', 'BPS', '2024-01-11', NULL, NULL, 3, NULL, 1708243012, NULL),
(106, 'B', '102', '14000', 'VS.220', '2024', 'B-102/14000/VS.220/2024', 'Permohonan Pindah Pegawai A.n Azmen', 'BPS', '2024-01-11', NULL, NULL, 3, NULL, 1708243046, NULL),
(107, 'B', '103', '14000', 'VS.220', '2024', 'B-103/14000/VS.220/2024', 'Permohonan Pindah Pegawai A.n Mujahid', 'BPS', '2024-01-11', NULL, NULL, 3, NULL, 1708243068, NULL),
(108, 'B', '104', '14000', 'VS.220', '2024', 'B-104/14000/VS.220/2024', 'Briefing KSA ', 'BPS Kabupaten/Kota', '2024-01-12', NULL, NULL, 3, NULL, 1708243086, NULL),
(109, 'B', '105', '14000', 'VS.220', '2024', 'B-105/14000/VS.220/2024', 'Briefing KSA ', 'BPS Kabupaten/Kota', '2024-01-12', NULL, NULL, 3, NULL, 1708243100, NULL),
(110, 'B', '106', '14000', 'VS.220', '2024', 'B-106/14000/VS.220/2024', 'Briefing KSA ', 'BPS Kabupaten/Kota', '2024-01-12', NULL, NULL, 3, NULL, 1708243112, NULL),
(111, 'B', '107', '14000', 'VS.220', '2024', 'B-107/14000/VS.220/2024', 'Briefing KSA ', 'BPS Kabupaten/Kota', '2024-01-12', NULL, NULL, 3, NULL, 1708243143, NULL),
(112, 'B', '108', '14000', 'VS.220', '2024', 'B-108/14000/VS.220/2024', 'Briefing KSA ', 'BPS Kabupaten/Kota', '2024-01-12', NULL, NULL, 3, NULL, 1708243157, NULL),
(113, 'B', '109', '14000', 'VS.220', '2024', 'B-109/14000/VS.220/2024', 'Briefing KSA ', 'BPS Kabupaten/Kota', '2024-01-12', NULL, NULL, 3, NULL, 1708243171, NULL),
(114, 'B', '110', '14000', 'VS.220', '2024', 'B-110/14000/VS.220/2024', 'Briefing KSA ', 'BPS Kabupaten/Kota', '2024-01-12', NULL, NULL, 3, NULL, 1708243188, NULL),
(115, 'B', '111', '14000', 'VS.220', '2024', 'B-111/14000/VS.220/2024', 'Briefing KSA ', 'BPS Kabupaten/Kota', '2024-01-12', NULL, NULL, 3, NULL, 1708243204, NULL),
(116, 'B', '112', '14000', 'VS.220', '2024', 'B-112/14000/VS.220/2024', 'Briefing KSA ', 'BPS Kabupaten/Kota', '2024-01-12', NULL, NULL, 3, NULL, 1708243214, NULL),
(117, 'B', '113', '14000', 'VS.220', '2024', 'B-113/14000/VS.220/2024', 'Permohonan Penggantian Sampel Survei Harga Pedesaan Provinsi Riau Tahun 2024', 'Direktur Statistik Harga BPS', '2024-01-12', NULL, NULL, 3, NULL, 1708243233, NULL),
(118, 'B', '114', '14000', 'VS.220', '2024', 'B-114/14000/VS.220/2024', 'Briefing KSA ', 'BPS Kabupaten/Kota', '2024-01-12', NULL, NULL, 3, NULL, 1708243249, NULL),
(119, 'B', '115', '14000', 'VS.220', '2024', 'B-115/14000/VS.220/2024', 'Briefing KSA ', 'BPS Kabupaten/Kota', '2024-01-15', NULL, NULL, 3, NULL, 1708243272, NULL),
(120, 'B', '116', '14000', 'VS.220', '2024', 'B-116/14000/VS.220/2024', 'Briefing KSA ', 'BPS Kabupaten/Kota', '2024-01-15', NULL, NULL, 3, NULL, 1708243285, NULL),
(121, 'B', '117', '14000', 'VS.220', '2024', 'B-117/14000/VS.220/2024', 'Briefing KSA ', 'BPS Kabupaten/Kota', '2024-01-15', NULL, NULL, 3, NULL, 1708243299, NULL),
(122, 'B', '118', '14000', 'VS.220', '2024', 'B-118/14000/VS.220/2024', 'Briefing KSA ', 'BPS Kabupaten/Kota', '2024-01-15', NULL, NULL, 3, NULL, 1708243312, NULL),
(123, 'B', '119', '14000', 'VS.220', '2024', 'B-119/14000/VS.220/2024', 'Briefing KSA ', 'BPS Kabupaten/Kota', '2024-01-15', NULL, NULL, 3, NULL, 1708243325, NULL),
(124, 'B', '120', '14000', 'VS.220', '2024', 'B-120/14000/VS.220/2024', 'Briefing KSA ', 'BPS Kabupaten/Kota', '2024-01-15', NULL, NULL, 3, NULL, 1708243335, NULL),
(125, 'B', '121', '14000', 'VS.220', '2024', 'B-121/14000/VS.220/2024', 'Briefing KSA ', 'BPS Kabupaten/Kota', '2024-01-15', NULL, NULL, 3, NULL, 1708243346, NULL),
(126, 'B', '122', '14000', 'VS.220', '2024', 'B-122/14000/VS.220/2024', 'Briefing KSA ', 'BPS Kabupaten/Kota', '2024-01-15', NULL, NULL, 3, NULL, 1708243364, NULL),
(127, 'B', '123', '14000', 'VS.220', '2024', 'B-123/14000/VS.220/2024', 'Briefing KSA ', 'BPS Kabupaten/Kota', '2024-01-15', NULL, NULL, 3, NULL, 1708243374, NULL),
(128, 'B', '124', '14000', 'VS.220', '2024', 'B-124/14000/VS.220/2024', 'Briefing KSA ', 'BPS Kabupaten/Kota', '2024-01-15', NULL, NULL, 3, NULL, 1708243385, NULL),
(129, 'B', '125', '14000', 'VS.220', '2024', 'B-125/14000/VS.220/2024', 'Briefing KSA ', 'BPS Kabupaten/Kota', '2024-01-15', NULL, NULL, 3, NULL, 1708243397, NULL),
(130, 'B', '126', '14000', 'VS.220', '2024', 'B-126/14000/VS.220/2024', 'Briefing KSA ', 'BPS Kabupaten/Kota', '2024-01-15', NULL, NULL, 3, NULL, 1708243412, NULL),
(131, 'B', '127', '14000', 'VS.220', '2024', 'B-127/14000/VS.220/2024', 'Pengantar Pengiriman Kalender dan Buku Kerja  2024', 'Kepala BPS Kab/Kota', '2024-01-16', NULL, NULL, 3, NULL, 1708243432, NULL),
(132, 'B', '128', '14000', 'VS.220', '2024', 'B-128/14000/VS.220/2024', 'Briefing KSA ', 'BPS Kabupaten/Kota', '2024-01-16', NULL, NULL, 3, NULL, 1708243447, NULL),
(133, 'B', '129', '14000', 'VS.220', '2024', 'B-129/14000/VS.220/2024', 'Briefing KSA ', 'BPS Kabupaten/Kota', '2024-01-16', NULL, NULL, 3, NULL, 1708243460, NULL),
(134, 'B', '130', '14000', 'VS.220', '2024', 'B-130/14000/VS.220/2024', 'Briefing KSA ', 'BPS Kabupaten/Kota', '2024-01-16', NULL, NULL, 3, NULL, 1708243475, NULL),
(135, 'B', '131', '14000', 'VS.220', '2024', 'B-131/14000/VS.220/2024', 'Briefing KSA ', 'BPS Kabupaten/Kota', '2024-01-16', NULL, NULL, 3, NULL, 1708243488, NULL),
(136, 'B', '132', '14000', 'VS.220', '2024', 'B-132/14000/VS.220/2024', 'Briefing KSA ', 'BPS Kabupaten/Kota', '2024-01-16', NULL, NULL, 3, NULL, 1708243500, NULL),
(137, 'B', '133', '14000', 'VS.220', '2024', 'B-133/14000/VS.220/2024', 'Briefing KSA ', 'BPS Kabupaten/Kota', '2024-01-16', NULL, NULL, 3, NULL, 1708243521, NULL),
(138, 'B', '134', '14000', 'VS.220', '2024', 'B-134/14000/VS.220/2024', 'Briefing KSA ', 'BPS Kabupaten/Kota', '2024-01-16', NULL, NULL, 3, NULL, 1708243533, NULL),
(139, 'B', '135', '14000', 'VS.220', '2024', 'B-135/14000/VS.220/2024', 'Briefing KSA ', 'BPS Kabupaten/Kota', '2024-01-16', NULL, NULL, 3, NULL, 1708243546, NULL),
(140, 'B', '136', '14000', 'VS.220', '2024', 'B-136/14000/VS.220/2024', 'Briefing KSA ', 'BPS Kabupaten/Kota', '2024-01-16', NULL, NULL, 3, NULL, 1708243556, NULL),
(141, 'B', '137', '14000', 'VS.220', '2024', 'B-137/14000/VS.220/2024', 'Briefing KSA ', 'BPS Kabupaten/Kota', '2024-01-16', NULL, NULL, 3, NULL, 1708243567, NULL),
(142, 'B', '138', '14000', 'VS.220', '2024', 'B-138/14000/VS.220/2024', 'Briefing KSA ', 'BPS Kabupaten/Kota', '2024-01-16', NULL, NULL, 3, NULL, 1708243578, NULL),
(143, 'B', '139', '14000', 'VS.220', '2024', 'B-139/14000/VS.220/2024', 'Pengantar Dokumen Pelatihan susenas dan Lapangan Seruti', 'Kepala BPS Kab/Kota', '2024-01-16', NULL, NULL, 3, NULL, 1708243596, NULL),
(144, 'B', '140', '14000', 'VS.220', '2024', 'B-140/14000/VS.220/2024', 'Jawaban Permintaan data pertumbuhan ekonomi ', 'Disnakertrans', '2024-01-16', NULL, NULL, 3, NULL, 1708243613, NULL),
(145, 'B', '141', '14000', 'VS.220', '2024', 'B-141/14000/VS.220/2024', 'Kegiatan Statistik Sosial Tahun 2024', 'Kepala BPS Kab/Kota', '2024-01-17', '1710744686.pdf', NULL, 3, 11, 1708243661, 1710744686),
(146, 'B', '142', '14000', 'VS.220', '2024', 'B-142/14000/VS.220/2024', 'Rekomendasi Kegiatan Statistik ', 'Kepala Dinas', '2024-01-17', NULL, NULL, 3, NULL, 1708243709, NULL),
(147, 'B', '143', '14000', 'VS.220', '2024', 'B-143/14000/VS.220/2024', 'Supervisi Pendataan Snlik 2024', 'Kepala BPS Kab/Kota', '2024-01-17', NULL, NULL, 3, NULL, 1708243757, NULL),
(148, 'B', '144', '14000', 'VS.220', '2024', 'B-144/14000/VS.220/2024', 'Penegasan Pelaksanaan SKTNP 2024', 'Kepala BPS Kab/Kota', '2024-01-17', NULL, NULL, 3, NULL, 1708243784, NULL),
(149, 'B', '145', '14000', 'VS.220', '2024', 'B-145/14000/VS.220/2024', 'Pengumpulan Data Kehutanan TW III Tahun 2024', 'Kepala Dinas Lingkungan Hidup', '2024-01-17', NULL, NULL, 3, NULL, 1708243814, NULL),
(150, 'B', '146', '14000', 'VS.220', '2024', 'B-146/14000/VS.220/2024', 'Permohonan Perpanjang Masa Berlaku Sertifikat BNT', 'Direktur Sistem Perbendaharaan', '2024-01-17', NULL, NULL, 3, NULL, 1708243833, NULL),
(151, 'B', '147', '14000', 'VS.220', '2024', 'B-147/14000/VS.220/2024', 'Usul Penetapan Kebutuhan Pengangkatan PJL Dalam Jabatan Fungsional Tahun 2024', 'BPS', '2024-01-17', NULL, NULL, 3, NULL, 1708243851, NULL),
(152, 'B', '148', '14000', 'VS.220', '2024', 'B-148/14000/VS.220/2024', 'Alokasi Dokumen SHPed HKD-1', 'Kepala BPS Kab/Kota', '2024-01-17', NULL, NULL, 3, NULL, 1708243871, NULL),
(153, 'B', '149', '14000', 'VS.220', '2024', 'B-149/14000/VS.220/2024', 'Rekomendasi Kegiatan Statistik ', 'Kepala Dinas SDM', '2024-01-18', NULL, NULL, 3, NULL, 1708243918, NULL),
(154, 'B', '150', '14000', 'VS.220', '2024', 'B-150/14000/VS.220/2024', 'Registrasi Semester II Tahun 2023/2024 TB S-1 UT', 'Kepala BPS Kab/Kota', '2024-01-18', NULL, NULL, 3, NULL, 1708243940, NULL),
(155, 'B', '151', '14000', 'VS.220', '2024', 'B-151/14000/VS.220/2024', 'Usulan Peserta Uji kompetensi fungsional Kepegawaian periode April 2024', 'Biro SDM', '2024-01-18', NULL, NULL, 3, NULL, 1708243970, NULL),
(156, 'B', '152', '14000', 'VS.220', '2024', 'B-152/14000/VS.220/2024', 'Usulan Penambahan segmen KSA', 'BPS', '2024-01-18', NULL, NULL, 3, NULL, 1708243988, NULL),
(157, 'B', '153', '14000', 'VS.220', '2024', 'B-153/14000/VS.220/2024', 'Penyampaian Hasil nda Sakernas', 'BPS', '2024-01-18', NULL, NULL, 3, NULL, 1708244007, NULL),
(158, 'B', '154', '14000', 'VS.220', '2024', 'B-154/14000/VS.220/2024', 'Permohonan ganti sampel penggilingan Beras (SHPBG) 2024', 'BPS', '2024-01-18', NULL, NULL, 3, NULL, 1708244022, NULL),
(159, 'B', '155', '14000', 'VS.220', '2024', 'B-155/14000/VS.220/2024', 'Persiapan Pembinaan Statistik Sektoral', 'Sekda Provinsi', '2024-01-18', NULL, NULL, 3, NULL, 1708244046, NULL),
(160, 'B', '156', '14000', 'VS.220', '2024', 'B-156/14000/VS.220/2024', 'Kegiatan di Bidang MIS', 'Kepala BPS Kab/Kota', '2024-01-18', NULL, NULL, 3, NULL, 1708244075, NULL),
(161, 'B', '157', '14000', 'VS.220', '2024', 'B-157/14000/VS.220/2024', 'Usulan penambahan segmen KSA Padi', 'BPS', '2024-01-18', NULL, NULL, 3, NULL, 1708244098, NULL),
(162, 'B', '158', '14000', 'VS.220', '2024', 'B-158/14000/VS.220/2024', 'Pengusulan dan Unggah Dokumen Calon Peneria Stya Lencana Karya Satya Tahun 2024', 'Kepala BPS Kab/Kota', '2024-01-18', NULL, NULL, 3, NULL, 1708244121, NULL),
(163, 'B', '159', '14000', 'VS.220', '2024', 'B-159/14000/VS.220/2024', 'Penyampaian Hasil Pelatihan Innas Susenas Maret dan Seruti TW I 2024', 'Kepala BPS Kab/Kota', '2024-01-19', NULL, NULL, 3, NULL, 1708244150, NULL),
(164, 'B', '160', '14000', 'VS.220', '2024', 'B-160/14000/VS.220/2024', 'Usul Tambahan Penetapan Kebutuhan Pengangkatan PJL Dalam Jabatan Fungsional Tahun 2024', 'BPS', '2024-01-19', NULL, NULL, 3, NULL, 1708244168, NULL),
(165, 'B', '161', '14000', 'VS.220', '2024', 'B-161/14000/VS.220/2024', 'Penyampaian Hasil Pelatihan PSS Tahap 2 Tahun 2024', 'Kepala BPS Kab/Kota', '2024-01-19', NULL, NULL, 3, NULL, 1708244195, NULL),
(166, 'B', '162', '14000', 'VS.220', '2024', 'B-162/14000/VS.220/2024', 'Penambahan tenaga innas pelatihan susennas Maret 2014', 'BPS', '2024-01-19', NULL, NULL, 3, NULL, 1708244219, NULL),
(167, 'B', '163', '14000', 'VS.220', '2024', 'B-163/14000/VS.220/2024', 'Pemberitahuan Kegiatan SPAK 2024 dan Podes 2024', 'Kepala BPS Kab/Kota', '2024-01-19', NULL, NULL, 3, NULL, 1708244238, NULL),
(168, 'B', '164', '14000', 'VS.220', '2024', 'B-164/14000/VS.220/2024', 'Permohonan Narsum Workshop kehumasan dan protokoler', 'BPS', '2024-01-19', NULL, NULL, 3, NULL, 1708244259, NULL),
(169, 'B', '165', '14000', 'VS.220', '2024', 'B-165/14000/VS.220/2024', 'Permohonan Narsum Workshop kehumasan dan protokoler', 'BPS', '2024-01-19', NULL, NULL, 3, NULL, 1708244273, NULL),
(170, 'B', '166', '14000', 'VS.220', '2024', 'B-166/14000/VS.220/2024', 'Permintaan Pemutusan Layanan Provider', 'Pimpinan PT Media Nusa', '2024-01-22', NULL, NULL, 3, NULL, 1708244409, NULL),
(171, 'B', '167', '14000', 'VS.220', '2024', 'B-167/14000/VS.220/2024', 'Tambahan usulan kenaikan pangkat Pegawai', 'BKN', '2024-01-22', NULL, NULL, 3, NULL, 1708244439, NULL),
(172, 'B', '168', '14000', 'VS.220', '2024', 'B-168/14000/VS.220/2024', 'Formulir kenaikan pangkat', 'BKN', '2024-01-22', NULL, NULL, 3, NULL, 1708244457, NULL),
(173, 'B', '169', '14000', 'VS.220', '2024', 'B-169/14000/VS.220/2024', 'Formulir kenaikan pangkat', 'BKN', '2024-01-22', NULL, NULL, 3, NULL, 1708244475, NULL),
(174, 'B', '170', '14000', 'VS.220', '2024', 'B-170/14000/VS.220/2024', 'Formulir kenaikan pangkat', 'BKN', '2024-01-22', NULL, NULL, 3, NULL, 1708244492, NULL),
(175, 'B', '171', '14000', 'VS.220', '2024', 'B-171/14000/VS.220/2024', 'Briefing KSA ', 'BPS Kabupaten/Kota', '2024-01-22', NULL, NULL, 3, NULL, 1708244508, NULL),
(176, 'B', '172', '14000', 'VS.220', '2024', 'B-172/14000/VS.220/2024', 'Usulan Calon TB', 'BPS', '2024-01-22', NULL, NULL, 3, NULL, 1708244534, NULL),
(177, 'B', '173', '14000', 'VS.220', '2024', 'B-173/14000/VS.220/2024', 'Usulan Calon TB', 'BPS', '2024-01-22', NULL, NULL, 3, NULL, 1708244548, NULL),
(178, 'B', '174', '14000', 'VS.220', '2024', 'B-174/14000/VS.220/2024', 'Usulan Calon TB', 'BPS', '2024-01-22', NULL, NULL, 3, NULL, 1708244563, NULL),
(179, 'B', '175', '14000', 'VS.220', '2024', 'B-175/14000/VS.220/2024', 'Usulan Calon TB', 'BPS', '2024-01-22', NULL, NULL, 3, NULL, 1708244577, NULL),
(180, 'B', '176', '14000', 'VS.220', '2024', 'B-176/14000/VS.220/2024', 'Usulan Calon TB', 'BPS', '2024-01-22', NULL, NULL, 3, NULL, 1708244590, NULL),
(181, 'B', '177', '14000', 'VS.220', '2024', 'B-177/14000/VS.220/2024', 'Usulan Calon TB', 'BPS', '2024-01-22', NULL, NULL, 3, NULL, 1708244607, NULL),
(182, 'B', '178', '14000', 'VS.220', '2024', 'B-178/14000/VS.220/2024', 'Pelaksanaan KSA Padi', 'BPS Kabupaten/Kota', '2024-01-22', NULL, NULL, 3, NULL, 1708244668, NULL),
(183, 'B', '179', '14000', 'VS.220', '2024', 'B-179/14000/VS.220/2024', 'Briefing KSA ', 'BPS', '2024-01-22', NULL, NULL, 3, NULL, 1708244691, NULL),
(184, 'B', '180', '14510', 'KP.900', '2024', 'B-180/14510/KP.900/2024', 'Surat Pernyataan Tidak terkena HD Hamsir', 'BKN', '2024-01-22', NULL, NULL, 3, 3, 1708244711, 1716772838),
(185, 'B', '181', '14510', 'KP.900', '2024', 'B-181/14510/KP.900/2024', 'Surat Pernyataan Tidak terkena Pidana Hamsir', 'BKN', '2024-01-22', NULL, NULL, 3, 3, 1708244728, 1716772866),
(186, 'B', '182', '14000', 'VS.220', '2024', 'B-182/14000/VS.220/2024', 'Briefing KSA ', 'BPS', '2024-01-22', NULL, NULL, 3, NULL, 1708244748, NULL),
(187, 'B', '183', '14000', 'VS.220', '2024', 'B-183/14000/VS.220/2024', 'Briefing KSA ', 'Kepala BPS Kab/Kota', '2024-01-22', NULL, NULL, 3, NULL, 1708244771, NULL),
(188, 'B', '184', '14000', 'VS.220', '2024', 'B-184/14000/VS.220/2024', 'Briefing KSA ', 'BPS Kabupaten/Kota', '2024-01-22', NULL, NULL, 3, NULL, 1708244786, NULL),
(189, 'B', '185', '14000', 'VS.220', '2024', 'B-185/14000/VS.220/2024', 'Pembatalan usulan Rekomendasi Pengangkatan Fungsional', 'BPS', '2024-01-22', NULL, NULL, 3, NULL, 1708244808, NULL),
(190, 'B', '186', '14000', 'VS.220', '2024', 'B-186/14000/VS.220/2024', 'Pembatalan Invoice bulan Januari 2024', 'Astra ', '2024-01-22', NULL, NULL, 3, NULL, 1708244830, NULL),
(191, 'B', '187', '14000', 'VS.220', '2024', 'B-187/14000/VS.220/2024', 'Surat Pengantar SK dan SKP', 'Kepala BPS Kab/Kota', '2024-01-23', NULL, NULL, 3, NULL, 1708244869, NULL),
(192, 'B', '188', '14000', 'VS.220', '2024', 'B-188/14000/VS.220/2024', 'Briefing KSA ', 'BPS Kabupaten/Kota', '2024-01-23', NULL, NULL, 3, NULL, 1708244884, NULL),
(193, 'B', '189', '14000', 'VS.220', '2024', 'B-189/14000/VS.220/2024', 'Usulan Calon TB', 'BPS', '2024-01-23', NULL, NULL, 3, NULL, 1708244900, NULL),
(194, 'B', '190', '14000', 'VS.220', '2024', 'B-190/14000/VS.220/2024', 'Briefing KSA ', 'BPS Kabupaten/Kota', '2024-01-24', NULL, NULL, 3, NULL, 1708244934, NULL),
(195, 'B', '191', '14000', 'VS.220', '2024', 'B-191/14000/VS.220/2024', 'Briefing KSA ', 'BPS Kabupaten/Kota', '2024-01-24', NULL, NULL, 3, NULL, 1708244957, NULL),
(196, 'B', '192', '14510', 'KP.900', '2024', 'B-192/14510/KP.900/2024', 'Surat Pernyataan Tidak terkena HD Mulianto', 'BKN', '2024-01-24', NULL, NULL, 3, 3, 1708245002, 1716772590),
(197, 'B', '193', '14510', 'KP.900', '2024', 'B-193/14510/KP.900/2024', 'Surat Pernyataan Tidak terkena Pidana Mulianto', 'BKN', '2024-01-24', NULL, NULL, 3, 3, 1708245017, 1716772562),
(198, 'B', '194', '14000', 'VS.220', '2024', 'B-194/14000/VS.220/2024', 'Briefing KSA ', 'BPS Kabupaten/Kota', '2024-01-24', NULL, NULL, 3, NULL, 1708245030, NULL),
(199, 'B', '195', '14000', 'VS.220', '2024', 'B-195/14000/VS.220/2024', 'Surat Pengantar SK Pensiun', 'BKN', '2024-01-24', NULL, NULL, 3, NULL, 1708245046, NULL),
(200, 'B', '196', '14000', 'VS.220', '2024', 'B-196/14000/VS.220/2024', 'Briefing KSA ', 'Kepala BPS Kab/Kota', '2024-01-25', NULL, NULL, 3, NULL, 1708245074, NULL),
(201, 'B', '197', '14000', 'VS.220', '2024', 'B-197/14000/VS.220/2024', 'Briefing KSA ', 'Kepala BPS Kab/Kota', '2024-01-25', NULL, NULL, 3, NULL, 1708245088, NULL),
(202, 'B', '198', '14000', 'VS.220', '2024', 'B-198/14000/VS.220/2024', 'Briefing KSA ', 'BPS', '2024-01-25', NULL, NULL, 3, NULL, 1708245105, NULL),
(203, 'B', '199', '14000', 'VS.220', '2024', 'B-199/14000/VS.220/2024', 'Briefing KSA ', 'BPS', '2024-01-25', NULL, NULL, 3, NULL, 1708245122, NULL),
(204, 'B', '200', '14000', 'VS.220', '2024', 'B-200/14000/VS.220/2024', 'Briefing KSA ', 'BPS Kabupaten/Kota', '2024-01-25', NULL, NULL, 3, NULL, 1708245140, NULL),
(205, 'B', '201', '14000', 'VS.220', '2024', 'B-201/14000/VS.220/2024', 'Briefing KSA ', 'BPS Kabupaten/Kota', '2024-01-25', NULL, NULL, 3, NULL, 1708245153, NULL),
(206, 'B', '202', '14000', 'VS.220', '2024', 'B-202/14000/VS.220/2024', 'Briefing KSA ', 'BNI', '2024-01-25', NULL, NULL, 3, NULL, 1708245176, NULL),
(207, 'B', '203', '14000', 'VS.220', '2024', 'B-203/14000/VS.220/2024', 'Briefing KSA ', 'Kepala Disnaker', '2024-01-25', NULL, NULL, 3, NULL, 1708245257, NULL),
(208, 'B', '204', '14000', 'VS.220', '2024', 'B-204/14000/VS.220/2024', 'Surat tidak mengadakan lelang', 'Inspektorat', '2024-01-25', NULL, NULL, 3, 3, 1708245275, 1708245284),
(209, 'B', '205', '14000', 'VS.220', '2024', 'B-205/14000/VS.220/2024', 'Briefing KSA ', 'Bapeda', '2024-01-25', NULL, NULL, 3, NULL, 1708245303, NULL),
(210, 'B', '206', '14000', 'VS.220', '2024', 'B-206/14000/VS.220/2024', 'Briefing KSA ', 'Dikominfo', '2024-01-25', NULL, NULL, 3, NULL, 1708245322, NULL),
(211, 'B', '207', '14000', 'VS.220', '2024', 'B-207/14000/VS.220/2024', 'Briefing KSA ', 'BPS Kabupaten/Kota', '2024-01-25', NULL, NULL, 3, NULL, 1708245342, NULL),
(212, 'B', '208', '14000', 'VS.220', '2024', 'B-208/14000/VS.220/2024', 'Briefing KSA ', 'Kepala BPS Kab/Kota', '2024-01-26', NULL, NULL, 3, NULL, 1708245363, NULL),
(213, 'B', '209', '14000', 'VS.220', '2024', 'B-209/14000/VS.220/2024', 'Penghapusan Data PLKUMKM', 'BPS', '2024-01-26', NULL, NULL, 3, NULL, 1708245393, NULL),
(214, 'B', '210', '14000', 'VS.220', '2024', 'B-210/14000/VS.220/2024', 'Briefing KSA ', 'Kepala BPS Kab/Kota', '2024-01-26', NULL, NULL, 3, NULL, 1708245420, NULL),
(215, 'B', '211', '14000', 'VS.220', '2024', 'B-211/14000/VS.220/2024', 'Briefing KSA ', 'BPS', '2024-01-26', NULL, NULL, 3, NULL, 1708245441, NULL),
(216, 'B', '212', '14000', 'VS.220', '2024', 'B-212/14000/VS.220/2024', 'Briefing KSA ', 'Kepala BPS Kab/Kota', '2024-01-26', NULL, NULL, 3, NULL, 1708245467, NULL),
(217, 'B', '213', '14000', 'VS.220', '2024', 'B-213/14000/VS.220/2024', 'Briefing KSA ', 'KPPN', '2024-01-26', NULL, NULL, 3, NULL, 1708245487, NULL),
(218, 'B', '214', '14000', 'VS.220', '2024', 'B-214/14000/VS.220/2024', 'Sertifikasi Petugas dan Pengumpulan Data RH dan KSK SUSENAS Maret 2024', 'Kepala BPS Kab/Kota', '2024-01-29', NULL, NULL, 3, NULL, 1708245568, NULL),
(219, 'B', '215', '14000', 'VS.220', '2024', 'B-215/14000/VS.220/2024', 'Rapat Penetapan PK', 'Kepala BPS Kab/Kota', '2024-01-29', NULL, NULL, 3, NULL, 1708245588, NULL),
(220, 'B', '216', '14000', 'VS.220', '2024', 'B-216/14000/VS.220/2024', 'Surat Permohonan Saksi Pelantikan', 'Kanwil Kemenag', '2024-01-29', NULL, NULL, 3, NULL, 1708245607, NULL),
(221, 'B', '217', '14000', 'VS.220', '2024', 'B-217/14000/VS.220/2024', 'Rapat Penetapan PK', 'Kepala BPS Kab/Kota', '2024-01-29', NULL, NULL, 3, NULL, 1708245628, NULL),
(222, 'B', '218', '14000', 'VS.220', '2024', 'B-218/14000/VS.220/2024', 'BAP PEnghpusan Barang', 'KPKNL', '2024-01-29', NULL, NULL, 3, NULL, 1708245647, NULL),
(223, 'B', '219', '14000', 'VS.220', '2024', 'B-219/14000/VS.220/2024', 'Revisi Pokja SNILK', 'Dit Kesra', '2024-01-29', NULL, NULL, 3, NULL, 1708245673, NULL),
(224, 'B', '220', '14000', 'VS.220', '2024', 'B-220/14000/VS.220/2024', 'Surat Pengantar', 'BPS', '2024-01-30', NULL, NULL, 3, NULL, 1708245767, NULL),
(225, 'B', '221', '14000', 'VS.220', '2024', 'B-221/14000/VS.220/2024', 'Surat Pernyataan', 'BPS Kota Pekanbaru ', '2024-01-30', NULL, NULL, 3, NULL, 1708245795, NULL),
(226, 'B', '222', '14000', 'VS.220', '2024', 'B-222/14000/VS.220/2024', 'Persiapan Rilis Inflasi', 'Kepala BPS Kab/Kota', '2024-01-30', NULL, NULL, 3, NULL, 1708245828, NULL),
(227, 'B', '223', '14000', 'VS.220', '2024', 'B-223/14000/VS.220/2024', 'Rekomendasi Persetujuan Penghapusan', 'KPKNL', '2024-01-30', NULL, NULL, 3, NULL, 1708245855, NULL),
(228, 'B', '224', '14000', 'VS.220', '2024', 'B-224/14000/VS.220/2024', 'Rekomendasi Persetujuan Penghapusan', 'KPKNL', '2024-01-30', NULL, NULL, 3, NULL, 1708245874, NULL),
(229, 'B', '225', '14000', 'VS.220', '2024', 'B-225/14000/VS.220/2024', 'Rekomendasi Persetujuan Penghapusan', 'KPKNL', '2024-01-30', NULL, NULL, 3, NULL, 1708245901, NULL),
(230, 'B', '226', '14000', 'VS.220', '2024', 'B-226/14000/VS.220/2024', 'Rekomendasi Persetujuan Penghapusan', 'KPKNL', '2024-01-30', NULL, NULL, 3, NULL, 1708245925, NULL),
(231, 'B', '227', '14000', 'VS.220', '2024', 'B-227/14000/VS.220/2024', 'Rekomendasi Persetujuan Penghapusan', 'KPKNL', '2024-01-30', NULL, NULL, 3, NULL, 1708245943, NULL),
(232, 'B', '228', '14000', 'VS.220', '2024', 'B-228/14000/VS.220/2024', 'BA Ambasador', 'Kepala BPS Prov', '2024-01-30', NULL, NULL, 3, NULL, 1708245981, NULL),
(233, 'B', '229', '14000', 'VS.220', '2024', 'B-229/14000/VS.220/2024', 'Briefing KSA ', 'BPS Kabupaten/Kota', '2024-01-31', NULL, NULL, 3, NULL, 1708246014, NULL),
(234, 'B', '230', '14000', 'VS.220', '2024', 'B-230/14000/VS.220/2024', 'Briefing KSA ', 'BPS Kabupaten/Kota', '2024-01-31', NULL, NULL, 3, NULL, 1708246060, NULL),
(235, 'B', '231', '14000', 'VS.220', '2024', 'B-231/14000/VS.220/2024', 'Briefing KSA ', 'BPS Kabupaten/Kota', '2024-01-31', NULL, NULL, 3, NULL, 1708246072, NULL),
(236, 'B', '232', '14000', 'VS.220', '2024', 'B-232/14000/VS.220/2024', 'Briefing KSA ', 'BPS Kabupaten/Kota', '2024-02-01', NULL, NULL, 3, NULL, 1708246089, NULL),
(237, 'B', '233', '14000', 'VS.220', '2024', 'B-233/14000/VS.220/2024', 'Briefing KSA ', 'BPS Kabupaten/Kota', '2024-02-01', NULL, NULL, 3, NULL, 1708246103, NULL),
(238, 'B', '234', '14000', 'VS.220', '2024', 'B-234/14000/VS.220/2024', 'Briefing KSA ', 'BPS Kabupaten/Kota', '2024-02-01', NULL, NULL, 3, NULL, 1708246114, NULL),
(239, 'B', '235', '14000', 'VS.220', '2024', 'B-235/14000/VS.220/2024', 'Briefing KSA ', 'BPS Kabupaten/Kota', '2024-02-01', NULL, NULL, 3, NULL, 1708246133, NULL),
(240, 'B', '236', '14000', 'VS.220', '2024', 'B-236/14000/VS.220/2024', 'Briefing KSA ', 'BPS Kabupaten/Kota', '2024-02-01', NULL, NULL, 3, NULL, 1708246156, NULL),
(241, 'B', '237', '14000', 'VS.220', '2024', 'B-237/14000/VS.220/2024', 'Briefing KSA ', 'BPS Kabupaten/Kota', '2024-02-01', NULL, NULL, 3, NULL, 1708246169, NULL),
(242, 'B', '238', '14000', 'VS.220', '2024', 'B-238/14000/VS.220/2024', 'Briefing KSA ', 'BPS Kabupaten/Kota', '2024-02-01', NULL, NULL, 3, NULL, 1708246183, NULL),
(243, 'B', '239', '14000', 'VS.220', '2024', 'B-239/14000/VS.220/2024', 'Briefing KSA ', 'BPS Kabupaten/Kota', '2024-02-02', NULL, NULL, 3, NULL, 1708246645, NULL),
(244, 'B', '240', '14000', 'VS.220', '2024', 'B-240/14000/VS.220/2024', 'Briefing KSA ', 'BPS Kabupaten/Kota', '2024-02-02', NULL, NULL, 3, NULL, 1708246665, NULL),
(245, 'B', '241', '14000', 'VS.220', '2024', 'B-241/14000/VS.220/2024', 'Briefing KSA ', 'BPS Kabupaten/Kota', '2024-02-02', NULL, NULL, 3, NULL, 1708246679, NULL),
(246, 'B', '242', '14000', 'VS.220', '2024', 'B-242/14000/VS.220/2024', 'Briefing KSA ', 'BPS Kabupaten/Kota', '2024-02-02', NULL, NULL, 3, NULL, 1708246694, NULL),
(247, 'B', '243', '14000', 'VS.220', '2024', 'B-243/14000/VS.220/2024', 'Briefing KSA ', 'BPS Kabupaten/Kota', '2024-02-02', NULL, NULL, 3, NULL, 1708246707, NULL),
(248, 'B', '244', '14000', 'VS.220', '2024', 'B-244/14000/VS.220/2024', 'Surat Pengantar Pengiriman LPJ Bendahara Penerimaan bulan Januari 2024', 'KPPN', '2024-02-02', NULL, NULL, 3, NULL, 1708246749, NULL),
(249, 'B', '245', '14000', 'VS.220', '2024', 'B-245/14000/VS.220/2024', 'Briefing KSA ', 'BPS Kabupaten/Kota', '2024-02-05', NULL, NULL, 3, NULL, 1708246861, NULL),
(250, 'B', '246', '14000', 'VS.220', '2024', 'B-246/14000/VS.220/2024', 'Briefing KSA ', 'BPS Kabupaten/Kota', '2024-02-05', NULL, NULL, 3, NULL, 1708246904, NULL),
(251, 'B', '247', '14000', 'VS.220', '2024', 'B-247/14000/VS.220/2024', 'Briefing KSA ', 'KPPN', '2024-02-05', NULL, NULL, 3, NULL, 1708246926, NULL),
(252, 'B', '248', '14000', 'VS.220', '2024', 'B-248/14000/VS.220/2024', 'Briefing KSA ', 'KPPN', '2024-02-05', NULL, NULL, 3, NULL, 1708246939, NULL),
(253, 'B', '249', '14000', 'VS.220', '2024', 'B-249/14000/VS.220/2024', 'Briefing KSA ', 'KPPN', '2024-02-05', NULL, NULL, 3, NULL, 1708246953, NULL),
(254, 'B', '250', '14000', 'VS.220', '2024', 'B-250/14000/VS.220/2024', 'Surat pengantar Berkas Pelantikan PNS dan JF', 'Kepala BPS Kab/Kota', '2024-02-05', NULL, NULL, 3, NULL, 1708246976, NULL),
(255, 'B', '251', '14000', 'VS.220', '2024', 'B-251/14000/VS.220/2024', 'Surat Pernyataan Permindok S-10', 'Inspektorat', '2024-02-05', NULL, NULL, 3, NULL, 1708247010, NULL),
(256, 'B', '252', '14000', 'VS.220', '2024', 'B-252/14000/VS.220/2024', 'KGB a.n Fitri,S.Si,M.E', 'KPPN', '2024-02-05', NULL, NULL, 3, NULL, 1708247031, NULL),
(257, 'B', '253', '14000', 'VS.220', '2024', 'B-253/14000/VS.220/2024', 'KGB a.n Dian Nitari', 'KPPN', '2024-02-05', NULL, NULL, 3, NULL, 1708247045, NULL),
(258, 'B', '254', '14000', 'VS.220', '2024', 'B-254/14000/VS.220/2024', 'Briefing KSA ', 'BPS Kabupaten/Kota', '2024-02-05', NULL, NULL, 3, NULL, 1708247056, NULL),
(259, 'B', '255', '14000', 'VS.220', '2024', 'B-255/14000/VS.220/2024', 'Briefing KSA ', 'BPS Kabupaten/Kota', '2024-02-05', NULL, NULL, 3, NULL, 1708247075, NULL),
(260, 'B', '256', '14000', 'VS.220', '2024', 'B-256/14000/VS.220/2024', 'Briefing KSA ', 'BPS Kabupaten/Kota', '2024-02-06', NULL, NULL, 3, NULL, 1708247139, NULL),
(261, 'B', '257', '14000', 'VS.220', '2024', 'B-257/14000/VS.220/2024', 'Permasalahan Pegawai', 'BPS RI', '2024-02-06', NULL, NULL, 3, NULL, 1708247161, NULL),
(262, 'B', '258', '14000', 'VS.220', '2024', 'B-258/14000/VS.220/2024', 'Briefing KSA ', 'BPS Kabupaten/Kota', '2024-02-06', NULL, NULL, 3, NULL, 1708247181, NULL),
(263, 'B', '259', '14000', 'VS.220', '2024', 'B-259/14000/VS.220/2024', 'Briefing KSA ', 'BPS Kabupaten/Kota', '2024-02-07', NULL, NULL, 3, NULL, 1708247232, NULL),
(264, 'B', '260', '14000', 'VS.220', '2024', 'B-260/14000/VS.220/2024', 'Briefing KSA ', 'BPS Kabupaten/Kota', '2024-02-07', NULL, NULL, 3, NULL, 1708247244, NULL),
(265, 'B', '261', '14000', 'VS.220', '2024', 'B-261/14000/VS.220/2024', 'Briefing KSA ', 'BPS Kabupaten/Kota', '2024-02-07', NULL, NULL, 3, NULL, 1708247261, NULL),
(266, 'B', '262', '14000', 'VS.220', '2024', 'B-262/14000/VS.220/2024', 'Rilis 15 Februari 2024', 'Gubernur dan OPD', '2024-02-07', NULL, NULL, 3, NULL, 1708247295, NULL),
(267, 'B', '263', '14000', 'VS.220', '2024', 'B-263/14000/VS.220/2024', 'Permohonan Pindah', 'BPS', '2024-02-07', NULL, NULL, 3, NULL, 1708247327, NULL),
(268, 'B', '264', '14000', 'VS.220', '2024', 'B-264/14000/VS.220/2024', 'Permohonan Pindah', 'BPS', '2024-02-07', NULL, NULL, 3, NULL, 1708247348, NULL),
(269, 'B', '265', '14000', 'VS.220', '2024', 'B-265/14000/VS.220/2024', 'Permohonan Pindah', 'BPS', '2024-02-07', NULL, NULL, 3, NULL, 1708247370, NULL),
(270, 'B', '266', '14000', 'VS.220', '2024', 'B-266/14000/VS.220/2024', 'Permohonan Pindah', 'BPS', '2024-02-07', NULL, NULL, 3, NULL, 1708247390, NULL),
(271, 'B', '267', '14000', 'VS.220', '2024', 'B-267/14000/VS.220/2024', 'Usulan Calon Penerima Tanda Kehormatan SKS Tahun 2024', 'Kepala Biro SDM BPS', '2024-02-07', NULL, NULL, 3, NULL, 1708247419, NULL),
(272, 'B', '268', '14000', 'VS.220', '2024', 'B-268/14000/VS.220/2024', 'Statistik Harga', 'KPPN', '2024-02-07', NULL, NULL, 3, NULL, 1708247456, NULL),
(273, 'B', '269', '14000', 'VS.220', '2024', 'B-269/14000/VS.220/2024', 'Angket kegiatan ', 'Kepala BPS Kab/Kota', '2024-02-12', NULL, NULL, 3, NULL, 1708247559, NULL),
(274, 'B', '270', '14000', 'VS.220', '2024', 'B-270/14000/VS.220/2024', 'Pencantuman Gelar an Ahmad Jais', 'BPS RI, Biro SDMBPS RI, Biro SDM', '2024-02-12', NULL, NULL, 3, NULL, 1708247578, NULL),
(275, 'B', '271', '14000', 'VS.220', '2024', 'B-271/14000/VS.220/2024', 'Permintaan Data', 'Sekda Prov', '2024-02-12', NULL, NULL, 3, NULL, 1708247643, NULL),
(276, 'B', '272', '14000', 'VS.220', '2024', 'B-272/14000/VS.220/2024', 'Monitoring ARC', 'Kepala BPS Kab/Kota', '2024-02-12', NULL, NULL, 3, NULL, 1708247669, NULL),
(277, 'B', '273', '14000', 'VS.220', '2024', 'B-273/14000/VS.220/2024', 'Persiapan Pelatihan EPSS', 'Kepala BPS Kab/Kota', '2024-02-12', NULL, NULL, 3, NULL, 1708247687, NULL),
(278, 'B', '274', '14000', 'VS.220', '2024', 'B-274/14000/VS.220/2024', 'Briefing KSA ', 'BPS Kabupaten/Kota', '2024-02-13', NULL, NULL, 3, NULL, 1708247700, NULL),
(279, 'B', '275', '14000', 'VS.220', '2024', 'B-275/14000/VS.220/2024', 'Briefing KSA ', 'BPS Kabupaten/Kota', '2024-02-13', NULL, NULL, 3, NULL, 1708247715, NULL),
(280, 'B', '276', '14000', 'VS.220', '2024', 'B-276/14000/VS.220/2024', 'Pengisian Quality Gates', 'Kepala BPS Kab/Kota', '2024-02-13', NULL, NULL, 3, NULL, 1708247743, NULL),
(281, 'B', '277', '14000', 'VS.220', '2024', 'B-277/14000/VS.220/2024', 'Briefing KSA ', 'BPS Kabupaten/Kota', '2024-02-13', NULL, NULL, 3, NULL, 1708247764, NULL),
(282, 'B', '278', '14000', 'VS.220', '2024', 'B-278/14000/VS.220/2024', 'Briefing KSA ', 'BPS Kabupaten/Kota', '2024-02-13', NULL, NULL, 3, NULL, 1708247781, NULL),
(283, 'B', '279', '14000', 'KP.611', '2024', 'B-279/14000/KP.611/2024', 'Usulan Pembuatan Karsu ', 'BKN', '2024-02-13', NULL, NULL, 3, 3, 1708247815, 1708249158),
(284, 'B', '280', '14000', 'VS.220', '2024', 'B-280/14000/VS.220/2024', 'Briefing KSA ', 'BPS Kabupaten/Kota', '2024-02-13', NULL, NULL, 3, NULL, 1708247834, NULL),
(285, 'B', '281', '14000', 'KP.611', '2024', 'B-281/14000/KP.611/2024', 'Usulan Pembuatan Karsu ', 'BKN', '2024-02-15', NULL, NULL, 3, 3, 1708247865, 1708249142),
(286, 'B', '282', '14000', 'VS.220', '2024', 'B-282/14000/VS.220/2024', 'Briefing KSA ', 'BPS Kabupaten/Kota', '2024-02-15', NULL, NULL, 3, NULL, 1708247888, NULL),
(287, 'B', '283', '14000', 'VS.220', '2024', 'B-283/14000/VS.220/2024', 'Briefing KSA ', 'BPS Kabupaten/Kota', '2024-02-15', NULL, NULL, 3, NULL, 1708247917, NULL),
(288, 'B', '284', '14000', 'KP.611', '2024', 'B-284/14000/KP.611/2024', 'Usulan Pembuatan Karsu ', 'BKN', '2024-02-15', NULL, NULL, 3, 3, 1708247937, 1708249121),
(289, 'B', '285', '14000', 'KP.611', '2024', 'B-285/14000/KP.611/2024', 'Usulan Pembuatan Karsu ', 'BKN', '2024-02-15', NULL, NULL, 3, 3, 1708247955, 1708249102),
(290, 'B', '286', '14000', 'KU.300', '2024', 'B-286/14000/KU.300/2024', 'Monitoring Laporan Penerimaan Dokumen SPI Kab/kota', 'Kepala BPS Kab/Kota', '2024-02-15', NULL, NULL, 3, NULL, 1708248001, NULL),
(291, 'B', '287', '14000', 'VS.220', '2024', 'B-287/14000/VS.220/2024', 'Briefing KSA ', 'BPS Kabupaten/Kota', '2024-02-16', NULL, NULL, 3, NULL, 1708248018, NULL),
(292, 'B', '288', '14000', 'VS.220', '2024', 'B-288/14000/VS.220/2024', 'Briefing KSA ', 'BPS Kabupaten/Kota', '2024-02-16', NULL, NULL, 3, NULL, 1708248031, NULL);
INSERT INTO `dbo_dinas_keluar` (`id`, `akses`, `nomor`, `fungsi`, `klasifikasi`, `tahun`, `nomor_naskah`, `perihal`, `tujuan`, `tanggal`, `file`, `keterangan`, `user_create`, `user_update`, `create_at`, `update_at`) VALUES
(293, 'B', '289', '14000', 'VS.220', '2024', 'B-289/14000/VS.220/2024', 'Briefing KSA ', 'BPS Kabupaten/Kota', '2024-02-16', NULL, NULL, 3, NULL, 1708248043, NULL),
(294, 'B', '290', '14000', 'VS.220', '2024', 'B-290/14000/VS.220/2024', 'Briefing KSA ', 'BPS Kabupaten/Kota', '2024-02-16', NULL, NULL, 3, NULL, 1708248068, NULL),
(295, 'B', '291', '14000', 'VS.220', '2024', 'B-291/14000/VS.220/2024', 'Usulan Calon Peserta Diklat Prakom', 'BKN', '2024-02-16', NULL, NULL, 3, NULL, 1708248087, NULL),
(296, 'B', '292', '14000', 'VS.220', '2024', 'B-292/14000/VS.220/2024', 'Surat Pernyataan', 'KPPN', '2024-02-16', NULL, NULL, 3, NULL, 1708248109, NULL),
(297, 'B', '293', '14000', 'VS.220', '2024', 'B-293/14000/VS.220/2024', 'Koordinat Usulan Penambahan Segmen KSA Padi Februari 2024', 'MIS BPS', '2024-02-16', NULL, NULL, 3, NULL, 1708248144, NULL),
(298, 'B', '294', '14000', 'VS.220', '2024', 'B-294/14000/VS.220/2024', 'Pengantar Sertikfikasi Apresiasi Tim EPSS 2023', 'BPS', '2024-02-16', NULL, NULL, 3, 3, 1708248164, 1708248207),
(299, 'B', '295', '14000', 'VS.220', '2024', 'B-295/14000/VS.220/2024', 'Briefing KSA ', 'BPS Kabupaten/Kota', '2024-02-16', NULL, NULL, 3, NULL, 1708248221, NULL),
(300, 'B', '296', '14000', 'VS.220', '2024', 'B-296/14000/VS.220/2024', 'Briefing KSA ', 'BPS Kabupaten/Kota', '2024-02-16', NULL, NULL, 3, NULL, 1708248235, NULL),
(301, 'B', '297', '14000', 'VS.220', '2024', 'B-297/14000/VS.220/2024', 'Surat Pengantar SKKP Periode Februari 2024', 'Kepala BPS Kab/Kota', '2024-02-16', NULL, NULL, 3, NULL, 1708248259, NULL),
(302, 'B', '298', '14000', 'VS.630', '2024', 'B-298/14000/VS.630/2024', 'Surat Persetujuan Naskah Siap Rilis', 'Direktur Diseminasi Statistik Badan Pusat Statistik', '2024-03-07', NULL, 'Surat Persetujuan Naskah Siap Rilis Publikasi Inflasi Triwulanan (Q to Q) Gabungan 3 Kota di Provinsi Riau Triwulan IV 2023', 11, 12, 1708309561, 1709794165),
(303, 'B', '299', '14000', 'KP.600', '2024', 'B-299/14000/KP.600/2024', 'Surat Pengantar SKP Tahun 2023', 'BPS Provinsi Sumatera Utara', '2024-02-19', NULL, NULL, 3, NULL, 1708315067, NULL),
(304, 'B', '300', '14000', 'KU.300', '2024', 'B-300/14000/KU.300/2024', 'Surat Pernyataan Tidak Ada Data Seleksi Mitra Unduhan dari Aplikasi SOBAT', 'Inspektorat', '2024-02-19', NULL, NULL, 3, 3, 1708316078, 1708316741),
(305, 'B', '301', '14000', 'HM.310', '2024', 'B-301/14000/HM.310/2024', 'Peminjaman halaman Parkir UNRI', 'Rektor Universitas Riau', '2024-02-20', NULL, 'Sari', 3, NULL, 1708392899, NULL),
(306, 'B', '302', '14000', 'VS.630', '2024', 'B-302/14000/VS.630/2024', 'Persetujuan Rilis BRS ', 'Direktur Diseminasi Statistik BPS ', '2024-02-20', NULL, 'Erika', 3, NULL, 1708394317, NULL),
(307, 'B', '303', '14000', 'KU.300', '2024', 'B-303/14000/KU.300/2024', 'Surat Pernyataan Tidak Memiliki Data Penugasan PAPI Unduhan dari Aplikasi SOBAT', 'Inspektorat', '2024-02-20', NULL, NULL, 3, NULL, 1708396029, NULL),
(308, 'B', '304', '14000', 'VS.190', '2024', 'B-304/14000/VS.190/2024', 'Permohonan Menjadi Narasumber', 'Dinas/Instansi', '2024-02-20', NULL, NULL, 3, NULL, 1708396529, NULL),
(309, 'B', '305', '14000', 'KP.330', '2024', 'B-305/14000/KP.330/2024', 'Usulan Pembuatan Karis/Karsu', 'Kepala BKN Regional XII', '2024-02-20', NULL, NULL, 3, NULL, 1708401633, NULL),
(310, 'B', '306', '14000', 'KP.330', '2024', 'B-306/14000/KP.330/2024', 'Usulan Pembuatan Karis/Karsu ', 'Kepala BKN Regional XII', '2024-02-20', NULL, NULL, 3, NULL, 1708401688, NULL),
(311, 'B', '307', '14000', 'KP.330', '2024', 'B-307/14000/KP.330/2024', 'Usulan Pembuatan Karis/Karsu ', 'Kepala BKN Regional XII', '2024-02-20', NULL, NULL, 3, NULL, 1708401731, NULL),
(312, 'B', '308', '14000', 'KP.330', '2024', 'B-308/14000/KP.330/2024', 'Usulan Pembuatan Karis/Karsu ', 'Kepala BKN Regional XII', '2024-02-20', NULL, NULL, 3, NULL, 1708401764, NULL),
(313, 'B', '309', '14000', 'KP.330', '2024', 'B-309/14000/KP.330/2024', 'Usulan Pembuatan Karis/Karsu ', 'Kepala BKN Regional XII', '2024-02-20', NULL, NULL, 3, NULL, 1708401786, NULL),
(314, 'B', '310', '14000', 'KP.330', '2024', 'B-310/14000/KP.330/2024', 'Usulan Pembuatan Karis/Karsu ', 'Kepala BKN Regional XII', '2024-02-20', NULL, NULL, 3, NULL, 1708401806, NULL),
(315, 'B', '311', '14000', 'KP.330', '2024', 'B-311/14000/KP.330/2024', 'Usulan Pembuatan Karis/Karsu ', 'Kepala BKN Regional XII', '2024-02-20', NULL, NULL, 3, NULL, 1708401824, NULL),
(316, 'B', '312', '14000', 'KP.330', '2024', 'B-312/14000/KP.330/2024', 'Usulan Pembuatan Karis/Karsu ', 'Kepala BKN Regional XII', '2024-02-20', NULL, NULL, 3, NULL, 1708401842, NULL),
(317, 'B', '313', '14000', 'KP.330', '2024', 'B-313/14000/KP.330/2024', 'Usulan Pembuatan Karis/Karsu ', 'Kepala BKN Regional XII', '2024-02-20', NULL, NULL, 3, NULL, 1708401859, NULL),
(318, 'B', '314', '14000', 'KP.330', '2024', 'B-314/14000/KP.330/2024', 'Usulan Pembuatan Karis/Karsu ', 'Kepala BKN Regional XII', '2024-02-20', NULL, NULL, 3, NULL, 1708401881, NULL),
(319, 'B', '315', '14000', 'KP.330', '2024', 'B-315/14000/KP.330/2024', 'Usulan Pembuatan Karis/Karsu ', 'Kepala BKN Regional XII', '2024-02-20', NULL, NULL, 3, NULL, 1708401905, NULL),
(320, 'B', '316', '14000', 'PS.100', '2024', 'B-316/14000/PS.100/2024', 'Permohonan Menjadi Narasumber', 'Terlampir', '2024-02-20', NULL, 'Ayu', 3, NULL, 1708405731, NULL),
(321, 'B', '317', '14000', 'KP.330', '2024', 'B-317/14000/KP.330/2024', 'Pengiriman KKP Jabatan Fungsional', 'Misfarudi', '2024-02-20', NULL, 'orin', 3, NULL, 1708412302, NULL),
(322, 'B', '318', '14000', 'KP.630', '2024', 'B-318/14000/KP.630/2024', 'Surat Pengantar SK PNS dan SK Fungsional', 'BPS Kab/Kota', '2024-02-22', NULL, NULL, 3, NULL, 1708565471, NULL),
(323, 'B', '319', '14000', 'PL.611', '2024', 'B-319/14000/PL.611/2024', 'Surat Pengantar Pengiriman LK Wilayah Unaudited 2023', 'DJPB Riau', '2024-02-22', NULL, NULL, 3, NULL, 1708591548, NULL),
(324, 'B', '320', '14000', 'KU.500', '2024', 'B-320/14000/KU.500/2024', 'Penyampaian LK Tahunan 2023 uNAUDITED', 'KPPN Pekanbaru', '2024-02-23', NULL, '-', 3, NULL, 1708651747, NULL),
(325, 'B', '321', '14510', 'KP.330', '2024', 'B-321/14510/KP.330/2024', 'Usulan Pembuatan Karis/Karsu ', 'Kepala BKN Regional XII', '2024-02-23', NULL, NULL, 3, 3, 1708653553, 1708653573),
(326, 'B', '322', '14510', 'KP.330', '2024', 'B-322/14510/KP.330/2024', 'Usulan Pembuatan Karis/Karsu', 'Kepala BKN Regional XII', '2024-02-23', NULL, NULL, 3, NULL, 1708653622, NULL),
(327, 'B', '323', '14510', 'KP.330', '2024', 'B-323/14510/KP.330/2024', 'Usulan Pembuatan Karis/Karsu', 'Kepala BKN Regional XII', '2024-02-23', NULL, NULL, 3, NULL, 1708653652, NULL),
(328, 'B', '324', '14510', 'KP.320', '2024', 'B-324/14510/KP.320/2024', 'Usulan Uji Kompetensi Asisten Statistisi, Statistisi dan Pranata Komputer  Lingkungan BPS Provinsi Riau', 'Biro SDM BPS', '2024-02-23', NULL, NULL, 3, 3, 1708654003, 1708654030),
(329, 'B', '325', '14560', 'KP.200', '2024', 'B-325/14560/KP.200/2024', 'Penambahan Nama Mitra ke Dalam Kepka 2024', 'Biro Perencanaan', '2024-02-23', NULL, NULL, 2, NULL, 1708670058, NULL),
(330, 'B', '326', '14510', 'KP.200', '2024', 'B-326/14510/KP.200/2024', 'Surat Keterangan Telah Melakukan Praktik Kerja a.n. Ghaitsa', 'UIN Suska Riau', '2024-02-23', NULL, NULL, 3, 3, 1708674664, 1708674720),
(331, 'B', '327', '14000', 'VS.630', '2024', 'B-327/14000/VS.630/2024', 'Rilis Bersama BRS 1 Maret 2024', 'Gubernur Riau', '2024-02-26', NULL, NULL, 2, NULL, 1708917627, NULL),
(332, 'R', '328', '14000', 'KP.500', '2024', 'R-328/14000/KP.500/2024', 'Naskah Soal Seleksi Kompetensi Bidang CPNS', 'Kepala Biro SDM BPS RI', '2024-02-26', NULL, NULL, 3, 3, 1708929280, 1708931795),
(333, 'B', '329', '14000', 'KP.500', '2024', 'B-329/14000/KP.500/2024', 'Permohonan Penangguhan Keberangkatan  Pindah Kerja Pegawai an. Sarah Sholikhatun  Risma,SST, M.Stat', 'Kepala BPS Provinsi Banten', '2024-02-27', NULL, NULL, 3, NULL, 1709009926, NULL),
(334, 'B', '330', '14000', 'KP.600', '2024', 'B-330/14000/KP.600/2024', 'Surat Pengantar SKPK PPPK', 'Kepala Biro SDM BPS', '2024-02-27', NULL, NULL, 3, NULL, 1709016510, NULL),
(335, 'B', '331', '14000', 'HM.310', '2024', 'B-331/14000/HM.310/2024', 'Penyampaian nama Tim Penyusun DIKPLHD Provinsi Riau Tahun 2024', 'Dinas Lingkungan Hidup dan Kehutanan Provinsi Riau', '2024-02-28', NULL, NULL, 11, NULL, 1709083095, NULL),
(336, 'B', '332', '14000', 'KP.500', '2024', 'B-332/14000/KP.500/2024', 'Balasan atas Penawaran Pindah Kerja  a.n. Deki Sukmaringga, S.Si, M.E.', 'Kepala Biro SDM', '2024-02-28', NULL, NULL, 3, NULL, 1709084138, NULL),
(337, 'B', '333', '14550', 'VS.220', '2024', 'B-333/14550/VS.220/2024', 'Surat Pemanggilan Peserta Pelatihan Petugas Survei Khusus Direktorat Neraca Produksi (SKDNP) 2024', 'Kepala BPS Kabupaten/Kota se-Provinsi Riau', '2024-02-28', NULL, NULL, 14, 14, 1709084402, 1709084416),
(338, 'B', '334', '14000', 'KP.600', '2024', 'B-334/14000/KP.600/2024', 'Surat Pengantar berkas tanggapan  penyelesaian masalah M. Thoyib', 'Kepala Biro SDM BPS', '2024-02-28', NULL, NULL, 3, NULL, 1709093656, NULL),
(339, 'B', '335', '14000', 'KP.630.jj', '2024', 'B-335/14000/KP.630.jj/2024', 'Kenaikan Gaji Berkala a.n Achmad Sobari', 'Kepala KPPN Pekanbaru', '2024-02-28', NULL, NULL, 3, 3, 1709103029, 1709103343),
(340, 'B', '336', '14000', 'KP.630.jj', '2024', 'B-336/14000/KP.630.jj/2024', 'Kenaikan Gaji Berkala A.n Ajid Hajiji', 'Kepala KPPN Pekanbaru', '2024-02-28', NULL, NULL, 3, 3, 1709103131, 1709103327),
(341, 'B', '337', '14000', 'KP.630.jj', '2024', 'B-337/14000/KP.630.jj/2024', 'Kenaikan Gaji Berkala a.n Emilia Dharmayanthi', 'Kepala KPPN Pekanbaru', '2024-02-28', NULL, NULL, 3, 3, 1709103185, 1709103317),
(342, 'B', '338', '14000', 'KP.630.jj', '2024', 'B-338/14000/KP.630.jj/2024', 'Kenaikan Gaji Berkala a.n Fitri Hariyanti', 'Kepala KPPN Pekanbaru', '2024-02-28', NULL, NULL, 3, 3, 1709103223, 1709103306),
(343, 'B', '339', '14000', 'KP.630.jj', '2024', 'B-339/14000/KP.630.jj/2024', 'Kenaikan Gaji Berkala a.n Juliaty Tambunan', 'Kepala KPPN Pekanbaru', '2024-02-28', NULL, NULL, 3, 3, 1709103250, 1709103294),
(344, 'B', '340', '14000', 'KP.630.jj', '2024', 'B-340/14000/KP.630.jj/2024', 'Kenaikan Gaji Berkala a.n Meita Komalasari', 'Kepala KPPN Pekanbaru', '2024-02-28', NULL, NULL, 3, NULL, 1709103390, NULL),
(345, 'B', '341', '14000', 'KP.630', '2024', 'B-341/14000/KP.630/2024', 'Surat Pengantar SK PNS dan SK Fungsional an. Annisa Fitriani', 'BPS Kab. Indragiri Hilir', '2024-02-28', NULL, NULL, 3, NULL, 1709105291, NULL),
(346, 'B', '342', '14000', 'VS.100', '2024', 'B-342/14000/VS.100/2024', 'Hasil Identifikasi DSBS SPAK 2024', 'Direktur Pengembangan Metodologi Sensus dan Survei', '2024-02-29', NULL, NULL, 2, NULL, 1709197715, NULL),
(347, 'B', '343', '14000', 'VS.220', '2024', 'B-343/14000/VS.220/2024', 'Pemberitahuan Pelaksanaan Pelatihan Petugas Lapangan Survei Perilaku Anti Korupsi Tahun 2024', 'Kepala BPS Kabupaten Indragiri Hulu, Kepala BPS Kabupaten Siak, Kepala BPS Kabupaten Rokan Hulu, Kepala BPS Kabupaten Kepulauan Meranti', '2024-03-01', NULL, NULL, 11, NULL, 1709254886, NULL),
(348, 'B', '344', '14000', 'HM.310', '2024', 'B-344/14000/HM.310/2024', 'Peningkatan Kualitas Penyelenggaraan Statistik Sektoral', 'Gubernur Riau', '2024-03-01', NULL, '-', 2, 2, 1709259891, 1709260042),
(349, 'B', '345', '14510', 'KP.630', '2024', 'B-345/14510/KP.630/2024', 'Surat Pengantar SK Pindah TMT Maret 2024', 'BPS Kabupaten Kota', '2024-03-01', NULL, NULL, 3, 3, 1709259981, 1709260007),
(350, 'B', '346', '14000', 'HM.310', '2024', 'B-346/14000/HM.310/2024', 'Coaching EPSS Tahap 1 Provinsi Riau', 'OPD', '2024-03-01', NULL, NULL, 2, NULL, 1709260909, NULL),
(351, 'B', '347', '14000', 'PL.611', '2024', 'B-347/14000/PL.611/2024', 'SPJ SNLIK Kab. Pelalawan', 'Direktur Statistik Kesejahteraan Rakyat  Badan Pusat Statistik Gedung 5 Lantai 2  Jl. dr Sutomo No. 6-8 Jakarta Pusat 10710 ', '2024-03-01', NULL, NULL, 3, NULL, 1709264624, NULL),
(352, 'B', '348', '14000', 'PL.611', '2024', 'B-348/14000/PL.611/2024', 'SPJ SNLIK Kab. Rokan Hulu ', 'Direktur Statistik Kesejahteraan Rakyat  Badan Pusat Statistik Gedung 5 Lantai 2  Jl. dr Sutomo No. 6-8 Jakarta Pusat 10710 ', '2024-03-01', NULL, NULL, 3, NULL, 1709264661, NULL),
(353, 'B', '349', '14000', 'PL.611', '2024', 'B-349/14000/PL.611/2024', 'SPJ SNLIK Kab. Kuansing dan Kep. Meranti', 'Direktur Statistik Kesejahteraan Rakyat  Badan Pusat Statistik Gedung 5 Lantai 2  Jl. dr Sutomo No. 6-8 Jakarta Pusat 10710 ', '2024-03-01', NULL, NULL, 3, NULL, 1709264711, NULL),
(354, 'B', '350', '14000', 'PL.611', '2024', 'B-350/14000/PL.611/2024', 'SPJ SNLIK BPS Provinsi Riau', 'Direktur Statistik Kesejahteraan Rakyat  Badan Pusat Statistik Gedung 5 Lantai 2  Jl. dr Sutomo No. 6-8 Jakarta Pusat 10710 ', '2024-03-01', NULL, NULL, 3, NULL, 1709265005, NULL),
(356, 'B', '351', '14000', 'VS.330', '2024', 'B-351/14000/VS.330/2024', 'Permintaan Data Direktori Kehutanan', 'Kepala Dinas LHK', '2024-02-04', NULL, NULL, 13, NULL, 1709521508, NULL),
(357, 'B', '352', '14000', 'VS.320', '2024', 'B-352/14000/VS.320/2024', 'Penyusunan Master Responden  SHPed Tahun 2024', 'BPS Kabupaten', '2024-03-04', NULL, NULL, 12, NULL, 1709528813, NULL),
(358, 'B', '353', '14510', 'KP.200', '2024', 'B-353/14510/KP.200/2024', 'Balasan Permohonan Pelaksanaan Kegiatan MBKM', 'Universitas Riau', '2024-03-04', NULL, NULL, 3, NULL, 1709531235, NULL),
(359, 'B', '354', '14000', 'VS.630', '2024', 'B-354/14000/VS.630/2024', 'Surat Persetujuan Naskah Siap Rilis', 'Direktur Diseminasi Statistik Badan Pusat Statistik', '2024-03-04', NULL, 'Surat Persetujuan Naskah Siap Rilis Publikasi Selayang Pandang Kesejahteraan Rakyat Provinsi Riau Tahun 2023', 12, NULL, 1709541759, NULL),
(360, 'B', '355', '14510', 'KP.510', '2024', 'B-355/14510/KP.510/2024', 'Permohonan Penangguhan Keberangkatan  Pindah Kerja Pegawai an. Marsalena Eka Putri', 'Kepala BPS Provinsi Sumatera Barat', '2024-03-04', NULL, NULL, 3, NULL, 1709541926, NULL),
(361, 'B', '356', '14000', 'PL.900', '2024', 'B-356/14000/PL.900/2024', 'Surat Kuasa Pengurusan Pajak', 'Samsat', '2024-03-04', NULL, 'Yosita Rosi', 3, 3, 1709543527, 1712287534),
(362, 'B', '357', '14510', 'KP.630', '2024', 'B-357/14510/KP.630/2024', 'Surat Pengantar Berkas Pelantikan P3K 2024', 'BPS Kabupaten Kota', '2024-03-05', NULL, NULL, 3, NULL, 1709608351, NULL),
(363, 'B', '358', '14000', 'DL.010', '2024', 'B-358/14000/DL.010/2024', 'Analisis Kebutuhan Diklat Pegawai BPS se-Provinsi Riau', 'Seluruh Pegawai BPS se-Provinsi Riau', '2024-03-05', NULL, NULL, 3, NULL, 1709609083, NULL),
(364, 'B', '359', '14550', 'SS.360', '2024', 'B-359/14550/SS.360/2024', 'Workshop Admin Quality Gates Kab/Kota di Wilayah Provinsi Riau Tahun 2024', 'Undangan Terlampir', '2024-03-05', NULL, NULL, 14, 14, 1709625583, 1709628710),
(365, 'B', '360', '14520', 'VS.430', '2024', 'B-360/14520/VS.430/2024', 'Pemutakhiran Data Rentang Harga Susenas Maret 2024', 'Kepala BPS kabupaten/kota se-Provinsi Riau', '2024-03-05', NULL, NULL, 11, NULL, 1709628215, NULL),
(366, 'B', '361', '14510', 'KP.510', '2024', 'B-361/14510/KP.510/2024', 'Permohonan Penangguhan Keberangkatan Pindah Kerja Pegawai an. Azmen', 'Kepala BPS Provinsi Sumatera Barat', '2024-03-05', NULL, NULL, 3, NULL, 1709693846, NULL),
(367, 'B', '362', '14510', 'KP.510', '2024', 'B-362/14510/KP.510/2024', 'Permohonan Penangguhan Keberangkatan Pindah Kerja Pegawai an. Lalu', 'Kepala BPS Provinsi Sumatera Barat', '2024-03-05', NULL, NULL, 3, 3, 1709699736, 1709699782),
(368, 'B', '363', '14510', 'KP.510', '2024', 'B-363/14510/KP.510/2024', 'Permohonan Penangguhan Keberangkatan Pindah Kerja Pegawai an. Yesi', 'Kepala BPS Provinsi Sumatera Barat', '2024-03-05', NULL, NULL, 3, NULL, 1709699834, NULL),
(369, 'B', '364', '14560', 'VS.630', '2024', 'B-364/14560/VS.630/2024', 'Monitoring Rilis ARC Publikasi dan Update BRS di Website', 'Kepala BPS KabKota', '2024-03-06', NULL, '-', 2, NULL, 1709703612, NULL),
(370, 'B', '365', '14550', 'KS.000', '2024', 'B-365/14550/KS.000/2024', 'Konfirmasi Hasil Penghitungan IPG dan IKG Kabupaten/Kota Se-Provinsi Riau Tahun 2023', 'Kepala BPS Kab/Kota se Riau', '2024-03-06', NULL, NULL, 14, 14, 1709713548, 1709714126),
(371, 'B', '366', '14000', 'PL.810', '2024', 'B-366/14000/PL.810/2024', 'Surat Pengantar Bukti fisik lelang', 'KPKNL Pekanbaru', '2024-03-07', NULL, NULL, 3, NULL, 1709783021, NULL),
(372, 'B', '367', '14000', 'PL.810', '2024', 'B-367/14000/PL.810/2024', 'Surat Pengantar Bukti fisik lelang', 'KPKNL Pekanbaru', '2024-03-07', NULL, NULL, 3, NULL, 1709783040, NULL),
(373, 'B', '368', '14530', 'VS.220', '2024', 'B-368/14530/VS.220/2024', 'Paket Meeting SKDNP', 'Keuangan', '2024-03-07', NULL, NULL, 14, NULL, 1709785789, NULL),
(374, 'B', '369', '14510', 'KP.510', '2024', 'B-369/14510/KP.510/2024', 'Permohonan Penangguhan Keberangkatan Pindah Kerja Pegawai an. Mujahid', 'Kepala BPS Provinsi Sumatera Barat', '2024-03-07', NULL, NULL, 3, NULL, 1709794798, NULL),
(375, 'B', '370', '14000', 'PW.100', '2024', 'B-370/14000/PW.100/2024', 'Surat Pengantar Piagam Penghargaan Satker WBK', 'Kepala BPS Kabupaten Pelalawan', '2024-03-07', '1709801980.pdf', NULL, 3, 3, 1709800329, 1709801980),
(376, 'B', '371', '14000', 'PL.611', '2024', 'B-371/14000/PL.611/2024', 'SPJ SNLIK Kab. Kuansing', 'Direktur Statistik Kesejahteraan Rakyat  Badan Pusat Statistik Gedung 5 Lantai 2  Jl. dr Sutomo No. 6-8 Jakarta Pusat 10710 ', '2024-03-07', NULL, NULL, 3, NULL, 1709800629, NULL),
(377, 'B', '372', '14000', 'KU.300', '2024', 'B-372/14000/KU.300/2024', 'Surat Pengantar LPJ Bendahara', 'KPPN', '2024-03-08', NULL, NULL, 3, NULL, 1709863258, NULL),
(378, 'B', '373', '14000', 'VS.100', '2024', 'B-373/14000/VS.100/2024', 'Petunjuk Teknis Kegiatan Direktorat Statistik Industri', 'Kepala BPS Kabupaten/Kota se-Provinsi Riau', '2024-03-13', NULL, NULL, 13, NULL, 1710292851, NULL),
(379, 'B', '374', '14000', 'VS.100', '2024', 'B-374/14000/VS.100/2024', 'Penggantian Inda Podes 2024', 'Direktur Statistik Ketahanan Sosial BPS', '2024-03-13', NULL, NULL, 11, NULL, 1710293151, NULL),
(380, 'B', '375', '14000', 'KS.000', '2024', 'B-375/14000/KS.000/2024', 'Tindak Lanjut FGD Persiapan Pendataan Podes 2024', 'Kepala Diskominfotik Provinsi Riau', '2024-03-13', NULL, NULL, 11, NULL, 1710295482, NULL),
(381, 'B', '376', '14000', 'PL.611', '2024', 'B-376/14000/PL.611/2024', 'SPJ SNLIK Kab. Kep Meranti dan Perbikan Rekap BPS Provinsi', 'Direktur Statistik Kesejahteraan Rakyat  Badan Pusat Statistik Gedung 5 Lantai 2  Jl. dr Sutomo No. 6-8 Jakarta Pusat 10710 ', '2024-03-13', NULL, NULL, 3, NULL, 1710316351, NULL),
(382, 'B', '377', '14000', 'DL.230', '2024', 'B-377/14000/DL.230/2024', 'Penggantian Peserta Pelatihan Evaluasi Penyelenggaraan Statistik Sektoral Tahun 2024', 'Direktur Diseminasi Statistik BPS', '2024-03-13', NULL, NULL, 11, 11, 1710317967, 1710318066),
(383, 'B', '378', '14000', 'VS.150', '2024', 'B-378/14000/VS.150/2024', 'Pelaksanaan Survei Statistik Keuangan Tahun 2024', 'Kepala BPS Kabupaten/Kota se-Provinsi Riau', '2024-03-14', NULL, NULL, 12, 12, 1710382569, 1710382635),
(384, 'B', '379', '14000', 'KP.330', '2024', 'B-379/14000/KP.330/2024', 'Pengumpulan RK dan IKI pegawai pada SKP Tahun 2024', 'Pegawai BPS se-Provinsi Riau', '2024-03-14', NULL, NULL, 3, NULL, 1710386019, NULL),
(385, 'B', '380', '14000', 'PL.810', '2024', 'B-380/14000/PL.810/2024', 'Berita acara penyerahan barang lelang meubeler ', '-', '2024-03-14', NULL, NULL, 3, NULL, 1710400859, NULL),
(386, 'B', '381', '14000', 'PL.810', '2024', 'B-381/14000/PL.810/2024', 'Berita acara penyerahan barang lelang publikasi', '-', '2024-03-14', NULL, NULL, 3, NULL, 1710400877, NULL),
(387, 'B', '382', '14000', 'PR.010', '2024', 'B-382/14000/PR.010/2024', 'Permohonan Persetujuan Usulan Revisi Anggaran TA 2023 BPS Se-Provinsi Riau', 'Sekretaris Utama Badan Pusat Statistik', '2024-03-14', NULL, 'Permohonan Persetujuan Usulan Revisi Anggaran TA 2023 BPS Se-Provinsi Riau Kegiatan ICP', 3, NULL, 1710401663, NULL),
(388, 'B', '383', '14000', 'KP.200', '2024', 'B-383/14000/KP.200/2024', 'Surat Keterangan Selesai PKL a.n Dewi', 'UIN Suska Riau', '2024-03-15', NULL, NULL, 3, 3, 1710465656, 1710465673),
(389, 'B', '384', '14000', 'KP.200', '2024', 'B-384/14000/KP.200/2024', 'Surat Keterangan Selesai PKL a.n Nurlaili', 'UIN Suska Riau', '2024-03-15', NULL, NULL, 3, NULL, 1710465784, NULL),
(390, 'B', '385', '14000', 'HM.030', '2024', 'B-385/14000/HM.030/2024', 'Permohonan Audiensi Danrem 031/Wirabima', 'Danrem 031/Wirabima', '2024-03-15', NULL, NULL, 3, NULL, 1710466361, NULL),
(391, 'B', '386', '14000', 'KP.540', '2024', 'B-386/14000/KP.540/2024', 'Surat usulan KP Periode Juni 2024 BPS Provinsi Riau', 'Biro SDM', '2024-03-15', NULL, NULL, 3, 3, 1710466505, 1710466598),
(392, 'B', '387', '14000', 'KP.200', '2024', 'B-387/14000/KP.200/2024', 'Balasan Permohonan Praktik Kerja Industri (PRAKERIN) ', 'SMK Multi Mekanik Masmur', '2024-03-15', NULL, NULL, 3, NULL, 1710467567, NULL),
(394, 'B', '388', '14000', 'PL.611', '2024', 'B-388/14000/PL.611/2024', 'SPJ SNLIK Kab. Pelalawan', 'Direktur Statistik Kesejahteraan Rakyat  Badan Pusat Statistik Gedung 5 Lantai 2  Jl. dr Sutomo No. 6-8 Jakarta Pusat 10710 ', '2024-03-15', NULL, NULL, 3, NULL, 1710471567, NULL),
(395, 'B', '389', '14000', 'VS.200', '2024', 'B-389/14000/VS.200/2024', 'Persiapan Pendataan Podes 2024', 'BPS Kabupaten/Kota se-Provinsi Riau', '2024-03-15', NULL, NULL, 11, NULL, 1710472525, NULL),
(396, 'B', '390', '14000', 'VS.400', '2024', 'B-390/14000/VS.400/2024', 'Monitoring Survei Statistik Produski Bulan Februari 2024', 'Kepala BPS Kabupaten/Kota se-Provinsi Riau', '2024-03-15', NULL, NULL, 13, NULL, 1710473336, NULL),
(397, 'B', '391', '14000', 'PL.611', '2024', 'B-391/14000/PL.611/2024', 'Pengembalian BAST Persediaan', 'Kepala Biro Umum BPS RI', '2024-03-15', NULL, NULL, 3, NULL, 1710478436, NULL),
(398, 'B', '392', '14000', 'KP.540', '2024', 'B-392/14000/KP.540/2024', 'Usulan SK KP Juni 2024', 'Biro SDM', '2024-03-15', NULL, NULL, 3, 3, 1710726714, 1710728273),
(399, 'B', '393', '14000', 'KP.540', '2024', 'B-393/14000/KP.540/2024', 'Usulan SK KP Juni 2024', 'Biro SDM', '2024-03-15', NULL, NULL, 3, 3, 1710726741, 1710728263),
(400, 'B', '394', '14000', 'KP.540', '2024', 'B-394/14000/KP.540/2024', 'Usulan SK KP Juni 2024', 'Biro SDM', '2024-03-15', NULL, NULL, 3, 3, 1710726766, 1710728252),
(401, 'B', '395', '14000', 'KP.540', '2024', 'B-395/14000/KP.540/2024', 'Usulan SK KP Juni 2024', 'Biro SDM', '2024-03-15', NULL, NULL, 3, 3, 1710726782, 1710728242),
(402, 'B', '396', '14540', 'VS.320', '2024', 'B-396/14540/VS.320/2024', 'Permohonan Penggantian Sampel Penggilingan Padi untuk Survei Harga Produsen Beras di Penggilinagn (SHPBG) 2024', 'Direktur Statistik Harga BPS RI Up. Ketua Tim Statistik Harga Produsen', '2024-03-18', '1710732615.pdf', 'Masih Draf', 12, NULL, 1710732615, NULL),
(403, 'B', '397', '14000', 'VS.630', '2024', 'B-397/14000/VS.630/2024', 'Surat Persetujuan Naskah Siap Rilis', 'Direktur Diseminasi Statistik Badan Pusat Statistik', '2024-03-18', NULL, NULL, 13, NULL, 1710734335, NULL),
(404, 'B', '398', '14000', 'VS.220', '2024', 'B-398/14000/VS.220/2024', 'Pemanggilan Peserta Pelatihan Petugas Survei Perilaku Anti Korupsi (SPAK) 2024', 'Kepala BPS Kabupaten Indragiri Hulu, Kepala BPS Kabupaten Siak, Kepala BPS Kabupaten Rokan Hulu, Kepala BPS Kabupaten Kepulauan Meranti', '2024-03-18', NULL, NULL, 11, NULL, 1710735877, NULL),
(405, 'B', '399', '14000', 'VS.100', '2024', 'B-399/14000/VS.100/2024', 'Updating DPP UTL', 'BPS Kab/Kota', '2024-03-18', NULL, NULL, 13, NULL, 1710736512, NULL),
(406, 'B', '400', '14000', 'KA.110', '2024', 'B-400/14000/KA.110/2024', 'Surat keluar', 'Agung Toyota', '2024-03-18', NULL, NULL, 3, NULL, 1710738258, NULL),
(407, 'B', '401', '14510', 'KP.320', '2024', 'B-401/14510/KP.320/2024', 'Calon Peserta Computer Assisted Competency Test (CACT)  Badan Kepegawaian Negara (BKN) BPS Provinsi Riau', 'Kepala Biro SDM', '2024-03-18', NULL, NULL, 3, NULL, 1710738708, NULL),
(408, 'B', '402', '14000', 'KU.300', '2024', 'B-402/14000/KU.300/2024', 'Penonaktifan Supplier Tipe Pegawai a.n Sarah Solikhatun Risma', 'KPPN', '2024-03-18', NULL, NULL, 3, NULL, 1710739510, NULL),
(409, 'B', '403', '14510', 'KP.630', '2024', 'B-403/14510/KP.630/2024', 'SK Pengangkatan pegawai P3K ', 'BPS Kabupaten Kota', '2024-03-18', NULL, NULL, 3, 3, 1710746091, 1710746134),
(410, 'B', '404', '14550', 'VS.220', '2024', 'B-404/14550/VS.220/2024', 'Surat Pengiriman DSPU dan DSPP SKSJ, SKNP, dan SKTNP 2024', 'BPS Kabupaten/Kota', '2024-03-19', NULL, NULL, 14, 14, 1710810566, 1710810716),
(411, 'B', '405', '14000', 'PL.810', '2024', 'B-405/14000/PL.810/2024', 'Surat Pengantar Berkas Fisik Permohonan Penghapusan Barang Milik Negara berupa selain tanah/bangunan Pada BPS Provinsi Riau dengan nomor permohonan  B-227/14000/PL.810/2024 tanggal 30 Januari 2024', 'KPKNL Pekanbaru', '2024-03-19', NULL, NULL, 3, NULL, 1710812965, NULL),
(412, 'B', '406', '14550', 'KS.200', '2024', 'B-406/14550/KS.200/2024', 'Surat Persetujuan Naskah Siap Rilis Publikasi Overview Perekonomian dan Sosial Provinsi Riau 2023', 'Direktur Diseminasi Statistik', '2024-03-19', NULL, NULL, 14, NULL, 1710819685, NULL),
(413, 'B', '407', '14000', 'VS.190', '2024', 'B-407/14000/VS.190/2024', 'Jadwal Kegiatan Statistik Distribusi 2024', 'Kepala BPS Kabupaten/Kota se-Provinsi Riau', '2024-03-19', NULL, NULL, 12, NULL, 1710837163, NULL),
(414, 'B', '408', '14510', 'KP.500', '2024', 'B-408/14510/KP.500/2024', 'Penempatan Penawaran Pindah Pegawai', 'Biro SDM', '2024-03-20', NULL, NULL, 3, 3, 1710903742, 1710904131),
(415, 'B', '409', '14000', 'VS.630', '2024', 'B-409/14000/VS.630/2024', 'Rilis Bersama BRS 1 April 2024', 'Gubernur Riau', '2024-03-20', NULL, NULL, 2, NULL, 1710904454, NULL),
(416, 'B', '410', '14000', 'PL.611', '2024', 'B-410/14000/PL.611/2024', 'SPJ Perbaikan Kab. Rokan Hulu dan Kep. Meranti', 'Direktur Statistik Kesejahteraan Rakyat  Badan Pusat Statistik Gedung 5 Lantai 2  Jl. dr Sutomo No. 6-8 Jakarta Pusat 10710 ', '2024-03-20', NULL, NULL, 3, NULL, 1710907600, NULL),
(417, 'B', '411', '14000', 'VS.540', '2024', 'B-411/14000/VS.540/2024', 'Pengiriman Alat Uji SHPBG dan SHPG', 'Kepala kabupaten Kota', '2024-03-20', NULL, NULL, 3, NULL, 1710908784, NULL),
(420, 'B', '412', '14000', 'VS.100', '2024', 'B-412/14000/VS.100/2024', 'Usulan Penambahan Sampel Cadangan Ubinan Padi SR1 2024', 'Metodologi', '2024-03-20', NULL, NULL, 13, NULL, 1710921920, NULL),
(422, 'B', '414', '14000', 'kp.320', '2024', 'B-414/14000/kp.320/2024', 'Berita Acara Ukom Statistisi dan Prakom Maret2024', 'Biro SDM BPS', '2024-03-21', NULL, NULL, 3, NULL, 1711011985, NULL),
(423, 'B', '415', '14000', 'KP.600', '2024', 'B-415/14000/KP.600/2024', 'Surat Pengantar Berkas Penggantian Biaya Pindah', 'Biro Keuangan BPS', '2024-03-22', NULL, NULL, 3, NULL, 1711070701, NULL),
(424, 'B', '416', '14000', 'PL.611', '2024', 'B-416/14000/PL.611/2024', 'SPJ SNLIK Kab. Kep Meranti', 'Direktur Statistik Kesejahteraan Rakyat  Badan Pusat Statistik Gedung 5 Lantai 2  Jl. dr Sutomo No. 6-8 Jakarta Pusat 10710 ', '2024-03-22', NULL, NULL, 3, NULL, 1711071274, NULL),
(425, 'B', '417', '14000', 'KS.100', '2024', 'B-417/14000/KS.100/2024', 'Permohonan Raw Data Susenas Maret 2023', 'BPS Kabupaten Siak', '2024-03-22', NULL, NULL, 2, NULL, 1711081230, NULL),
(426, 'B', '418', '14000', 'PW.110', '2024', 'B-418/14000/PW.110/2024', 'Penilaian Pembangunan Zona Integritas Satuan Kerja Berpredikat Menuju WBK/WBBM Tahun 2024', 'Kepala BPS Kab/Kota se-Riau', '2024-03-22', NULL, NULL, 3, NULL, 1711082863, NULL),
(427, 'B', '419', '14000', 'KS.200', '2024', 'B-419/14000/KS.200/2024', 'SURAT PERSETUJUAN NASKAH SIAP RILIS', 'Direktur Diseminasi Statistik Badan Pusat Statistik', '2024-03-22', NULL, 'SURAT PERSETUJUAN NASKAH SIAP RILIS', 11, NULL, 1711091330, NULL),
(428, 'B', '420', '14000', 'KS.200', '2024', 'B-420/14000/KS.200/2024', 'BERITA ACARA SERAH TERIMA SOFTCOPY PUBLIKASI FINAL', 'Ketua Tim IPDS', '2024-03-22', NULL, 'BERITA ACARA SERAH TERIMA SOFTCOPY PUBLIKASI FINAL', 11, NULL, 1711091388, NULL),
(429, 'B', '421', '14550', 'VS.220', '2024', 'B-421/14550/VS.220/2024', 'Permintaan Data Dalam Rangka Penyusunan PDRB Triwulan I 2024', 'K/L/D/I', '2024-03-25', NULL, NULL, 14, 14, 1711328255, 1711334286),
(430, 'B', '422', '14000', 'VS.025', '2024', 'B-422/14000/VS.025/2024', 'Pemutakhiran Master Wilkerstat 2024 Semester 1 dan Persiapan Updating EA SLS', 'BPS Kabupaten/Kota', '2024-03-25', NULL, NULL, 2, NULL, 1711330853, NULL),
(431, 'B', '423', '14550', 'KS.200', '2024', 'B-423/14550/KS.200/2024', 'Surat Persetujuan Rilis Publikasi PDRB Provinsi Riau Menurut Lapangan Usaha dan Pengeluaran 2019-2023', 'Direktur Diseminasi Statistik BPS RI', '2024-03-25', NULL, NULL, 14, NULL, 1711334378, NULL),
(432, 'B', '424', '14000', 'VS.100', '2024', 'B-424/14000/VS.100/2024', 'Pelaksanaan Kegiatan Survei Ekonomi Pertanian (SEP) 2024', 'Kepala BPS Kab/Kota', '2024-03-25', NULL, NULL, 13, NULL, 1711336814, NULL),
(433, 'B', '425', '14550', 'KS.100', '2024', 'B-425/14550/KS.100/2024', ' Pengiriman Angka Final IPG Kabupaten/Kota se-Provinsi Riau Tahun 2023', 'Kepala BPS Kabupaten/Kota se-Provinsi Riau', '2024-03-25', NULL, NULL, 14, NULL, 1711347738, NULL),
(434, 'B', '426', '14550', 'VS.610', '2024', 'B-426/14550/VS.610/2024', 'BERITA ACARA SERAH TERIMA DATA FINAL IPG 2023', 'BPS Kuansing', '2024-03-25', NULL, NULL, 14, NULL, 1711350013, NULL),
(435, 'B', '427', '14550', 'VS.610', '2024', 'B-427/14550/VS.610/2024', 'BERITA ACARA SERAH TERIMA DATA FINAL IPG 2023', 'BPS Inhu', '2024-03-25', NULL, NULL, 14, NULL, 1711350089, NULL),
(436, 'B', '428', '14000', 'VS.610', '2024', 'B-428/14000/VS.610/2024', 'BERITA ACARA SERAH TERIMA DATA FINAL IPG 2023', 'BPS Inhil', '2024-03-25', NULL, NULL, 14, NULL, 1711350126, NULL),
(437, 'B', '429', '14550', 'VS.610', '2024', 'B-429/14550/VS.610/2024', 'BERITA ACARA SERAH TERIMA DATA FINAL IPG 2023', 'BPS Pelalawan', '2024-03-25', NULL, NULL, 14, NULL, 1711350164, NULL),
(438, 'B', '430', '14550', 'VS.610', '2024', 'B-430/14550/VS.610/2024', 'BERITA ACARA SERAH TERIMA DATA FINAL IPG 2023', 'BPS Siak', '2024-03-25', NULL, NULL, 14, NULL, 1711350200, NULL),
(439, 'B', '431', '14550', 'VS.610', '2024', 'B-431/14550/VS.610/2024', 'BERITA ACARA SERAH TERIMA DATA FINAL IPG 2023', 'BPS Kampar', '2024-03-25', NULL, NULL, 14, NULL, 1711350251, NULL),
(440, 'B', '432', '14550', 'VS.610', '2024', 'B-432/14550/VS.610/2024', 'BERITA ACARA SERAH TERIMA DATA FINAL IPG 2023', 'BPS Rohul', '2024-03-25', NULL, NULL, 14, NULL, 1711350279, NULL),
(441, 'B', '433', '14550', 'VS.610', '2024', 'B-433/14550/VS.610/2024', 'BERITA ACARA SERAH TERIMA DATA FINAL IPG 2023', 'BPS Bengkalis', '2024-03-25', NULL, NULL, 14, NULL, 1711350337, NULL),
(442, 'B', '434', '14550', 'VS.610', '2024', 'B-434/14550/VS.610/2024', 'BERITA ACARA SERAH TERIMA DATA FINAL IPG 2023', 'BPS Rohil', '2024-03-25', NULL, NULL, 14, NULL, 1711350385, NULL),
(443, 'B', '435', '14550', 'VS.610', '2024', 'B-435/14550/VS.610/2024', 'BERITA ACARA SERAH TERIMA DATA FINAL IPG 2023', 'BPS Kep. Meranti', '2024-03-25', NULL, NULL, 14, NULL, 1711350418, NULL),
(444, 'B', '436', '14550', 'VS.610', '2024', 'B-436/14550/VS.610/2024', 'BERITA ACARA SERAH TERIMA DATA FINAL IPG 2023', 'BPS Pekanbaru', '2024-03-25', NULL, NULL, 14, NULL, 1711350446, NULL),
(445, 'B', '437', '14550', 'VS.610', '2024', 'B-437/14550/VS.610/2024', 'BERITA ACARA SERAH TERIMA DATA FINAL IPG 2023', 'BPS Dumai', '2024-03-25', NULL, NULL, 14, NULL, 1711350476, NULL),
(446, 'B', '438', '14510', 'KS.200', '2024', 'B-438/14510/KS.200/2024', 'Surat Persetujuan Naskah Siap Rilis (Laporan Kinerja 2023)', 'Direktur Diseminasi Statistik BPS', '2024-03-25', NULL, NULL, 3, NULL, 1711352934, NULL),
(447, 'B', '439', '14000', 'VS.220', '2024', 'B-439/14000/VS.220/2024', 'Undangan Briefing IMK Triwulan I 2024', 'Kepala BPS Kabupaten/Kota se-Provinsi Riau', '2024-03-25', NULL, NULL, 13, NULL, 1711354735, NULL),
(448, 'B', '440', '14000', 'VS.210', '2024', 'B-440/14000/VS.210/2024', 'Surat Pelaksanaan STKU 2024', 'Kepala Kabupaten Kota', '2024-03-26', NULL, NULL, 12, NULL, 1711417831, NULL),
(449, 'B', '441', '14000', 'VS.220', '2024', 'B-441/14000/VS.220/2024', 'Surat Permintaan Data Dalam Rangka Penghitungan PDRB TW I 2024', 'K/L/D/I', '2024-03-26', NULL, 'Permintaan Data Dalam Rangka Penghitungan PDRB TW I 2024', 14, 14, 1711421372, 1711421426),
(450, 'B', '442', '14000', 'KP.310', '2024', 'B-442/14000/KP.310/2024', 'Pemberitahuan Proses Pemberian Izin  Tugas Belajar Calon Penerima Beasiswa LPDP', 'Direktur LPDP', '2024-03-26', NULL, NULL, 3, NULL, 1711424516, NULL),
(451, 'B', '443', '14000', 'KP.610', '2024', 'B-443/14000/KP.610/2024', 'Usulan Perbaikan Karis Eisman', 'Kepala BKN Regional XII', '2024-03-26', NULL, NULL, 3, NULL, 1711425140, NULL),
(452, 'B', '444', '14000', 'KP.610', '2024', 'B-444/14000/KP.610/2024', 'Usulan Penggantian Kartu Suami dari  Eka Yanti', 'Kepala BKN Regional XII', '2024-03-26', NULL, NULL, 3, NULL, 1711425170, NULL),
(453, 'B', '445', '14000', 'VS.220', '2024', 'B-445/14000/VS.220/2024', 'Undangan Pelatihan Petugas STKU 2024', 'Kepala BPS Kabupaten/Kota se-Provinsi Riau', '2024-03-26', NULL, NULL, 12, NULL, 1711439770, NULL),
(454, 'B', '446', '14000', 'KA.110', '2024', 'B-446/14000/KA.110/2024', 'Surat Kuasa Pengurusan Pajak', 'SAMSAT', '2024-03-27', NULL, NULL, 3, NULL, 1711501336, NULL),
(455, 'B', '447', '14000', 'VS.200', '2024', 'B-447/14000/VS.200/2024', 'Bahan Pelatihan dan QG Podes 2024', 'Kepala BPS Kabupaten/Kota se-Provinsi Riau', '2024-03-27', NULL, NULL, 11, NULL, 1711501603, NULL),
(456, 'B', '448', '14000', 'HK.300', '2024', 'B-448/14000/HK.300/2024', 'Imbauan untuk Tidak Memberikan  Gratifikasi kepada Pejabat/Pegawai BPS Provinsi Riau ', 'Pengguna Layanan', '2024-03-27', NULL, 'Imbauan untuk Tidak Memberikan  Gratifikasi kepada Pejabat/Pegawai BPS Provinsi Riau ', 3, NULL, 1711502440, NULL),
(457, 'B', '449', '14510', 'KP.900', '2024', 'B-449/14510/KP.900/2024', 'Surat Pengantar SK Pensiun Pegawai', 'BPS Kampar dan BPS Pelalawan', '2024-03-27', NULL, NULL, 3, NULL, 1711503417, NULL),
(458, 'B', '450', '14000', 'KP.600', '2024', 'B-450/14000/KP.600/2024', 'Surat Pengantar Berkas Pernyataan Pengajuan Biaya Perjalanan Dinas Pindah', 'Biro Keuangan', '2024-03-27', NULL, NULL, 3, NULL, 1711505793, NULL),
(459, 'B', '451', '14000', 'VS.190', '2024', 'B-451/14000/VS.190/2024', 'Permohonan Dukungan Pendataan Podes 2024', 'Pj. Gubernur Riau', '2024-03-27', NULL, NULL, 11, NULL, 1711505848, NULL),
(460, 'B', '452', '14000', 'VS.100', '2024', 'B-452/14000/VS.100/2024', 'Pengiriman DSD Survei K3 Tahun 2024', 'BPS Kabupaten/Kota Se Provinsi Riau', '2024-03-27', NULL, NULL, 12, NULL, 1711508545, NULL),
(461, 'B', '453', '14000', 'VS.210', '2024', 'B-453/14000/VS.210/2024', 'Pemberitahuan Pelatihan Innas UDP-24', 'Kepala BPS Kabupaten/Kota se-Provinsi Riau', '2024-03-27', NULL, NULL, 12, NULL, 1711509440, NULL),
(462, 'B', '454', '14000', 'HM.310', '2024', 'B-454/14000/HM.310/2024', 'Permohonan Audiensi Kejaksaan Tinggi Provinsi Riau ', 'Kepala Kejaksaan Tinggi Provinsi Riau ', '2024-03-27', NULL, NULL, 3, NULL, 1711510503, NULL),
(463, 'B', '455', '14000', 'PR.130', '2024', 'B-455/14000/PR.130/2024', 'Pelaporan Capaian Kinerja Triwulan I Tahun 2024 BPS Kabupaten/Kota', 'Kepala BPS Kabupaten/Kota Se-Provinsi Riau', '2024-03-28', NULL, NULL, 3, NULL, 1711594430, NULL),
(464, 'B', '456', '14000', 'VS.210', '2024', 'B-456/14000/VS.210/2024', 'Undangan Pembukaan Pelatihan Inda PODES 2024', 'Kepala BPS Provinsi Kepulauan Riau', '2024-03-28', NULL, 'Undangan Pembukaan Pelatihan Inda PODES 2024', 11, 11, 1711595860, 1711595909),
(465, 'B', '457', '14000', 'HM.310', '2024', 'B-457/14000/HM.310/2024', 'Permohonan Audiensi PHR', 'Pimpinan Pertamina Hulu Rokan', '2024-03-28', NULL, NULL, 3, NULL, 1711596312, NULL),
(466, 'B', '458', '14000', 'KP.560', '2024', 'B-458/14000/KP.560/2024', 'Usulan Perbaikan Kepka 182 Tahun 2024', 'Biro SDM BPS', '2024-03-28', NULL, NULL, 3, NULL, 1711603999, NULL),
(467, 'B', '459', '14000', 'VS.330', '2024', 'B-459/14000/VS.330/2024', 'Penyesuaian Jadwal Kegiatan Survei di Direktorat Statistik Harga April 2024', 'BPS Kab/kota se Provinsi Riau', '2024-03-28', NULL, NULL, 12, NULL, 1711609697, NULL),
(468, 'B', '460', '14000', 'KP.100', '2024', 'B-460/14000/KP.100/2024', 'Konfirmasi dan Usulan Calon PPPK 2024 BPS Se-Provinsi Riau', 'Kepala Biro SDM', '2024-03-28', NULL, NULL, 3, NULL, 1711613437, NULL),
(469, 'B', '461', '14550', 'KS.000', '2024', 'B-461/14550/KS.000/2024', 'Konfirmasi Hasil Sementara  Penghitungan IDG Kabupaten/Kota Se-Provinsi Riau Tahun 2023', 'Kepala BPS Kabupaten/Kota Se-Provinsi Riau', '2024-04-01', NULL, NULL, 14, NULL, 1711939723, NULL),
(470, 'B', '462', '14000', 'KP.600', '2024', 'B-462/14000/KP.600/2024', 'Surat Pernyataan Tidak Ada Pelanggaran dan Pemberian Sanksi Pegawai BPS Provinsi Riau', 'Inspektorat Wilayah 3', '2024-04-01', NULL, 'Kondisi Januari - Maret 2024', 3, 3, 1711940280, 1711940301),
(471, 'B', '463', '14000', 'VS.100', '2024', 'B-463/14000/VS.100/2024', 'Pengiriman Dokumen Survei K3 Tahun 2024', 'BPS Kabupaten/Kota Se Provinsi Riau', '2024-04-01', NULL, NULL, 12, NULL, 1711952587, NULL),
(472, 'B', '464', '14000', 'KU.520', '2024', 'B-464/14000/KU.520/2024', 'Pengiriman Laporan Keuangan', 'Bagian Akuntansi BPS', '2024-04-02', NULL, '-', 3, NULL, 1712042482, NULL),
(473, 'B', '465', '14510', 'PL.810', '2024', 'B-465/14510/PL.810/2024', 'Permohonan SK Penghapusan', 'Biro Umum BPS RI', '2024-04-02', NULL, 'Permohonan SK Penghapusan BMN Meranti', 3, NULL, 1712045918, NULL),
(474, 'B', '466', '14000', 'VS.630', '2024', 'B-466/14000/VS.630/2024', 'Monitoring Rilis ARC Publikasi dan Update BRS di Website Bulan Maret 2024', 'Kepala BPS Kab/Kota', '2024-04-03', NULL, NULL, 2, NULL, 1712108065, NULL),
(475, 'B', '467', '14510', 'KP.510', '2024', 'B-467/14510/KP.510/2024', 'Permohonan Penangguhan Keberangkatan  Pindah Kerja Pegawai an. Fenty Berliana Tifalny, S.Tr.Stat', 'Kepala BPS Maluku Utara', '2024-04-03', NULL, NULL, 3, NULL, 1712116642, NULL),
(476, 'B', '468', '14510', 'KP.510', '2024', 'B-468/14510/KP.510/2024', 'Permohonan Penangguhan Keberangkatan  Pindah Kerja Pegawai an. Vilni Syaenda, S.Tr.Stat.', 'Kepala BPS Kalimantan Timur', '2024-04-03', NULL, NULL, 3, NULL, 1712116699, NULL),
(477, 'B', '469', '14000', 'KP.200', '2024', 'B-469/14000/KP.200/2024', 'Surat Keterangan Telah Melakukan Kerja Praktek', 'Universitas Riau', '2024-04-04', NULL, NULL, 3, NULL, 1712192708, NULL),
(478, 'B', '470', '14000', 'VS.100', '2024', 'B-470/14000/VS.100/2024', 'Quality Gate SPAK 2024', 'Kepala BPS Kabupaten Indragiri Hulu, Kepala BPS Kabupaten Siak, Kepala BPS Kabupaten Rokan Hulu, Kepala BPS Kabupaten Kepulauan Meranti', '2024-04-04', NULL, NULL, 11, NULL, 1712197510, NULL),
(479, 'B', '471', '14000', 'VS.200', '2024', 'B-471/14000/VS.200/2024', 'Penyampaian Hasil Pelatihan Inda Podes 2024', 'BPS Kabupaten/Kota se-Provinsi Riau', '2024-04-05', NULL, NULL, 11, NULL, 1712278223, NULL),
(480, 'B', '472', '14000', 'KA.110', '2024', 'B-472/14000/KA.110/2024', 'SURAT KUASA PENGURUSAN PAJAK', 'SAMSAT', '2024-04-05', NULL, NULL, 3, NULL, 1712287455, NULL),
(481, 'B', '473', '14000', 'VS.100', '2024', 'B-473/14000/VS.100/2024', 'Usulan Desa Cantik dan Pembina Desa Cantik 2024', 'Deputi Bidang Statistik Sosial BPS', '2024-04-16', '1713258239.pdf', '-', 2, 2, 1713230720, 1713258239),
(482, 'B', '474', '14000', 'VS.190', '2024', 'B-474/14000/VS.190/2024', 'pelaksanaan VREST UMK', 'BPS Kab/kota', '2024-04-16', NULL, NULL, 12, NULL, 1713232056, NULL),
(483, 'B', '475', '14000', 'VS.630', '2024', 'B-475/14000/VS.630/2024', 'Pembukaan Rilis 22 April 2024', 'Gubernur Riau', '2024-04-16', NULL, NULL, 2, NULL, 1713239924, NULL),
(484, 'B', '476', '14000', 'KS.000', '2024', 'B-476/14000/KS.000/2024', 'Pengumpulan Data Sekunder Sistem Informasi Statistik Lingkungan Hidup (SIS-LH) Provinsi Riau Tahun 2024', 'BPKAD Provinsi Riau, DLHK Provinsi Riau, DKK Pekanbaru, DKP Provinsi Riau', '2024-04-16', NULL, NULL, 11, NULL, 1713240494, NULL),
(485, 'B', '477', '14000', 'VS.100', '2024', 'B-477/14000/VS.100/2024', 'Pengiriman Alokasi dokumen dan DSPU, DSPP KSP 2024, DSL VALAS 2024', 'BPS Kabupaten/Kota Se Provinsi Riau', '2024-04-16', NULL, NULL, 12, 12, 1713240704, 1713255590),
(486, 'B', '478', '14520', 'VS.600', '2024', 'B-478/14520/VS.600/2024', 'Pengukuran Pembangunan Ketenagakerjaan Tahun 2023', 'Kepala Dinas Tenaga Kerja dan Trasnmigrasi Provinsi RIau', '2024-04-16', NULL, NULL, 11, NULL, 1713252050, NULL),
(487, 'B', '479', '14000', 'KS.000', '2024', 'B-479/14000/KS.000/2024', 'Pengumpulan Data Sekunder Sistem Informasi Statistik Lingkungan Hidup (SIS-LH) Provinsi Riau Tahun 2024', 'BPKAD Provinsi Riau, DLHK Provinsi Riau, DKK Pekanbaru, DKP Provinsi Riau', '2024-04-16', NULL, NULL, 11, NULL, 1713252552, NULL),
(488, 'B', '480', '14550', 'KS.200', '2024', 'B-480/14550/KS.200/2024', 'Surat Persetujuan Naskah Siap Rilis ', 'Direktur Diseminasi Statistik', '2024-04-17', NULL, NULL, 14, NULL, 1713319031, NULL),
(489, 'B', '481', '14000', 'PR.440', '2024', 'B-481/14000/PR.440/2024', ' Usulan Revisi Anggaran', 'Kanwil DJPB', '2024-04-17', NULL, NULL, 3, NULL, 1713341846, NULL),
(490, 'B', '482', '14000', 'VS.570', '2024', 'B-482/14000/VS.570/2024', 'SURAT PERSETUJUAN NASKAH SIAP RILIS', 'Direktur Diseminasi Statistik', '2024-04-17', NULL, NULL, 12, NULL, 1713344688, NULL),
(491, 'B', '483', '14000', 'PS.100', '2024', 'B-483/14000/PS.100/2024', 'Monitoring dan Evaluasi Survei Kebutuhan Data Triwulan I Tahun 2024 ', 'Kepala BPS Kab/Kota, Tim IPDS BPS Provinsi Riau', '2024-04-18', NULL, '-', 2, NULL, 1713405931, NULL),
(492, 'B', '484', '14000', 'KP.630', '2024', 'B-484/14000/KP.630/2024', 'Surat Pengantar SK JF dan Berkas Pelantikan 1 April 2024', 'BPS Kabupaten Kota', '2024-04-18', NULL, NULL, 3, NULL, 1713409920, NULL),
(493, 'B', '485', '14000', 'KS.200', '2024', 'B-485/14000/KS.200/2024', 'Persetujuan Naskah Rilis Publikasi', 'Direktur Diseminasi Statistik', '2024-04-18', NULL, NULL, 11, NULL, 1713424773, NULL),
(494, 'B', '486', '14000', 'VS.190', '2024', 'B-486/14000/VS.190/2024', 'Penyampaian Instrumen Statistik Transportasi', 'Kepala BPS Kabupaten/Kota se-Provinsi Riau', '2024-04-19', NULL, NULL, 12, NULL, 1713499672, NULL),
(495, 'B', '487', '14000', 'PW.110', '2024', 'B-487/14000/PW.110/2024', 'Pengusulan Penilaian Satuan Kerja Berpredikat Menuju WBK/WBBM Tahun 2024', 'Inspektur Utama BPS', '2024-04-19', NULL, NULL, 3, NULL, 1713510544, NULL),
(496, 'B', '488', '14000', 'VS.330', '2024', 'B-488/14000/VS.330/2024', 'Surat Pelaksanaan SHKK 2024', 'Kepala Kabupaten Kota', '2024-04-19', NULL, NULL, 3, NULL, 1713584753, NULL),
(497, 'B', '489', '14000', 'KS.200', '2024', 'B-489/14000/KS.200/2024', 'Persetujuan Naskah Rilis Publikasi Konsumsi Penduduk Provinsi Riau 2023', 'Direktur Diseminasi Statistik Badan Pusat Statistik', '2024-04-22', NULL, NULL, 11, NULL, 1713744715, NULL),
(498, 'B', '490', '14520', 'KS.200', '2024', 'B-490/14520/KS.200/2024', 'BERITA ACARA SERAH TERIMA SOFTCOPY PUBLIKASI FINAL', 'Ketua Tim IPDS', '2024-04-22', NULL, NULL, 11, NULL, 1713744963, NULL),
(499, 'B', '491', '14000', 'KS.200', '2024', 'B-491/14000/KS.200/2024', 'Surat Persetujuan Naskah Siap Rilis Publikasi Indikator Pasar Tenaga Kerja Provinsi Riau Agustus 2023', 'Direktur Diseminasi Statistik BPS', '2024-04-22', NULL, '-', 11, 11, 1713749652, 1713750962),
(500, 'B', '492', '14000', 'KS.200', '2024', 'B-492/14000/KS.200/2024', 'Berita Acara Serah Terima Softcopy Publikasi Indikator Pasar Tenaga Kerja Provinsi Riau Agustus 2023', 'Ketua Tim IPDS BPS Provinsi Riau', '2024-04-22', NULL, '-', 11, 11, 1713751086, 1713751106),
(501, 'B', '493', '14000', 'KS.000', '2024', 'B-493/14000/KS.000/2024', 'Pengiriman Angka Final IDG Kabupaten/Kota se-Provinsi Riau Tahun 2023', 'Kepala BPS Kab/Kota se Riau', '2024-04-22', NULL, NULL, 14, NULL, 1713755248, NULL),
(502, 'B', '494', '14000', 'VS.600', '2024', 'B-494/14000/VS.600/2024', 'Nama Anggota Tim Penyusunan Profil Perkembangan Kependudukan Provinsi Riau Tahun 2024', 'Kepala DPMD DUKCAPIL Riau', '2024-04-22', NULL, NULL, 11, NULL, 1713756268, NULL),
(503, 'B', '495', '14550', 'VS.610', '2024', 'B-495/14550/VS.610/2024', 'BERITA ACARA SERAH TERIMA DATA FINAL IDG 2023', 'BPS Kuansing', '2024-04-22', NULL, NULL, 14, 14, 1713759135, 1713759914),
(504, 'B', '496', '14550', 'VS.610', '2024', 'B-496/14550/VS.610/2024', 'BERITA ACARA SERAH TERIMA DATA FINAL IDG 2023', 'BPS Inhu', '2024-04-22', NULL, NULL, 14, 14, 1713759180, 1713759924),
(505, 'B', '497', '14550', 'VS.610', '2024', 'B-497/14550/VS.610/2024', 'BERITA ACARA SERAH TERIMA DATA FINAL IDG 2023', 'BPS Inhil', '2024-04-22', NULL, NULL, 14, NULL, 1713759225, NULL),
(506, 'B', '498', '14550', 'VS.610', '2024', 'B-498/14550/VS.610/2024', 'BERITA ACARA SERAH TERIMA DATA FINAL IDG 2023', 'BPS Pelalawan', '2024-04-22', NULL, NULL, 14, NULL, 1713759273, NULL),
(507, 'B', '499', '14550', 'VS.610', '2024', 'B-499/14550/VS.610/2024', 'BERITA ACARA SERAH TERIMA DATA FINAL IDG 2023', 'BPS Siak', '2024-04-22', NULL, NULL, 14, NULL, 1713759307, NULL),
(508, 'B', '500', '14550', 'VS.610', '2024', 'B-500/14550/VS.610/2024', 'BERITA ACARA SERAH TERIMA DATA FINAL IDG 2023', 'BPS Kampar', '2024-04-22', NULL, NULL, 14, NULL, 1713759340, NULL),
(509, 'B', '501', '14550', 'VS.610', '2024', 'B-501/14550/VS.610/2024', 'BERITA ACARA SERAH TERIMA DATA FINAL IDG 2023', 'BPS Rohul', '2024-04-22', NULL, NULL, 14, NULL, 1713759384, NULL),
(510, 'B', '502', '14550', 'VS.610', '2024', 'B-502/14550/VS.610/2024', 'BERITA ACARA SERAH TERIMA DATA FINAL IDG 2023', 'BPS Bengkalis', '2024-04-22', NULL, NULL, 14, NULL, 1713759417, NULL),
(511, 'B', '503', '14550', 'VS.610', '2024', 'B-503/14550/VS.610/2024', 'BERITA ACARA SERAH TERIMA DATA FINAL IDG 2023', 'BPS Rohil', '2024-04-22', NULL, NULL, 14, NULL, 1713759481, NULL),
(512, 'B', '504', '14550', 'VS.610', '2024', 'B-504/14550/VS.610/2024', 'BERITA ACARA SERAH TERIMA DATA FINAL IDG 2023', 'BPS Kep. Meranti', '2024-04-22', NULL, NULL, 14, NULL, 1713759517, NULL),
(513, 'B', '505', '14550', 'VS.610', '2024', 'B-505/14550/VS.610/2024', 'BERITA ACARA SERAH TERIMA DATA FINAL IDG 2023', 'BPS Pekanbaru', '2024-04-22', NULL, NULL, 14, NULL, 1713759552, NULL),
(514, 'B', '506', '14550', 'VS.610', '2024', 'B-506/14550/VS.610/2024', 'BERITA ACARA SERAH TERIMA DATA FINAL IDG 2023', 'BPS Dumai', '2024-04-22', NULL, NULL, 14, NULL, 1713759588, NULL),
(515, 'B', '507', '14000', 'VS.100', '2024', 'B-507/14000/VS.100/2024', 'Aloksai sampel, petugas, dan instruktur SEP 2024', 'Kepala BPS Kab/Kot', '2024-04-22', NULL, NULL, 13, NULL, 1713765548, NULL),
(516, 'B', '508', '14000', 'VS.000', '2024', 'B-508/14000/VS.000/2024', 'Pemberitahuan Sosialisasi PelaksanaanSNPHAR dan SPHPN 2024', 'Kepala BPS Kabupaten/Kota se-Provinsi Riau', '2024-04-22', NULL, NULL, 11, NULL, 1713773289, NULL),
(517, 'B', '509', '14000', 'KS.200', '2024', 'B-509/14000/KS.200/2024', 'BAST Serah terima file Publikasi Keadaan Angkatan Kerja Agustus 2023', 'Prakom Ahli Madya BPS Provi,Riau', '2024-04-22', NULL, NULL, 11, NULL, 1713777469, NULL),
(518, 'B', '510', '14000', 'VS.100', '2024', 'B-510/14000/VS.100/2024', 'Pengiriman Kuesioner Survei BUMD Tahun 2024', 'BPS Kabupaten/Kota Se Provinsi Riau', '2024-04-23', NULL, NULL, 12, NULL, 1713840386, NULL),
(519, 'B', '511', '14000', 'DL.311', '2024', 'B-511/14000/DL.311/2024', 'Surat Pengantar SK Pindah', 'BPS Kota Pekanbaru', '2024-04-23', NULL, NULL, 3, NULL, 1713841828, NULL),
(520, 'B', '512', '14000', 'DL.311', '2024', 'B-512/14000/DL.311/2024', 'Surat Pengantar SK Pindah', 'Ayu Setiawaty', '2024-04-23', NULL, NULL, 3, NULL, 1713841889, NULL),
(521, 'B', '513', '14000', 'VS.320', '2024', 'B-513/14000/VS.320/2024', 'Hasil identifikasi blok sensus dan permohonan penggantian sampel blok sensus VREST-UMK 2024', 'Direktur Pengembangan Metodologi Sensus dan Survei BPS RI ', '2024-04-23', NULL, NULL, 12, NULL, 1713849127, NULL),
(522, 'B', '514', '14000', 'VS.190', '2024', 'B-514/14000/VS.190/2024', 'Persiapan Kegiatan Updating Direktori	 Usaha/Perusahaan Ekonomi Tahun 2024 dalam Rangka SE2026', 'Kepala BPS Kabupaten/Kota se-Provinsi Riau', '2024-04-23', NULL, NULL, 12, NULL, 1713851235, NULL),
(523, 'B', '515', '14000', 'KP.200', '2024', 'B-515/14000/KP.200/2024', 'Balasan Permohonan Tempat PKL (Praktik Kerja Lapangan)', 'Kepala SMKN 1 Kunto Darussalam', '2024-04-23', NULL, NULL, 3, NULL, 1713863831, NULL),
(524, 'B', '516', '14000', 'KP.200', '2024', 'B-516/14000/KP.200/2024', 'Balasan Permohonan Praktik Kerja Lapangan (PKL)', 'Kepala SMK Labor', '2024-04-23', NULL, NULL, 3, NULL, 1713864501, NULL),
(525, 'B', '517', '14510', 'KP.630', '2024', 'B-517/14510/KP.630/2024', 'Surat Pengantar Dokumen SK Kenaikan Pangkat Periode April 2024', 'BPS Kabupaten/Kota', '2024-04-24', NULL, NULL, 3, NULL, 1713919500, NULL),
(526, 'B', '518', '14000', 'VS.330', '2024', 'B-518/14000/VS.330/2024', 'Surat balasan permintaan data DLHK', 'Kepala DLHK', '2024-04-24', NULL, NULL, 2, NULL, 1713925382, NULL),
(527, 'B', '519', '14000', 'KP.510', '2024', 'B-519/14000/KP.510/2024', 'Permintaan Kelengkapan Berkas Pindah antar Intansi an. Ujang Nurhidayat, S.Kom NIP. 198112142010121001', 'Kepala Biro Organisasi dan SDM, Kementerian Perdagangan', '2024-04-24', NULL, NULL, 3, NULL, 1713933212, NULL),
(528, 'B', '520', '14000', 'VS.630', '2024', 'B-520/14000/VS.630/2024', 'Surat permohonan rilis bersama 1 Mei 2024', 'Gubernur Riau', '2024-04-24', NULL, NULL, 2, NULL, 1713941416, NULL),
(529, 'B', '521', '14510', 'KP.610', '2024', 'B-521/14510/KP.610/2024', 'Usulan Pembuatan Karis/Karsu', 'BKN', '2024-04-24', NULL, NULL, 3, 3, 1713948253, 1714011430),
(530, 'B', '522', '14510', 'KP.610', '2024', 'B-522/14510/KP.610/2024', 'Usulan Pembuatan Karis/Karsu', 'BKN', '2024-04-24', NULL, NULL, 3, 3, 1713948492, 1714011436),
(531, 'B', '523', '14000', 'KS.200', '2024', 'B-523/14000/KS.200/2024', 'SPRP Publikasi Tahap II ST2023 UPB', 'Direktur SIS', '2024-04-25', NULL, NULL, 13, NULL, 1714009059, NULL);
INSERT INTO `dbo_dinas_keluar` (`id`, `akses`, `nomor`, `fungsi`, `klasifikasi`, `tahun`, `nomor_naskah`, `perihal`, `tujuan`, `tanggal`, `file`, `keterangan`, `user_create`, `user_update`, `create_at`, `update_at`) VALUES
(532, 'B', '524', '14510', 'KP.900', '2024', 'B-524/14510/KP.900/2024', 'Pemberitahuan Pemberhentian Sebagai  PNS Karena Akan Mencapai Batas Usia Pensiun', 'Daftar terlampir', '2024-04-25', NULL, NULL, 3, NULL, 1714010106, NULL),
(533, 'B', '525', '14000', 'VS.630', '2024', 'B-525/14000/VS.630/2024', 'Surat Persetujuan naskah siap rilis', 'Kepala', '2024-04-25', NULL, NULL, 2, NULL, 1714010868, NULL),
(534, 'B', '526', '14000', 'VS.190', '2024', 'B-526/14000/VS.190/2024', 'Permohonan Dukungan Pelaksanaan  	  Pendataan Survei Statistik Keuangan Desa (K3) 2024', 'Gubernur Riau', '2024-04-25', NULL, NULL, 12, 12, 1714012179, 1714012191),
(535, 'B', '527', '14000', 'KA.100', '2024', 'B-527/14000/KA.100/2024', 'Permohonan HSBGN tahun 2024', 'PUPR Pekanbaru', '2024-04-25', NULL, 'HSBGN', 3, NULL, 1714013231, NULL),
(537, 'B', '529', '14510', 'KP.610', '2024', 'B-529/14510/KP.610/2024', 'Penerbitan KARIS/KARSU Pegawai', 'Pegawai BPS Se-Provinsi Riau', '2024-04-25', NULL, NULL, 3, NULL, 1714029919, NULL),
(538, 'B', '530', '14000', 'VS.400', '2024', 'B-530/14000/VS.400/2024', 'EVALUASI KEGIATAN IPDS', 'pegawai IPDS', '2024-04-25', NULL, NULL, 2, NULL, 1714034168, NULL),
(539, 'B', '531', '14000', 'VS.100', '2024', 'B-531/14000/VS.100/2024', 'Penambahan sampel cadangan ubinan', 'Metodologi', '2024-04-25', NULL, NULL, 13, NULL, 1714100096, NULL),
(540, 'B', '532', '14000', 'VS.630', '2024', 'B-532/14000/VS.630/2024', 'Permohonan Pembukaan Rilis 2 Mei 2024', 'Gubernur Riau', '2024-04-26', NULL, NULL, 2, NULL, 1714113868, NULL),
(541, 'B', '533', '14000', 'KP.320', '2024', 'B-533/14000/KP.320/2024', 'Berita Acara Remedial Ukom Maret 2024', 'BPS RI', '2024-04-29', NULL, NULL, 3, NULL, 1714356336, NULL),
(542, 'B', '534', '14000', 'KP.630', '2024', 'B-534/14000/KP.630/2024', 'Kenaikan Gaji Berkala Juni a.n Yusri', 'Kepala KPPN Pekanbaru', '2024-04-29', NULL, NULL, 3, 3, 1714374553, 1714374643),
(543, 'B', '535', '14000', 'KP.200', '2024', 'B-535/14000/KP.200/2024', 'Balasan Permohonan Kerja Praktik', 'Dekan Fakultas Sains ITERA', '2024-04-30', NULL, NULL, 3, NULL, 1714444470, NULL),
(544, 'B', '536', '14510', 'KP.610', '2024', 'B-536/14510/KP.610/2024', 'Surat Pengantar KARIS/KARSU', 'BPS Kab/Kota', '2024-04-30', NULL, NULL, 3, NULL, 1714444646, NULL),
(545, 'B', '537', '14000', 'VS.220', '2024', 'B-537/14000/VS.220/2024', 'Pelatihan Survei IBS Tahunan 2024', 'Kepala BPS Kabupaten/Kota se-Provinsi Riau', '2024-04-30', NULL, NULL, 13, NULL, 1714454266, NULL),
(546, 'B', '538', '14000', 'DL.230', '2024', 'B-538/14000/DL.230/2024', 'Usulan Peserta Pelatihan Teknis Fungsional Statistisi Tingkat Keahlian Tahun 2024 Provinsi Riau', 'Pusdiklat BPS', '2024-04-30', NULL, NULL, 3, NULL, 1714459546, NULL),
(547, 'B', '539', '14000', 'VS.200', '2024', 'B-539/14000/VS.200/2024', 'Permintaan User Monitoring SEP', 'Kab Kota', '2024-04-30', NULL, NULL, 13, NULL, 1714468953, NULL),
(548, 'B', '540', '14000', 'VS.630', '2024', 'B-540/14000/VS.630/2024', 'Permohonan Pembukaan Rilis 6 Mei 2024', 'Gubernur Riau', '2024-05-02', NULL, NULL, 2, NULL, 1714613428, NULL),
(549, 'B', '541', '14000', 'PL.810', '2024', 'B-541/14000/PL.810/2024', 'SPTJ Bukti perolehan BMN', 'BPS RI', '2024-05-02', NULL, NULL, 3, NULL, 1714615013, NULL),
(550, 'B', '542', '14000', 'PL.810', '2024', 'B-542/14000/PL.810/2024', 'SPTJ BMN untuk penyelenggaraan tugas dan fungsi Satuan Kerja BPS Provinsi Riau.', 'BPS RI', '2024-05-02', NULL, NULL, 3, NULL, 1714615084, NULL),
(551, 'B', '543', '14000', 'VS.600', '2024', 'B-543/14000/VS.600/2024', 'Permohononan Konsulatsi Bersama', 'Direktorat Statistik Harga BPS', '2024-05-02', NULL, NULL, 12, NULL, 1714622020, NULL),
(552, 'B', '544', '14000', 'KP.010', '2024', 'B-544/14000/KP.010/2024', 'Permintaan Nama untuk Tim Prognosa Neraca Pangan Provinsi Riau Tahun 2024', 'Dinas Pangan Tanaman Pangan dan Hortikultura Provinsi Riau Tahun 2024', '2024-05-02', NULL, NULL, 12, 12, 1714626424, 1714626477),
(553, 'B', '545', '14000', 'KP.010', '2024', 'B-545/14000/KP.010/2024', 'Permintaan Nama untuk Tim FSVA Provinsi Riau Tahun 2024', 'Dinas Pangan Tanaman Pangan dan Hortikultura Provinsi Riau Tahun 2024', '2024-05-02', NULL, NULL, 12, NULL, 1714626465, NULL),
(554, 'B', '546', '14000', 'KS.200', '2024', 'B-546/14000/KS.200/2024', 'Pengiriman Template Publikasi Statistik Pendidikan Kabupaten/Kota 2023', 'Kepala BPS Kabupaten/Kota se-Provinsi Riau', '2024-05-03', NULL, NULL, 11, NULL, 1714695708, NULL),
(555, 'B', '547', '14550', 'vs.610', '2024', 'B-547/14550/vs.610/2024', 'BERITA ACARA SERAH TERIMA DATA FINAL IKG 2023', 'BPS Kuansing', '2024-05-06', NULL, NULL, 14, 14, 1714697057, 1714697140),
(556, 'B', '548', '14550', 'VS.610', '2024', 'B-548/14550/VS.610/2024', 'BERITA ACARA SERAH TERIMA DATA FINAL IKG 2023', 'BPS Inhu', '2024-05-06', NULL, NULL, 14, 14, 1714697108, 1714697172),
(557, 'B', '549', '14550', 'vs.610', '2024', 'B-549/14550/vs.610/2024', 'BERITA ACARA SERAH TERIMA DATA FINAL IKG 2023', 'BPS Inhil', '2024-05-06', NULL, NULL, 14, NULL, 1714698815, NULL),
(558, 'B', '550', '14550', 'vs.610', '2024', 'B-550/14550/vs.610/2024', 'BERITA ACARA SERAH TERIMA DATA FINAL IKG 2023', 'BPS Pelalawan', '2024-05-06', NULL, NULL, 14, NULL, 1714698876, NULL),
(559, 'B', '551', '14550', 'vs.610', '2024', 'B-551/14550/vs.610/2024', 'BERITA ACARA SERAH TERIMA DATA FINAL IKG 2023', 'BPS Siak', '2024-05-06', NULL, NULL, 14, NULL, 1714698911, NULL),
(560, 'B', '552', '14550', 'vs.610', '2024', 'B-552/14550/vs.610/2024', 'BERITA ACARA SERAH TERIMA DATA FINAL IKG 2023', 'BPS Kampar', '2024-05-06', NULL, NULL, 14, NULL, 1714698951, NULL),
(561, 'B', '553', '14550', 'vs.610', '2024', 'B-553/14550/vs.610/2024', 'BERITA ACARA SERAH TERIMA DATA FINAL IKG 2023', 'BPS Rohul', '2024-05-06', NULL, NULL, 14, NULL, 1714698980, NULL),
(562, 'B', '554', '14550', 'vs.610', '2024', 'B-554/14550/vs.610/2024', 'BERITA ACARA SERAH TERIMA DATA FINAL IKG 2023', 'BPS Bengkalis', '2024-05-06', NULL, NULL, 14, NULL, 1714699016, NULL),
(563, 'B', '555', '14550', 'vs.610', '2024', 'B-555/14550/vs.610/2024', 'BERITA ACARA SERAH TERIMA DATA FINAL IKG 2023', 'BPS Rohil', '2024-05-06', NULL, NULL, 14, NULL, 1714699047, NULL),
(564, 'B', '556', '14550', 'vs.610', '2024', 'B-556/14550/vs.610/2024', 'BERITA ACARA SERAH TERIMA DATA FINAL IKG 2023', 'BPS Kep. Meranti', '2024-05-06', NULL, NULL, 14, NULL, 1714699096, NULL),
(565, 'B', '557', '14550', 'vs.610', '2024', 'B-557/14550/vs.610/2024', 'BERITA ACARA SERAH TERIMA DATA FINAL IKG 2023', 'BPS Pekanbaru', '2024-05-06', NULL, NULL, 14, NULL, 1714699167, NULL),
(566, 'B', '558', '14550', 'vs.610', '2024', 'B-558/14550/vs.610/2024', 'BERITA ACARA SERAH TERIMA DATA FINAL IKG 2023', 'BPS Dumai', '2024-05-06', NULL, NULL, 14, NULL, 1714699209, NULL),
(567, 'B', '559', '14000', 'VS.630', '2024', 'B-559/14000/VS.630/2024', 'Monitoring Rilis ARC Publikasi dan Update BRS di Website Bulan April 2024', 'Kepala BPS Kab/Kota', '2024-05-03', NULL, NULL, 2, NULL, 1714700328, NULL),
(568, 'B', '560', '14000', 'KA.200', '2024', 'B-560/14000/KA.200/2024', 'Permohonan SK Perubahan Tarif Rumah Negara Golongan I BPS Riau', 'Biro Umum BPS RI', '2024-05-03', NULL, 'Permohonan SK Perubahan Tarif Rumah Negara Golongan I BPS Riau', 3, NULL, 1714703288, NULL),
(569, 'B', '561', '14510', 'KP.320', '2024', 'B-561/14510/KP.320/2024', 'Usulan Calon Peserta Uji Kompetensi Kenaikan Jenjang APK APBN', 'Kepala Biro SDM', '2024-05-06', NULL, NULL, 3, NULL, 1714957850, NULL),
(570, 'B', '562', '14000', 'SS.600', '2024', 'B-562/14000/SS.600/2024', 'Permintaan Nama Operator Aplikasi Sepakat', 'Kepala BPS Kab/Kota', '2024-05-06', NULL, NULL, 2, NULL, 1714958832, NULL),
(571, 'B', '563', '14000', 'VS.025', '2024', 'B-563/14000/VS.025/2024', 'Penentuan Target Updating EA SLS  ', 'BPS Kabupaten/Kota', '2024-05-06', NULL, NULL, 2, NULL, 1714959463, NULL),
(572, 'B', '564', '14000', 'KP.630', '2024', 'B-564/14000/KP.630/2024', 'Surat Pengantar SK Fungsional Sasni', 'BPS Kabupaten Kampar', '2024-05-06', NULL, NULL, 3, NULL, 1714961028, NULL),
(573, 'B', '565', '14510', 'KP.610', '2024', 'B-565/14510/KP.610/2024', 'Surat Pengantar KARIS/KARSU', 'Kepala BPS Provinsi Sumatera Barat', '2024-05-06', NULL, NULL, 3, NULL, 1714962051, NULL),
(574, 'B', '566', '14510', 'KP.610', '2024', 'B-566/14510/KP.610/2024', 'Surat Pengantar KARIS/KARSU ', 'Kepala BPS Kalimantan Timur', '2024-05-06', NULL, NULL, 3, NULL, 1714962085, NULL),
(575, 'B', '567', '14510', 'KP.610', '2024', 'B-567/14510/KP.610/2024', 'Surat Pengantar KARIS/KARSU', 'Kepala BPS Maluku Utara', '2024-05-06', NULL, NULL, 3, NULL, 1714962112, NULL),
(576, 'B', '568', '14000', 'PL.500', '2024', 'B-568/14000/PL.500/2024', 'Berita Acara Rekonsiliasi Internal Data Barang Milik Negara Periode Audited', 'BPS RI', '2024-05-06', NULL, NULL, 3, NULL, 1714963281, NULL),
(577, 'B', '569', '14000', 'VS.630', '2024', 'B-569/14000/VS.630/2024', 'surat persetujuan naskah siap rilis', 'direktur diseminasi', '2024-05-06', NULL, NULL, 12, NULL, 1714967137, NULL),
(578, 'B', '570', '14000', 'KU.300', '2024', 'B-570/14000/KU.300/2024', 'Penyampaian LK Satker BPS Tahunan Audited Tahun 2023', 'KPPN', '2024-05-06', NULL, NULL, 3, NULL, 1714983134, NULL),
(579, 'B', '571', '14510', 'KP.610', '2024', 'B-571/14510/KP.610/2024', 'Usulan Pembuatan Kartu Istri PNS  a.n Deni Saputra, S.E.', 'Kepala BKN Regional XII', '2024-05-06', NULL, NULL, 3, NULL, 1714984372, NULL),
(580, 'B', '572', '14510', 'KP.610', '2024', 'B-572/14510/KP.610/2024', 'Usulan Perbaikan Kartu Suami dari  Dian Nitari Putri', 'Kepala BKN Regional XII', '2024-05-06', NULL, NULL, 3, NULL, 1714985027, NULL),
(581, 'B', '573', '14000', 'VS.320`', '2024', 'B-573/14000/VS.320`/2024', 'Permohonan Penggantian Sampel SHPED Provinsi Riau Tahun 2024', 'Direktur Statistik Harga', '2024-05-07', NULL, NULL, 12, NULL, 1715043044, NULL),
(582, 'B', '574', '14000', 'RT.513', '2024', 'B-574/14000/RT.513/2024', 'Ijin peminjaman ruangan', 'PT. Selasih Indo Raya', '2024-05-07', NULL, 'Sari/umum', 3, NULL, 1715044640, NULL),
(583, 'B', '575', '14000', 'PR.400', '2024', 'B-575/14000/PR.400/2024', 'Pelaksanaan Pelatihan Petugas Survei Ekonomi Pertanian 2024 BPS Kabupaten Kuantan Singingi', 'Sekretaris Utama Badan Pusat Statistik', '2024-05-07', NULL, 'Pelaksanaan Pelatihan Petugas Survei Ekonomi Pertanian 2024 BPS Kabupaten Kuantan Singingi', 3, NULL, 1715044822, NULL),
(584, 'B', '576', '14530', 'VS.330', '2024', 'B-576/14530/VS.330/2024', 'Pengumpulan Data Kehutanan Triwulanan', 'Kepala Dinas LHK', '2024-05-07', NULL, NULL, 13, 13, 1715047390, 1715825388),
(585, 'B', '577', '14000', 'DL.100', '2024', 'B-577/14000/DL.100/2024', 'Surat pengantar', 'dinas terkait', '2024-05-07', NULL, NULL, 2, NULL, 1715051514, NULL),
(586, 'B', '578', '14000', 'VS.200', '2024', 'B-578/14000/VS.200/2024', 'Usulan Penambahan Petugas SEP', 'Sestama', '2024-05-07', NULL, NULL, 13, NULL, 1715064184, NULL),
(587, 'B', '579', '14000', 'VS.025', '2024', 'B-579/14000/VS.025/2024', 'Kegiatan Uji Coba  Pemutakhiran Wilkerstat SE2026', 'Kepala BPS Kota Pekanbaru', '2024-05-07', NULL, NULL, 2, NULL, 1715067027, NULL),
(588, 'B', '580', '14000', 'VS.630', '2024', 'B-580/14000/VS.630/2024', 'Permohonan Pembukaan Rilis 15 Mei 2024', 'Gubernur Riau', '2024-05-07', NULL, NULL, 2, NULL, 1715069499, NULL),
(589, 'B', '581', '14000', 'VS.190', '2024', 'B-581/14000/VS.190/2024', 'Undangan Briefing Survei Statistik Keuangan Tahun 2024', 'Kepala BPS Kab/Kota ', '2024-05-08', NULL, 'Masih Draf', 12, NULL, 1715134870, NULL),
(590, 'B', '582', '14000', 'VS.400', '2024', 'B-582/14000/VS.400/2024', 'Perpanjangan Kegiatan Pencacahan Lapangan DPA 2024', 'Kepala BPS Kabupaten/Kota se-Provinsi Riau', '2024-05-08', NULL, NULL, 13, NULL, 1715135401, NULL),
(591, 'B', '583', '14000', 'KS.200', '2024', 'B-583/14000/KS.200/2024', 'Permohonan Raw data Podes', 'Direktur Diseminasi Statistik BPS RI', '2024-05-08', NULL, NULL, 2, NULL, 1715151290, NULL),
(592, 'B', '584', '14000', 'PL.250', '2024', 'B-584/14000/PL.250/2024', 'izin peminjaman ruangan VIP', 'Ka biro Protokol', '2024-05-08', NULL, NULL, 3, 3, 1715152968, 1715154456),
(593, 'B', '585', '14000', 'KA.200', '2024', 'B-585/14000/KA.200/2024', 'Surat pengantar BPKB', 'BPS Kota Dumai', '2024-05-08', NULL, NULL, 3, NULL, 1715155917, NULL),
(594, 'B', '586', '14000', 'VS.100', '2024', 'B-586/14000/VS.100/2024', 'Usulan ganti BS SEP', 'Metodologi', '2024-05-08', NULL, NULL, 13, NULL, 1715158216, NULL),
(595, 'B', '587', '14000', 'KU.520', '2024', 'B-587/14000/KU.520/2024', 'Surat Pengantar Pengiriman LK Wilayah Audited Tahun 2023', 'DJPB Prov. Riau', '2024-05-13', NULL, '-', 3, 3, 1715565516, 1715565609),
(596, 'B', '588', '14000', 'VS.220', '2024', 'B-588/14000/VS.220/2024', 'Pemberitahuan Pelaksanaan Pelatihan Petugas UPB dan UTL', 'Kepala BPS Kab/Kot', '2024-05-13', NULL, NULL, 13, NULL, 1715578930, NULL),
(597, 'B', '589', '14000', 'VS.210', '2024', 'B-589/14000/VS.210/2024', 'Penyesuaian Jumlah Petugas dan Pelaksanaan Pelatihan Inda Kegiatan Updating Direktori Usaha/Perusahaan Ekonomi dalam Rangka SE2026', 'Kepala BPS Kabupaten/Kota se-Provinsi Riau', '2024-05-13', NULL, NULL, 12, NULL, 1715585181, NULL),
(598, 'B', '590', '14000', 'VS.300', '2024', 'B-590/14000/VS.300/2024', 'Updating Direktori Perusahaan Industri', 'Kepala Dinas Perindustrian, Perdagangan, Koperasi dan UKM Provinsi Riau', '2024-05-14', NULL, NULL, 13, NULL, 1715648198, NULL),
(599, 'B', '591', '14000', 'VS.190', '2024', 'B-591/14000/VS.190/2024', 'Persiapan Kegiatan Survei Karakteristik Usaha  (SKU) Tahun 2024', 'BPS Kab/kota', '2024-05-14', NULL, NULL, 12, NULL, 1715648910, NULL),
(600, 'B', '592', '14000', 'VS.630', '2024', 'B-592/14000/VS.630/2024', 'Internalisasi PEKPPP BPS Kabupaten Kota Aspek Kebijakan Pelayanan', 'Kepala BPS Kabupaten Kota', '2024-05-14', NULL, NULL, 2, NULL, 1715651267, NULL),
(601, 'B', '593', '14000', 'VS.100', '2024', 'B-593/14000/VS.100/2024', 'Tambahan Sampel Cadangan Ubinan Padi SR2 2024', 'direktur PMSS', '2024-05-14', NULL, NULL, 13, NULL, 1715660492, NULL),
(602, 'B', '594', '14000', 'KP.540', '2024', 'B-594/14000/KP.540/2024', 'Usulan KP Agstus an. M. Nata Kusuma', 'Biro SDM', '2024-05-15', NULL, NULL, 3, NULL, 1715742884, NULL),
(603, 'B', '595', '14000', 'KP.540', '2024', 'B-595/14000/KP.540/2024', 'Usulan KP Agustus an. Ahsin I', 'Biro SDM', '2024-05-15', NULL, NULL, 3, NULL, 1715742998, NULL),
(604, 'B', '596', '14000', 'KP.540', '2024', 'B-596/14000/KP.540/2024', 'Usulan KP Agustus an. Heny Suryani', 'Biro SDM', '2024-05-15', NULL, NULL, 3, NULL, 1715743055, NULL),
(605, 'B', '597', '14000', 'KP.540', '2024', 'B-597/14000/KP.540/2024', 'Usulan KP Agustus an. Zamzami', 'Biro SDM', '2024-05-15', NULL, NULL, 3, NULL, 1715743087, NULL),
(606, 'B', '598', '14000', 'KP.540', '2024', 'B-598/14000/KP.540/2024', 'Usulan KP Agustus an. Wahyu Hassapni', 'Biro SDM', '2024-05-15', NULL, NULL, 3, NULL, 1715743122, NULL),
(607, 'B', '599', '14000', 'KP.540', '2024', 'B-599/14000/KP.540/2024', 'Usulan KP Agustus an. Wiwin Amalia', 'Biro SDM', '2024-05-15', NULL, NULL, 3, NULL, 1715743175, NULL),
(608, 'B', '600', '14000', 'KP.540', '2024', 'B-600/14000/KP.540/2024', 'Usulan KP Agustus an. Rani syafrima', 'Biro SDM', '2024-05-15', NULL, NULL, 3, NULL, 1715743213, NULL),
(609, 'B', '601', '14000', 'KP.540', '2024', 'B-601/14000/KP.540/2024', 'Daftar usulan Kenaikan pangkat pegawai BPS Provinsi Riau periode Agustus 2024', 'Biro SDM', '2024-05-15', NULL, NULL, 3, NULL, 1715743424, NULL),
(610, 'B', '602', '14000', 'TS.270', '2024', 'B-602/14000/TS.270/2024', 'UNDANGAN CAPACITY BUILDING DENGAN TEMA: MEMBENTUK GROWTH MINDSET INSAN STATISTIK', 'Universitas Riau dan Universitas Islam Riau', '2024-05-15', NULL, NULL, 3, NULL, 1715758581, NULL),
(611, 'B', '603', '14000', 'VS.100', '2024', 'B-603/14000/VS.100/2024', 'Surat Pengantar Dokumen dan Pelengkapan Petugas Sensus Ekonomi Pertanian (SEP) 2024', 'Kepala BPS Kab/Kota', '2024-05-15', NULL, NULL, 13, NULL, 1715759747, NULL),
(612, 'B', '604', '14000', 'TS.270', '2024', 'B-604/14000/TS.270/2024', 'Undangan Pelaksanaan Akustik Series 5 Tahun 2024', 'Kepala BPS Kab/Kota se-Riau', '2024-05-16', NULL, NULL, 3, NULL, 1715823568, NULL),
(613, 'B', '605', '14000', 'VS.190', '2024', 'B-605/14000/VS.190/2024', 'Permintaan data Peta Kawasan Hutan', 'Kepala BPKH Wilayah XIX', '2024-05-16', NULL, NULL, 11, NULL, 1715832849, NULL),
(614, 'B', '606', '14000', 'VS.630', '2024', 'B-606/14000/VS.630/2024', 'Internalisasi PEKPPP BPS Kabupaten Kota Aspek Profesionalisme SDM', 'Kepala BPS Kabupaten Kota', '2024-05-17', NULL, NULL, 2, NULL, 1715918888, NULL),
(615, 'B', '607', '14000', 'VS.630', '2024', 'B-607/14000/VS.630/2024', 'Permintaan Penggabungan Dashboard Aplikasi Layanan PST', 'Direktur Diseminasi Statistik BPS RI', '2024-05-17', NULL, NULL, 2, NULL, 1715931332, NULL),
(616, 'B', '608', '14000', 'PR.400', '2024', 'B-608/14000/PR.400/2024', 'Pelaksanaan Pelatihan Petugas Survei Ekonomi Pertanian 2024 BPS Kabupaten Siak', 'Sekretaris Utama Badan Pusat Statistik', '2024-05-17', NULL, 'Pelaksanaan Pelatihan Petugas Survei Ekonomi Pertanian 2024 BPS Kabupaten Siak', 3, NULL, 1715938295, NULL),
(617, 'B', '609', '14510', 'KP.610', '2024', 'B-609/14510/KP.610/2024', 'Usulan Pembuatan Karis Muhammad Rizki', 'Kepala BKN Regional XII', '2024-05-20', NULL, NULL, 3, NULL, 1716169456, NULL),
(618, 'B', '610', '14510', 'KP.610', '2024', 'B-610/14510/KP.610/2024', 'Usulan Pembuatan Karis Andriansyah Muqiit', 'Kepala BKN Regional XII', '2024-05-20', NULL, NULL, 3, NULL, 1716169492, NULL),
(619, 'B', '611', '14510', 'KP.611', '2024', 'B-611/14510/KP.611/2024', 'Usulan Pembuatan Kartu Istri PNS  a.n Ahmad Syahid Ibnu Syarif S.Tr.Stat.', 'Kepala BKN Regional XII', '2024-05-20', NULL, NULL, 3, NULL, 1716170254, NULL),
(620, 'B', '612', '14510', 'KP.612', '2024', 'B-612/14510/KP.612/2024', 'Usulan Pembuatan Kartu Suami PNS  a.n Primavera Dian Rizkiani S.Stat.', 'Kepala BKN Regional XII', '2024-05-20', NULL, NULL, 3, 3, 1716170281, 1716170291),
(621, 'B', '613', '14000', 'KP.630', '2024', 'B-613/14000/KP.630/2024', 'SK KP Periode Juni 2024', 'BPS Kab. Kuansing', '2024-05-20', NULL, NULL, 3, NULL, 1716171954, NULL),
(622, 'B', '614', '14000', 'PS.100', '2024', 'B-614/14000/PS.100/2024', 'Undangan Narasumber  Sosialisasi Benturan Kepentingan', 'Deputi Bidang Pencegahan dan Monitoring Up. Direktur Monitoring Komisi Pemberantasan Korupsi', '2024-05-20', NULL, NULL, 11, NULL, 1716177319, NULL),
(623, 'B', '615', '14000', 'KP.200', '2024', 'B-615/14000/KP.200/2024', 'Balasan Magang SMK Ibnu Taimiyah', 'Kepala SMK Ibnu Taimiyah', '2024-05-20', NULL, NULL, 3, NULL, 1716178987, NULL),
(624, 'B', '616', '14000', 'PR.400', '2024', 'B-616/14000/PR.400/2024', 'Permohonan Anggaran Belanja Modal Peralatan PerkantoranTahun Anggaran 2024', 'Sekretaris Utama Badan Pusat Statistik', '2024-05-20', NULL, NULL, 3, NULL, 1716189648, NULL),
(625, 'B', '617', '14000', 'ss 220', '2024', 'B-617/14000/ss 220/2024', 'Undangan Pelatihan Petugas UPB dan UTL', 'Kepala Dinas Perkebunan Provinsi Riau', '2024-05-20', NULL, NULL, 13, NULL, 1716190917, NULL),
(626, 'B', '618', '14000', 'KP.200', '2024', 'B-618/14000/KP.200/2024', 'Balasan permohonan magang SMK Labor', 'Kepala SMK Labor', '2024-05-20', NULL, NULL, 3, NULL, 1716193204, NULL),
(627, 'B', '619', '14000', 'KP.200', '2024', 'B-619/14000/KP.200/2024', 'Balasan permohonan magang UNILAK', 'Dekan Fakultas Ilmu Administrasi UNILAK', '2024-05-20', NULL, NULL, 3, NULL, 1716193264, NULL),
(628, 'B', '620', '14000', 'KP.200', '2024', 'B-620/14000/KP.200/2024', 'Balasan usulan magang UIR', 'Dekan Fakultas Teknik UIR', '2024-05-20', NULL, NULL, 3, NULL, 1716193294, NULL),
(629, 'B', '621', '14000', 'KP.300', '2024', 'B-621/14000/KP.300/2024', 'Usul Calon Peserta UDPI Tahun 2024', 'Sekretaris Utama BPS', '2024-05-20', NULL, NULL, 3, NULL, 1716195717, NULL),
(630, 'B', '622', '14000', 'ss 300', '2024', 'B-622/14000/ss 300/2024', 'Penggunaan Sipantau pada Kegiatan Survei Ekonomi Pertanian (SEP)', 'Kepala BPS Kabupaten/Kota se-Provinsi Riau', '2024-05-20', NULL, NULL, 13, NULL, 1716199657, NULL),
(631, 'B', '623', '14000', 'KP.600', '2024', 'B-623/14000/KP.600/2024', 'Permohonan Izin Pendaftaran Seleksi Terbuka JPT Pratama di Pemerintah Prov Riau', 'BPS', '2024-05-21', NULL, NULL, 3, NULL, 1716252000, NULL),
(632, 'B', '624', '14000', 'VS.220', '2024', 'B-624/14000/VS.220/2024', 'Pelatihan Petugas UPB dan UTL Provinsi Riau', 'Direktur Statistik Tanaman Pangan, Hortikultura, dan Perkebunan (STPHP) ', '2024-05-21', NULL, NULL, 13, NULL, 1716256280, NULL),
(633, 'B', '625', '14510', 'KP.600', '2024', 'B-625/14510/KP.600/2024', 'Usulan Surat Pak Ajid', 'Badan Pusat Statistik', '2024-05-21', NULL, NULL, 3, 3, 1716261214, 1716266141),
(634, 'B', '626', '14510', 'KP.510', '2024', 'B-626/14510/KP.510/2024', 'Hasil Verifikasi dan Penerimaan Tawaran Pindah Pegawai', 'Kepala Biro SDM', '2024-05-21', NULL, NULL, 3, NULL, 1716263843, NULL),
(635, 'B', '627', '14510', 'KP.310', '2024', 'B-627/14510/KP.310/2024', 'Surat Pengantar SPTB Ryan Alfitra', 'Kepala Pusdiklat', '2024-05-21', NULL, NULL, 3, 3, 1716265015, 1716265043),
(636, 'B', '628', '14510', 'KP.610', '2024', 'B-628/14510/KP.610/2024', 'Usulan Pembuatan Karsu Devi Giesty Thyana S.Tr.Stat.', 'Kepala BKN Regional XII', '2024-05-22', NULL, NULL, 3, NULL, 1716347151, NULL),
(637, 'B', '629', '14000', 'VS.220', '2024', 'B-629/14000/VS.220/2024', 'Pemanggilan Peserta Pelatihan Petugas SEP UPB dan UTL', 'Kepala BPS Kabupaten/Kota se-Provinsi Riau', '2024-05-22', NULL, NULL, 13, NULL, 1716352853, NULL),
(638, 'B', '630', '14000', 'VS.220', '2024', 'B-630/14000/VS.220/2024', 'Pemberitahuan Pelaksanaan Pelatihan Survei Ekonomi Pertanian (SEP) 2024 Kabupaten Rokan Hulu', 'Sestama', '2024-05-22', NULL, NULL, 13, NULL, 1716361180, NULL),
(639, 'B', '631', '14000', 'VS.100', '2024', 'B-631/14000/VS.100/2024', 'Video Bahan Tayang SEP 2024', 'Kepala BPS Kabupaten/Kota se-Provinsi Riau', '2024-05-27', NULL, NULL, 13, 13, 1716771581, 1716771714),
(640, 'B', '632', '14000', 'pr440', '2024', 'B-632/14000/pr440/2024', 'Permintaan Pemutakhiran Data Petunjuk Operasional Kegiatan', 'Kanwil DJPB', '2024-05-27', NULL, NULL, 3, NULL, 1716771696, NULL),
(641, 'B', '633', '14000', 'VS.630', '2024', 'B-633/14000/VS.630/2024', 'Internalisasi PEKPPP BPS Kabupaten Kota Aspek Sarana dan Prasarana', 'Kepala BPS Kabupaten Kota', '2024-05-27', NULL, NULL, 2, NULL, 1716774205, NULL),
(642, 'B', '634', '14510', 'KP.900', '2024', 'B-634/14510/KP.900/2024', 'Surat Pernyataan Tidak terkena HD Durmawan', 'BKN', '2024-05-27', NULL, NULL, 3, 3, 1716774688, 1716774698),
(643, 'B', '635', '14510', 'KP.900', '2024', 'B-635/14510/KP.900/2024', 'Surat Pernyataan Tidak terkena Pidana Durmawan ', 'BKN', '2024-05-27', NULL, NULL, 3, NULL, 1716774744, NULL),
(644, 'B', '636', '14510', 'KP.900', '2024', 'B-636/14510/KP.900/2024', 'Surat Pernyataan Tidak terkena HD Morhan', 'BKN', '2024-05-27', NULL, NULL, 3, NULL, 1716774805, NULL),
(645, 'B', '637', '14510', 'KP.900', '2024', 'B-637/14510/KP.900/2024', 'Surat Pernyataan Tidak terkena Pidana Morhan ', 'BKN', '2024-05-27', NULL, NULL, 3, NULL, 1716775070, NULL),
(646, 'B', '638', '14510', 'KP.900', '2024', 'B-638/14510/KP.900/2024', 'Surat Pernyataan Tidak terkena HD Sumarji', 'BKN', '2024-05-27', NULL, NULL, 3, NULL, 1716775108, NULL),
(647, 'B', '639', '14510', 'KP.900', '2024', 'B-639/14510/KP.900/2024', 'Surat Pernyataan Tidak terkena Pidana Sumarji ', 'BKN', '2024-05-27', NULL, NULL, 3, NULL, 1716775129, NULL),
(648, 'B', '640', '14510', 'KP.900', '2024', 'B-640/14510/KP.900/2024', 'Surat Pernyataan Tidak terkena HD Mujihartini', 'BKN', '2024-05-27', NULL, NULL, 3, NULL, 1716775155, NULL),
(649, 'B', '641', '14000', 'KP.900', '2024', 'B-641/14000/KP.900/2024', 'Surat Pernyataan Tidak terkena Pidana Mujihartini', 'BKN', '2024-05-27', NULL, NULL, 3, NULL, 1716775182, NULL),
(650, 'B', '642', '14000', 'KS.100', '2024', 'B-642/14000/KS.100/2024', 'Jawaban Surat DLHK', 'DLHK', '2024-05-27', NULL, NULL, 2, NULL, 1716778502, NULL),
(651, 'B', '643', '14000', 'PW.100', '2024', 'B-643/14000/PW.100/2024', 'Usulan Peserta Pelatihan Peningkatan Pemahaman Gratifikasi', 'Kepala Bagian Umum Inspektorat utama', '2024-05-27', NULL, NULL, 3, NULL, 1716780174, NULL),
(652, 'B', '644', '14510', 'KP.610', '2024', 'B-644/14510/KP.610/2024', 'Usulan Pembuatan Kartu Suami PNS  a.n Wiwin Amalia Ritonga, S.Si.', 'Kepala BKN Regional XII', '2024-05-27', NULL, NULL, 3, NULL, 1716781604, NULL),
(653, 'B', '645', '14510', 'KP.610', '2024', 'B-645/14510/KP.610/2024', 'Usulan Pembuatan Kartu Suami PNS  a.n Rani Syafrima Putri, S.Si.', 'Kepala BKN Regional XII', '2024-05-27', NULL, NULL, 3, NULL, 1716781628, NULL),
(654, 'B', '646', '14510', 'KP.610', '2024', 'B-646/14510/KP.610/2024', 'Usulan Pembuatan Kartu Suami PNS  a.n Nidiya Arfiani, SST', 'Kepala BKN Regional XII', '2024-05-27', NULL, NULL, 3, NULL, 1716781652, NULL),
(655, 'B', '647', '14510', 'KP.610', '2024', 'B-647/14510/KP.610/2024', 'Usulan Pembuatan Kartu Suami PNS  a.n Rizka Ayu Damayanti, S.Tr.Stat.', 'Kepala BKN Regional XII', '2024-05-27', NULL, NULL, 3, NULL, 1716781685, NULL),
(656, 'B', '648', '14510', 'KP.610', '2024', 'B-648/14510/KP.610/2024', 'Usulan Pembuatan Kartu Istri PNS  a.n Reza Rizki Ramadhan, S.Tr.Stat.', 'Kepala BKN Regional XII', '2024-05-27', NULL, NULL, 3, 3, 1716781751, 1716781901),
(657, 'B', '649', '14510', 'KP.610', '2024', 'B-649/14510/KP.610/2024', 'Usulan Pembuatan Kartu Suami PNS  a.n Nurfitri Aulia, S.Tr.Stat.', 'Kepala BKN Regional XII', '2024-05-27', NULL, NULL, 3, 3, 1716781790, 1716782137),
(658, 'B', '650', '14000', 'KP.610', '2024', 'B-650/14000/KP.610/2024', 'Usulan Pembuatan Kartu Istri PNS  a.n Deri Meiliadi, SE', 'Kepala BKN Regional XII', '2024-05-27', NULL, NULL, 3, NULL, 1716781895, NULL),
(659, 'B', '651', '14510', 'KP.610', '2024', 'B-651/14510/KP.610/2024', 'Usulan Pembuatan Kartu Suami PNS  a.n Tutut Nurwidiya', 'Kepala BKN Regional XII', '2024-05-27', NULL, NULL, 3, 3, 1716781953, 1716782145),
(660, 'B', '652', '14510', 'KP.610', '2024', 'B-652/14510/KP.610/2024', ' Usulan Pembuatan Kartu Istri PNS  a.n Rediman Suhartono', 'Kepala BKN Regional XII', '2024-05-27', NULL, NULL, 3, 3, 1716781985, 1716782152),
(661, 'B', '653', '14000', 'VS.330', '2024', 'B-653/14000/VS.330/2024', 'Kegiatan Rekonsiliasi Data IKK 2024 dan Pencacahan SHMP 2024', 'BPS Kabupaten/Kota', '2024-05-27', NULL, NULL, 12, NULL, 1716783598, NULL),
(662, 'B', '654', '14000', 'VS.630', '2024', 'B-654/14000/VS.630/2024', 'Permohonan Pembukaan Rilis 3 Juni 2024', 'Gubernur Riau', '2024-05-27', NULL, NULL, 2, NULL, 1716796321, NULL),
(663, 'B', '655', '14550', 'VS.220', '2024', 'B-655/14550/VS.220/2024', 'Permintaan Nama Peserta Pelatihan Petugas Pencacahan Survei Penyusunan Disagregasi PMTB dan In-Depth Study SEEA 2024', 'BPS Kabupaten/Kota', '2024-05-28', NULL, NULL, 14, NULL, 1716857506, NULL),
(664, 'B', '656', '14000', 'HM.310', '2024', 'B-656/14000/HM.310/2024', 'Permohonan pembuatan paspor pegawai dan keluarga pegawai', 'Kepala Kantor Imigrasi kelas I Pekanbaru', '2024-05-28', NULL, 'Sari/umum', 3, NULL, 1716859396, NULL),
(665, 'B', '657', '14000', 'PR.400', '2024', 'B-657/14000/PR.400/2024', 'Permohonan Anggaran Belanja Modal Peralatan Perkantoran Tahun Anggaran 2024', 'Sekretaris Utama Badan Pusat Statistik', '2024-05-28', NULL, 'Permohonan Anggaran Belanja Modal Peralatan Perkantoran Tahun Anggaran 2024', 3, NULL, 1716860427, NULL),
(666, 'B', '658', '14510', 'KP.610', '2024', 'B-658/14510/KP.610/2024', 'Surat Pengantar KARIS/KARSU', 'BPS Kota Dumai dan BPS Inhil', '2024-05-28', NULL, NULL, 3, NULL, 1716869808, NULL),
(667, 'B', '659', '14000', 'KP.200', '2024', 'B-659/14000/KP.200/2024', 'Balasan Izin Kerja Praktek/Magang', 'Dekan FMIPA UNP', '2024-05-28', NULL, NULL, 3, NULL, 1716869986, NULL),
(668, 'B', '660', '14000', 'VS.190', '2024', 'B-660/14000/VS.190/2024', 'Persiapan Kegiatan Survei Usaha Jasa Akomodasi (VHTL) dan Survei Objek Daya Tarik Wisata (VDTW) 	  Tahun 2024', 'BPS Kab/kota', '2024-05-28', NULL, NULL, 12, NULL, 1716881144, NULL),
(669, 'B', '661', '14000', 'VS.100', '2024', 'B-661/14000/VS.100/2024', 'Mitigasi Kualitas Data SEP 2024', 'Kepala BPS Kabupaten/Kota se-Provinsi Riau', '2024-05-28', NULL, NULL, 13, NULL, 1716881468, NULL),
(670, 'B', '662', '14000', 'KP.500', '2024', 'B-662/14000/KP.500/2024', 'Perbaikan Surat Usul Mutasi dari Walikota Pekanbaru  	 a.n Afriandi Pane, S.M, NIP. 198004152007101001', 'Kepala Biro SDM BPS', '2024-05-28', NULL, NULL, 3, NULL, 1716943432, NULL),
(671, 'B', '663', '14000', 'KP.380', '2024', 'B-663/14000/KP.380/2024', 'Permohonan Perbaikan SK Hukuman Disiplin', 'Kepala Biro SDM', '2024-05-28', NULL, 'Permohonan Perbaikan SK Hukuman Disiplin', 3, 3, 1716943713, 1716944195),
(672, 'B', '664', '14000', 'VS.200', '2024', 'B-664/14000/VS.200/2024', 'Penegasan, Pedoman Petugas, Bahan Ajar Pelatihan, dan Pedoman Teknis SEP 2024', 'Kepala BPS Kabupaten/Kota se-Provinsi Riau', '2024-05-29', NULL, NULL, 13, NULL, 1716960978, NULL),
(673, 'B', '665', '14510', 'KP.630', '2024', 'B-665/14510/KP.630/2024', 'Surat Pengantar SK Pengaktifan Fungsional', 'BPS Pelalawan', '2024-05-29', NULL, NULL, 3, NULL, 1716965010, NULL),
(674, 'B', '666', '14000', 'VS.300', '2024', 'B-666/14000/VS.300/2024', 'Penyelesaian Pendataan Podes 2024', 'BPS Kabupaten/Kota se-Provinsi Riau', '2024-05-29', NULL, NULL, 11, NULL, 1716965936, NULL),
(676, 'B', '667', '14000', 'PR.440', '2024', 'B-667/14000/PR.440/2024', 'Usulan Revisi Anggaran', 'Kanwil DJPB', '2024-05-30', NULL, NULL, 3, NULL, 1717114321, NULL),
(677, 'B', '668', '14000', 'HM.310', '2024', 'B-668/14000/HM.310/2024', 'Permintaan program intervensi kemiskinan 2024', 'Kepala Bappeda Provinsi Riau', '2024-05-31', NULL, NULL, 11, NULL, 1717117239, NULL),
(678, 'B', '669', '14000', 'VS.190', '2024', 'B-669/14000/VS.190/2024', 'Persiapan Pelaksanaan Sakernas Agustus 2024', 'BPS Kabupaten/Kota se-Provinsi Riau', '2024-05-31', NULL, NULL, 11, NULL, 1717118599, NULL),
(679, 'B', '670', '14000', 'VS.630', '2024', 'B-670/14000/VS.630/2024', 'Persetujuan Rilis Publikasi Inflasi Q-TO-Q PRovinsi Riau Triwulan 1', 'direktur diseminasi statistik', '2024-05-31', NULL, NULL, 12, NULL, 1717120936, NULL),
(680, 'B', '671', '14000', 'VS.543', '2024', 'B-671/14000/VS.543/2024', 'BERITA ACARA SERAH TERIMA SOFTCOPY PUBLIKASI FINAL', 'Ketua tim Diseminasi Provinsi Riau', '2024-05-31', NULL, NULL, 12, NULL, 1717121023, NULL),
(681, 'B', '672', '14560', 'SS.210', '2024', 'B-672/14560/SS.210/2024', 'Pelatihan Instruktur Daerah dan Briefing Pengolahan Data SEP 2024', 'Kepala BPS Kabupaten/Kota se-Provinsi Riau', '2024-05-31', '1717373731.pdf', 'Pelatihan Instruktur Daerah dan Briefing Pengolahan Data SEP 2024', 2, 2, 1717140796, 1717373731),
(682, 'B', '673', '14000', 'KS.200', '2024', 'B-673/14000/KS.200/2024', 'SPRP Publikasi Ringkasan Eksekutif Luas Panen', 'Kepala BPS', '2024-05-31', NULL, NULL, 13, NULL, 1717202172, NULL),
(683, 'B', '674', '14000', 'PL.714', '2024', 'B-674/14000/PL.714/2024', 'Tanda Terima BAST Alat Uji Kualitas Gabah dan Beras TA 2024', 'BPS Kabupaten/Kota', '2024-06-03', NULL, NULL, 3, NULL, 1717378773, NULL),
(684, 'R', '675', '14000', 'KP.600', '2024', 'R-675/14000/KP.600/2024', 'Surat Pengantar Permohonan perbaikan SK Hukuman Disiplin ', 'Plt. Sekretaris Utama BPS', '2024-06-03', NULL, NULL, 3, NULL, 1717381164, NULL),
(685, 'B', '676', '14000', 'VS.500', '2024', 'B-676/14000/VS.500/2024', 'Persiapan Rilis Kemiskinan 2024', 'BPS Kabupaten/Kota se-Provinsi Riau', '2024-06-03', NULL, NULL, 11, NULL, 1717387235, NULL),
(686, 'B', '677', '14000', 'VS.630', '2024', 'B-677/14000/VS.630/2024', 'Internalisasi PEKPPP BPS Kabupaten Kota Aspek Inovasi', 'Kepala BPS Kabupaten Kota', '2024-06-03', NULL, NULL, 2, 2, 1717390971, 1717391077),
(687, 'B', '678', '14000', 'VS.630', '2024', 'B-678/14000/VS.630/2024', 'Surat balasan permintaan narasumber di UIN SUSKA', 'UIN SUSKA RIAU', '2024-06-03', NULL, NULL, 2, NULL, 1717400195, NULL),
(688, 'B', '679', '14000', 'DL.000', '2024', 'B-679/14000/DL.000/2024', 'Monitoring BRS', 'Kepala BPS Kabkota', '2024-06-03', NULL, NULL, 2, NULL, 1717402463, NULL),
(689, 'B', '680', '14000', 'KP.600', '2024', 'B-680/14000/KP.600/2024', 'Undangan Pelantikan dan Pengambilan  Sumpah/Janji Jabatan Pengawas ', 'BPS Kuansing dan BPS Rokan Hilir', '2024-06-04', NULL, NULL, 3, NULL, 1717463003, NULL),
(690, 'B', '681', '14000', 'KP.600', '2024', 'B-681/14000/KP.600/2024', 'Undangan Saksi Pelantikan dan Pengambilan  Sumpah/Janji Jabatan Pengawas', 'BPS Kuansing dan BPS Rokan Hilir', '2024-06-04', NULL, NULL, 3, NULL, 1717463082, NULL),
(691, 'B', '682', '14000', 'KP.600', '2024', 'B-682/14000/KP.600/2024', 'Undangan menghadiri Pelantikan dan Pengambilan  Sumpah/Janji Jabatan Pengawas', 'Pegawai BPS Provinsi Riau', '2024-06-04', NULL, NULL, 3, NULL, 1717463117, NULL),
(692, 'B', '683', '14000', 'SS.560', '2024', 'B-683/14000/SS.560/2024', 'Surat Terusan Publikasi Hasil ST2023 Tahap II ', 'Kepala BPS Kab/Kota', '2024-06-04', NULL, NULL, 13, NULL, 1717464807, NULL),
(693, 'B', '684', '14000', 'VS.630', '2024', 'B-684/14000/VS.630/2024', 'Nama narasumber Dinkes', 'Kepala Dinas Kesehatan Provinsi Riau', '2024-06-05', NULL, NULL, 2, NULL, 1717561594, NULL),
(694, 'B', '685', '14000', 'VS.230', '2024', 'B-685/14000/VS.230/2024', 'Pengiriman DSBS Sakernas Agustus 2024', 'Kepala BPS Kabupaten/Kota', '2024-06-05', NULL, NULL, 2, NULL, 1717561790, NULL),
(695, 'B', '686', '14000', 'VS.600', '2024', 'B-686/14000/VS.600/2024', 'Pemeriksaan Dummy Tabel Publikasi Statistik Kesejahteraan Rakyat 2024 Kabupaten/Kota', 'Kepala BPS Kabupaten/Kota se-Provinsi Riau', '2024-06-05', NULL, NULL, 11, NULL, 1717572462, NULL),
(696, 'B', '687', '14000', 'VS.190', '2024', 'B-687/14000/VS.190/2024', 'Permohonan  Penyediaan Data Indikator Inflow-Outflow Uang Kartal di Provinsi Riau', 'Kepala Kantor Perwakilan Bank Indonesia Provinsi Riau', '2024-06-05', NULL, NULL, 12, 12, 1717572705, 1717572717),
(697, 'B', '688', '14000', 'KU.300', '2024', 'B-688/14000/KU.300/2024', 'Ralat/Perbaikan Data Rekening Penerima Pembayaran', 'KPPN Pekanbaru', '2024-06-06', NULL, '-', 3, NULL, 1717637224, NULL),
(698, 'B', '689', '14000', 'KU.300', '2024', 'B-689/14000/KU.300/2024', 'Rincian Ralat/Perbaikan Data Rekening Penerima Pembayaran', 'KPPN Pekanbaru', '2024-06-06', NULL, '-', 3, NULL, 1717637696, NULL),
(699, 'B', '690', '14000', 'HM.300', '2024', 'B-690/14000/HM.300/2024', 'nama narasumber SISPARNAS', 'Dinas Pariwisata', '2024-06-06', NULL, NULL, 12, NULL, 1717637800, NULL),
(700, 'B', '691', '14000', 'VS.200', '2024', 'B-691/14000/VS.200/2024', 'Persiapan Pelatihan Sakernas Agustus 2024', 'BPS Kabupaten/Kota se-Provinsi Riau', '2024-06-07', NULL, NULL, 11, NULL, 1717722478, NULL),
(701, 'B', '692', '14000', 'PL.810', '2024', 'B-692/14000/PL.810/2024', 'Surat Keputusan Pejabat Penjual', 'KPKNL Pekanbaru', '2024-06-07', NULL, NULL, 3, NULL, 1717727591, NULL),
(702, 'B', '693', '14000', 'PL.810', '2024', 'B-693/14000/PL.810/2024', 'Surat Keputusan Pejabat Penjual', 'KPKNL Pekanbaru', '2024-06-07', NULL, NULL, 3, NULL, 1717727608, NULL),
(703, 'B', '694', '14000', 'PL.810', '2024', 'B-694/14000/PL.810/2024', 'Surat Keputusan Pejabat Penjual', 'KPKNL Pekanbaru', '2024-06-07', NULL, NULL, 3, NULL, 1717727622, NULL),
(704, 'B', '695', '14000', 'PL.810', '2024', 'B-695/14000/PL.810/2024', 'Surat Keputusan Pejabat Penjual', 'KPKNL Pekanbaru', '2024-06-07', NULL, NULL, 3, NULL, 1717727634, NULL),
(705, 'B', '696', '14000', 'PL.810', '2024', 'B-696/14000/PL.810/2024', 'Surat Keputusan Pejabat Penjual', 'KPKNL Pekanbaru', '2024-06-07', NULL, NULL, 3, NULL, 1717727645, NULL),
(706, 'B', '697', '14000', 'PL.810', '2024', 'B-697/14000/PL.810/2024', 'Surat Keputusan Pejabat Penjual', 'KPKNL Pekanbaru', '2024-06-07', NULL, NULL, 3, NULL, 1717727655, NULL),
(707, 'B', '698', '14000', 'PL.810', '2024', 'B-698/14000/PL.810/2024', 'Surat Keputusan Pejabat Penjual', 'KPKNL Pekanbaru', '2024-06-07', NULL, NULL, 3, NULL, 1717727668, NULL),
(708, 'B', '699', '14000', 'PL.810', '2024', 'B-699/14000/PL.810/2024', 'Surat Keputusan Pejabat Penjual', 'KPKNL Pekanbaru', '2024-06-07', NULL, NULL, 3, NULL, 1717727685, NULL),
(709, 'B', '700', '14000', 'PL.810', '2024', 'B-700/14000/PL.810/2024', 'Surat keterangan penyetoran lelang', 'KPKNL Pekanbaru', '2024-06-07', NULL, NULL, 3, NULL, 1717727878, NULL),
(710, 'B', '701', '14000', 'PL.810', '2024', 'B-701/14000/PL.810/2024', 'Surat keterangan penyetoran lelang', 'KPKNL Pekanbaru', '2024-06-07', NULL, NULL, 3, NULL, 1717727890, NULL),
(711, 'B', '702', '14000', 'PL.810', '2024', 'B-702/14000/PL.810/2024', 'Surat keterangan penyetoran lelang', 'KPKNL Pekanbaru', '2024-06-07', NULL, NULL, 3, NULL, 1717727899, NULL),
(712, 'B', '703', '14000', 'PL.810', '2024', 'B-703/14000/PL.810/2024', 'Surat keterangan penyetoran lelang', 'KPKNL Pekanbaru', '2024-06-07', NULL, NULL, 3, NULL, 1717727908, NULL),
(713, 'B', '704', '14000', 'PL.810', '2024', 'B-704/14000/PL.810/2024', 'Surat keterangan penyetoran lelang', 'KPKNL Pekanbaru', '2024-06-07', NULL, NULL, 3, NULL, 1717727921, NULL),
(714, 'B', '705', '14000', 'PL.810', '2024', 'B-705/14000/PL.810/2024', 'Surat keterangan penyetoran lelang', 'KPKNL Pekanbaru', '2024-06-07', NULL, NULL, 3, NULL, 1717727931, NULL),
(715, 'B', '706', '14000', 'PL.810', '2024', 'B-706/14000/PL.810/2024', 'Surat keterangan penyetoran lelang', 'KPKNL Pekanbaru', '2024-06-07', NULL, NULL, 3, NULL, 1717727941, NULL),
(716, 'B', '707', '14000', 'PL.810', '2024', 'B-707/14000/PL.810/2024', 'Surat keterangan penyetoran lelang', 'KPKNL Pekanbaru', '2024-06-07', NULL, NULL, 3, NULL, 1717727952, NULL),
(717, 'B', '708', '14000', 'PL.810', '2024', 'B-708/14000/PL.810/2024', 'Surat Keterangan penguasaan BMN', 'KPKNL Pekanbaru', '2024-06-07', NULL, NULL, 3, NULL, 1717728032, NULL),
(718, 'B', '709', '14000', 'PL.810', '2024', 'B-709/14000/PL.810/2024', 'Surat Keterangan penguasaan BMN', 'KPKNL Pekanbaru', '2024-06-07', NULL, NULL, 3, NULL, 1717728042, NULL),
(719, 'B', '710', '14000', 'PL.810', '2024', 'B-710/14000/PL.810/2024', 'Surat Keterangan penguasaan BMN', 'KPKNL Pekanbaru', '2024-06-07', NULL, NULL, 3, NULL, 1717728051, NULL),
(720, 'B', '711', '14000', 'PL.810', '2024', 'B-711/14000/PL.810/2024', 'Surat Keterangan penguasaan BMN', 'KPKNL Pekanbaru', '2024-06-07', NULL, NULL, 3, NULL, 1717728060, NULL),
(721, 'B', '712', '14000', 'PL.810', '2024', 'B-712/14000/PL.810/2024', 'Surat Keterangan penguasaan BMN', 'KPKNL Pekanbaru', '2024-06-07', NULL, NULL, 3, NULL, 1717728070, NULL),
(722, 'B', '713', '14000', 'PL.810', '2024', 'B-713/14000/PL.810/2024', 'Surat Keterangan penguasaan BMN', 'KPKNL Pekanbaru', '2024-06-07', NULL, NULL, 3, NULL, 1717728082, NULL),
(723, 'B', '714', '14000', 'PL.810', '2024', 'B-714/14000/PL.810/2024', 'Surat Keterangan penguasaan BMN', 'KPKNL Pekanbaru', '2024-06-07', NULL, NULL, 3, NULL, 1717728094, NULL),
(724, 'B', '715', '14000', 'PL.810', '2024', 'B-715/14000/PL.810/2024', 'Surat Keterangan penguasaan BMN', 'KPKNL Pekanbaru', '2024-06-07', NULL, NULL, 3, NULL, 1717728102, NULL),
(725, 'B', '716', '14000', 'PL.810', '2024', 'B-716/14000/PL.810/2024', 'Surat pengantar Pengajuan Lelang Barang Milik Negara Pada Kantor BPS Provinsi Riau', 'KPKNL Pekanbaru', '2024-06-07', NULL, NULL, 3, NULL, 1717728732, NULL),
(726, 'B', '717', '14000', 'PL.810', '2024', 'B-717/14000/PL.810/2024', 'Surat pengantar Pengajuan Lelang Barang Milik Negara Pada Kantor BPS Provinsi Riau', 'KPKNL Pekanbaru', '2024-06-07', NULL, NULL, 3, NULL, 1717728743, NULL),
(727, 'B', '718', '14000', 'PL.810', '2024', 'B-718/14000/PL.810/2024', 'Surat pengantar Pengajuan Lelang Barang Milik Negara Pada Kantor BPS Provinsi Riau', 'KPKNL Pekanbaru', '2024-06-07', NULL, NULL, 3, NULL, 1717728754, NULL),
(728, 'B', '719', '14000', 'PL.810', '2024', 'B-719/14000/PL.810/2024', 'Surat pengantar Pengajuan Lelang Barang Milik Negara Pada Kantor BPS Provinsi Riau', 'KPKNL Pekanbaru', '2024-06-07', NULL, NULL, 3, NULL, 1717728766, NULL),
(729, 'B', '720', '14000', 'PL.810', '2024', 'B-720/14000/PL.810/2024', 'Surat pengantar Pengajuan Lelang Barang Milik Negara Pada Kantor BPS Provinsi Riau', 'KPKNL Pekanbaru', '2024-06-07', NULL, NULL, 3, NULL, 1717728775, NULL),
(730, 'B', '721', '14000', 'PL.810', '2024', 'B-721/14000/PL.810/2024', 'Surat pengantar Pengajuan Lelang Barang Milik Negara Pada Kantor BPS Provinsi Riau', 'KPKNL Pekanbaru', '2024-06-07', NULL, NULL, 3, NULL, 1717728784, NULL),
(731, 'B', '722', '14000', 'PL.810', '2024', 'B-722/14000/PL.810/2024', 'Surat pengantar Pengajuan Lelang Barang Milik Negara Pada Kantor BPS Provinsi Riau', 'KPKNL Pekanbaru', '2024-06-07', NULL, NULL, 3, NULL, 1717728795, NULL),
(732, 'B', '723', '14000', 'PL.810', '2024', 'B-723/14000/PL.810/2024', 'Surat pengantar Pengajuan Lelang Barang Milik Negara Pada Kantor BPS Provinsi Riau', 'KPKNL Pekanbaru', '2024-06-07', NULL, NULL, 3, NULL, 1717728804, NULL),
(733, 'B', '724', '14510', 'KP.310', '2024', 'B-724/14510/KP.310/2024', 'Usulan Calon Izin Belajar S2 A.n Riki Candra, S.Si.', 'Kepala Pusdiklat BPS', '2024-06-07', NULL, NULL, 3, 3, 1717739817, 1717739836),
(734, 'B', '725', '14000', 'DL.230', '2024', 'B-725/14000/DL.230/2024', 'Pemanggilan Peserta Pelatihan Inda Updating Direktori Usaha/ Perusahaan Ekonomi dalam Rangka SE2026', 'Kepala BPS Kabupaten/Kota se-Provinsi Riau', '2024-06-07', NULL, NULL, 12, NULL, 1717755126, NULL),
(735, 'B', '726', '14000', 'VS.100', '2024', 'B-726/14000/VS.100/2024', 'Pelaksanaan Kerjasama KKN Sains MBKM UNRI', 'Kepala BPS Kab/Kota', '2024-06-10', NULL, '-', 11, NULL, 1717981851, NULL),
(736, 'B', '727', '14000', 'VS.630', '2024', 'B-727/14000/VS.630/2024', 'Internalisasi PEKPPP BPS Kabupaten Kota Aspek Pengaduan', 'Kepala BPS Kabupaten Kota', '2024-06-10', NULL, NULL, 2, 2, 1717983415, 1717983519),
(737, 'B', '728', '14000', 'KA.610', '2024', 'B-728/14000/KA.610/2024', 'BA Pemindahan Arsip PBJ', 'Kabag Umum', '2024-06-10', NULL, 'Sari/umum', 3, NULL, 1717984398, NULL),
(738, 'B', '729', '14000', 'KA.610', '2024', 'B-729/14000/KA.610/2024', 'BA Pemindahan Arsip Fungsi Sosial', 'Kabag Umum', '2024-06-10', NULL, 'Sari/umum', 3, NULL, 1717984456, NULL),
(739, 'B', '730', '14000', 'VS.025', '2024', 'B-730/14000/VS.025/2024', 'Penyampaian Cakupan Updating EA SLS', 'BPS Kabupaten/Kota', '2024-06-10', NULL, NULL, 2, NULL, 1717984671, NULL),
(740, 'B', '731', '14000', 'VS.330', '2024', 'B-731/14000/VS.330/2024', 'Permintaan data STPIM dan SEP', 'PT RAPP', '2024-06-10', NULL, NULL, 13, NULL, 1717986606, NULL),
(741, 'B', '732', '14000', 'VS.630', '2024', 'B-732/14000/VS.630/2024', 'Surat jawaban permohonan bantuan program desa cantik BPS Kabupaten Siak', 'Kepala BPS Kabupaten Siak', '2024-06-10', NULL, NULL, 2, NULL, 1717989590, NULL),
(742, 'B', '733', '14000', 'KP.500', '2024', 'B-733/14000/KP.500/2024', 'Usulan Permohonan Pindah Pegawai', 'Kepala Biro SDM', '2024-06-10', NULL, NULL, 3, 3, 1717998500, 1718152612),
(743, 'B', '734', '14550', 'VS.220', '2024', 'B-734/14550/VS.220/2024', 'Surat Pemanggilan Peserta Pelatihan Petugas Pencacahan Survei Penyusunan Disagregasi PMTB dan In-Depth Study SEEA 2024', 'BPS Kabupaten/Kota', '2024-06-10', NULL, NULL, 14, NULL, 1718001264, NULL),
(744, 'B', '735', '14000', 'VS.630', '2024', 'B-735/14000/VS.630/2024', 'Permohonan Pembukaan Rilis Oleh Gubri', 'Gubernur Riau', '2024-06-10', NULL, NULL, 2, NULL, 1718004805, NULL),
(745, 'B', '736', '14000', 'VS.190', '2024', 'B-736/14000/VS.190/2024', 'Rapat Koordinasi Pembahasan Angka Ubinan SR I Tahun 202', 'Kepala BPS Kab/Kota', '2024-06-11', NULL, NULL, 13, NULL, 1718068903, NULL),
(746, 'B', '737', '14000', 'KP.310', '2024', 'B-737/14000/KP.310/2024', 'Pemberitahuan Proses Pemberian Izin Tugas Belajar Calon Penerima Beasiswa LPDP', 'Direktur LPDP', '2024-06-11', NULL, NULL, 3, NULL, 1718075047, NULL),
(747, 'B', '738', '14000', 'VS.230', '2024', 'B-738/14000/VS.230/2024', 'Hasil Identifikasi DSBS Sakernas Komplemen Agustus 2024', 'Direktur Pengembangan Metodologi Sensus dan Survei  BPS', '2024-06-11', NULL, NULL, 2, 2, 1718081562, 1718090833),
(748, 'B', '739', '14000', 'PR.110', '2024', 'B-739/14000/PR.110/2024', 'Penghargaan Atas Kinerja BPS Kabupaten/Kota Se-Provinsi Riau Semester II Tahun 2023', 'Kepala BPS Kabupaten/Kota se-Provinsi Riau', '2024-06-11', NULL, 'Penghargaan Atas Kinerja BPS Kabupaten/Kota Se-Provinsi Riau Semester II Tahun 2023', 3, NULL, 1718082210, NULL),
(749, 'B', '740', '14000', 'VS.320', '2024', 'B-740/14000/VS.320/2024', 'Pengriman Prelist Updating Direktori Usaha/Perusahaan Ekonomi dalam Rangka Mendukung SE2026 dan Penegasan Anggaran Petugas', 'Kepala BPS Kabupaten/Kota se-Provinsi Riau', '2024-06-11', NULL, NULL, 12, NULL, 1718084009, NULL),
(750, 'B', '741', '14000', 'VS.210', '2024', 'B-741/14000/VS.210/2024', 'Informasi Tambahan Mengenai Sakernas Agustus 2024', 'BPS Kabupaten/Kota se-Provinsi Riau', '2024-06-11', NULL, NULL, 11, NULL, 1718094674, NULL),
(751, 'B', '742', '14000', 'HM.310', '2024', 'B-742/14000/HM.310/2024', 'Tahap Interviu Penilaian Evaluasi Penyelenggaraan Statistik Sektoral (EPSS) Provinsi Riau', 'Kepala BPS Provinsi Sumatera Selatan', '2024-06-12', NULL, NULL, 2, NULL, 1718173706, NULL),
(752, 'R', '743', '14000', 'PW.120', '2024', 'R-743/14000/PW.120/2024', 'Laporan Hasil Penilaian Pendahuluan Pembangunan ZI BPS Provinsi Riau 2024', 'Tim Penilai Internal BPS', '2024-06-13', NULL, NULL, 3, NULL, 1718248035, NULL),
(753, 'R', '744', '14000', 'PW.120', '2024', 'R-744/14000/PW.120/2024', 'Laporan Hasil Penilaian Pendahuluan Pembangunan ZI BPS Kabupaten Kuantan Singingi 2024', 'Tim Penilai Internal BPS', '2024-06-13', NULL, NULL, 3, NULL, 1718248082, NULL),
(754, 'R', '745', '14000', 'PW.120', '2024', 'R-745/14000/PW.120/2024', 'Laporan Hasil Penilaian Pendahuluan Pembangunan ZI BPS Kabupaten Indragiri Hulu 2024', 'Tim Penilai Internal BPS', '2024-06-13', NULL, NULL, 3, NULL, 1718248119, NULL),
(755, 'R', '746', '14000', 'PW.120', '2024', 'R-746/14000/PW.120/2024', 'Laporan Hasil Penilaian Pendahuluan Pembangunan ZI BPS Kabupaten Indragiri Hilir 2024', 'Tim Penilai Internal BPS', '2024-06-13', NULL, NULL, 3, NULL, 1718248149, NULL),
(756, 'R', '747', '14000', 'PW.120', '2024', 'R-747/14000/PW.120/2024', 'Laporan Hasil Penilaian Pendahuluan Pembangunan ZI BPS Kabupaten Pelalawan 2024', 'Tim Penilai Internal BPS', '2024-06-13', NULL, NULL, 3, NULL, 1718248236, NULL),
(757, 'R', '748', '14000', 'PW.120', '2024', 'R-748/14000/PW.120/2024', 'Laporan Hasil Penilaian Pendahuluan Pembangunan ZI BPS Kabupaten Siak 2024', 'Tim Penilai Internal BPS', '2024-06-13', NULL, NULL, 3, NULL, 1718248262, NULL),
(758, 'R', '749', '14000', 'PW.120', '2024', 'R-749/14000/PW.120/2024', 'Laporan Hasil Penilaian Pendahuluan Pembangunan ZI BPS Kabupaten Kampar 2024', 'Tim Penilai Internal BPS', '2024-06-13', NULL, NULL, 3, 3, 1718248290, 1718248301),
(759, 'R', '750', '14000', 'PW.120', '2024', 'R-750/14000/PW.120/2024', 'Laporan Hasil Penilaian Pendahuluan Pembangunan ZI BPS Kabupaten Rokan Hulu 2024', 'Tim Penilai Internal BPS', '2024-06-13', NULL, NULL, 3, NULL, 1718248331, NULL),
(760, 'R', '751', '14000', 'PW.120', '2024', 'R-751/14000/PW.120/2024', 'Laporan Hasil Penilaian Pendahuluan Pembangunan ZI BPS Kabupaten Bengkalis 2024', 'Tim Penilai Internal BPS', '2024-06-13', NULL, NULL, 3, NULL, 1718248355, NULL),
(761, 'R', '752', '14000', 'PW.120', '2024', 'R-752/14000/PW.120/2024', 'Laporan Hasil Penilaian Pendahuluan Pembangunan ZI BPS Kabupaten Rokan Hilir 2024', 'Tim Penilai Internal BPS', '2024-06-13', NULL, NULL, 3, NULL, 1718248377, NULL),
(762, 'R', '753', '14000', 'PW.120', '2024', 'R-753/14000/PW.120/2024', 'Laporan Hasil Penilaian Pendahuluan Pembangunan ZI BPS Kabupaten Kepulauan Meranti 2024', 'Tim Penilai Internal BPS', '2024-06-13', NULL, NULL, 3, NULL, 1718248399, NULL),
(763, 'R', '754', '14000', 'PW.120', '2024', 'R-754/14000/PW.120/2024', 'Laporan Hasil Penilaian Pendahuluan Pembangunan ZI BPS Kota Pekanbaru 2024', 'Tim Penilai Internal BPS', '2024-06-13', NULL, NULL, 3, NULL, 1718248421, NULL),
(764, 'R', '755', '14000', 'PW.120', '2024', 'R-755/14000/PW.120/2024', 'Laporan Hasil Penilaian Pendahuluan Pembangunan ZI BPS Kota Dumai 2024', 'Tim Penilai Internal BPS', '2024-06-13', NULL, NULL, 3, NULL, 1718248443, NULL),
(765, 'B', '756', '14000', 'SS.600', '2024', 'B-756/14000/SS.600/2024', 'Permintaan Nama Tim PMSE BPS Kab/Kota', 'Kepala BPS Kab/Kota', '2024-06-13', NULL, NULL, 2, NULL, 1718260435, NULL),
(766, 'B', '757', '14000', 'VS.320', '2024', 'B-757/14000/VS.320/2024', 'Daftar Sampel Survei IMK Tahunan Tahun 2024 ', 'Kepala BPS Kabupaten/Kota se-Provinsi Riau', '2024-06-13', NULL, NULL, 13, NULL, 1718262246, NULL),
(767, 'B', '758', '14000', 'PS.100', '2024', 'B-758/14000/PS.100/2024', 'Monitoring dan Evaluasi Survei Kebutuhan Data Triwulan II Tahun 2024 ', 'Kepala BPS Kabkota', '2024-06-13', NULL, 'Monitoring dan Evaluasi Survei Kebutuhan Data Triwulan II Tahun 2024 ', 2, NULL, 1718264074, NULL),
(768, 'B', '759', '14000', 'VS.540', '2024', 'B-759/14000/VS.540/2024', 'Permintaan Raw data VHTL tahun 2023', 'Direktur Diseminasi Statistik BPS RI', '2024-06-13', NULL, NULL, 12, NULL, 1718267085, NULL),
(770, 'B', '760', '14000', 'KP.300', '2024', 'B-760/14000/KP.300/2024', 'Undangan Rapat Persiapan Sosialisasi Kompetensi Manajerial dan Sosial Kultural Aparatur Sipil Negara (ASN)', 'Tim Kompetensi Dasar Manajerial ASN BPS', '2024-06-13', NULL, NULL, 3, NULL, 1718325772, NULL),
(771, 'B', '761', '14000', 'KS.200', '2024', 'B-761/14000/KS.200/2024', 'permintaan raw data vhtl', 'silastik', '2024-06-14', NULL, NULL, 12, NULL, 1718326471, NULL),
(772, 'B', '762', '14000', 'HM.032', '2024', 'B-762/14000/HM.032/2024', 'Surat Permohonan', 'BPS Dki Jakarta', '2024-06-14', NULL, 'Srikandi', 3, 3, 1718331029, 1718331111),
(773, 'B', '763', '14000', 'KA.240', '2024', 'B-763/14000/KA.240/2024', 'BAST Alih Media Arsip', 'BPS ', '2024-06-14', NULL, NULL, 3, NULL, 1718331159, NULL),
(774, 'B', '764', '14000', 'HM.340', '2024', 'B-764/14000/HM.340/2024', 'Pelaksanaan Statistics Data Camp 2024', 'rektor UNRI dan rektor UIR', '2024-06-14', NULL, NULL, 2, NULL, 1718331919, NULL);
INSERT INTO `dbo_dinas_keluar` (`id`, `akses`, `nomor`, `fungsi`, `klasifikasi`, `tahun`, `nomor_naskah`, `perihal`, `tujuan`, `tanggal`, `file`, `keterangan`, `user_create`, `user_update`, `create_at`, `update_at`) VALUES
(775, 'B', '765', '14000', 'PL.530', '2024', 'B-765/14000/PL.530/2024', 'Permohonan PSP ', 'Biro Umum BPS RI', '2024-06-12', NULL, 'Permohonan PSP', 3, NULL, 1718332384, NULL),
(776, 'B', '766', '14000', 'VS.300', '2024', 'B-766/14000/VS.300/2024', 'Permintaan data industri dan perkebunan 2024', 'First resources', '2024-06-14', NULL, NULL, 13, NULL, 1718336150, NULL),
(777, 'B', '767', '14000', 'VS.100', '2024', 'B-767/14000/VS.100/2024', 'Persiapan Briefing Manajemen Risiko BPS Kabupaten/Kota se-Provinsi Riau', 'Kepala BPS Kabupaten/Kota se-Provinsi Riau', '2024-06-14', NULL, NULL, 3, NULL, 1718339403, NULL),
(778, 'B', '768', '14000', 'KP.200', '2024', 'B-768/14000/KP.200/2024', 'Balasan Observasi Mata Kuliah ', 'Dekan Bidang Pembelajaran, Kemahasiswaan dan Riset Universitas Padjadjaran', '2024-06-14', NULL, NULL, 3, 3, 1718340897, 1718340902),
(779, 'B', '769', '14000', 'KP.010', '2024', 'B-769/14000/KP.010/2024', 'Permohonan Penerbitan SK Plh. Kepala BPS Provinsi Riau', 'Biro SDM BPS', '2024-06-14', NULL, NULL, 3, NULL, 1718346483, NULL),
(780, 'B', '770', '14000', 'VS.200', '2024', 'B-770/14000/VS.200/2024', 'Pelatihan Survei IMK 2024 Tahunan', 'Kepala BPS Kabupaten/Kota se-Provinsi Riau', '2024-06-14', NULL, NULL, 13, NULL, 1718353143, NULL);

-- --------------------------------------------------------

--
-- Table structure for table `dbo_eksternal_keluar`
--

CREATE TABLE `dbo_eksternal_keluar` (
  `id` int NOT NULL,
  `akses` varchar(10) NOT NULL,
  `nomor` varchar(10) NOT NULL,
  `fungsi` varchar(5) NOT NULL,
  `klasifikasi` varchar(10) NOT NULL,
  `tahun` varchar(4) NOT NULL,
  `nomor_naskah` varchar(50) NOT NULL,
  `perihal` varchar(255) NOT NULL,
  `tujuan` varchar(255) NOT NULL,
  `tanggal` date NOT NULL,
  `file` varchar(255) DEFAULT NULL,
  `keterangan` varchar(255) DEFAULT NULL,
  `user_create` int NOT NULL,
  `user_update` int DEFAULT NULL,
  `create_at` int NOT NULL,
  `update_at` int DEFAULT NULL
) ENGINE=InnoDB DEFAULT CHARSET=utf8mb3;

--
-- Dumping data for table `dbo_eksternal_keluar`
--

INSERT INTO `dbo_eksternal_keluar` (`id`, `akses`, `nomor`, `fungsi`, `klasifikasi`, `tahun`, `nomor_naskah`, `perihal`, `tujuan`, `tanggal`, `file`, `keterangan`, `user_create`, `user_update`, `create_at`, `update_at`) VALUES
(3, 'B', '1', '14000', 'VS.220', '2024', 'B-1/14000/VS.220/2024', 'Briefing KSA ', 'OPD', '2024-01-02', NULL, NULL, 3, NULL, 1708251927, NULL),
(4, 'B', '2', '14000', 'VS.220', '2024', 'B-2/14000/VS.220/2024', 'Sosialisasi SBH', 'OPD', '2024-01-02', NULL, NULL, 3, NULL, 1708251987, NULL),
(5, 'B', '3', '14000', 'VS.220', '2024', 'B-3/14000/VS.220/2024', 'Sosialisasi SBH', 'Nara Sumber UNRI', '2024-01-02', NULL, NULL, 3, NULL, 1708252022, NULL),
(6, 'B', '4', '14000', 'VS.220', '2024', 'B-4/14000/VS.220/2024', 'Sosialisasi SBH', 'Nara Sumber BI', '2024-01-02', NULL, NULL, 3, NULL, 1708252045, NULL),
(7, 'B', '5', '14000', 'VS.220', '2024', 'B-5/14000/VS.220/2024', 'Briefing KSA ', 'OPD', '2024-01-02', NULL, NULL, 3, NULL, 1708252078, NULL),
(8, 'B', '6', '14000', 'VS.220', '2024', 'B-6/14000/VS.220/2024', 'Briefing KSA ', 'OPD', '2024-01-02', NULL, NULL, 3, NULL, 1708252099, NULL),
(9, 'B', '7', '14000', 'VS.220', '2024', 'B-7/14000/VS.220/2024', 'Briefing KSA ', 'OPD', '2024-01-19', NULL, NULL, 3, NULL, 1708252122, NULL),
(10, 'B', '8', '14000', 'VS.220', '2024', 'B-8/14000/VS.220/2024', 'Undangan Rilis BRS 1 Februari 2024', 'Gubernur Riau, OPD dan Wartawan', '2024-01-29', NULL, NULL, 3, NULL, 1708252148, NULL),
(11, 'B', '9', '14000', 'VS.220', '2024', 'B-9/14000/VS.220/2024', 'Briefing KSA ', 'OPD', '2024-01-29', NULL, NULL, 3, NULL, 1708252174, NULL),
(12, 'B', '10', '14000', 'VS.220', '2024', 'B-10/14000/VS.220/2024', 'Undangan Rilis BRS 5 Februari 2024', 'Gubernur Riau, OPD dan Wartawan', '2024-01-29', NULL, NULL, 3, NULL, 1708252193, NULL),
(13, 'B', '11', '14000', 'VS.220', '2024', 'B-11/14000/VS.220/2024', 'FGD RDA 2024', 'OPD', '2024-02-13', NULL, NULL, 3, NULL, 1708252208, NULL),
(14, 'B', '12', '14000', 'VS.220', '2024', 'B-12/14000/VS.220/2024', 'Undangan FGD Persiapan Pendataan Podes 2024', 'OPD', '2024-02-15', NULL, NULL, 3, 11, 1708252236, 1708679169),
(15, 'B', '13', '14000', 'KP.600', '2024', 'B-13/14000/KP.600/2024', 'Permintaan Rohaniwan ', 'Kepala Kantor Wilayah Kementerian Agama Provinsi Riau', '2024-02-27', NULL, NULL, 3, NULL, 1708994990, NULL),
(16, 'B', '14', '14000', 'VS.220', '2024', 'B-14/14000/VS.220/2024', 'Undangan Rilis 1 Maret 2024', 'Gubernur, OPD dan Wartawan', '2024-02-27', NULL, NULL, 2, NULL, 1709025321, NULL),
(17, 'B', '15', '14530', 'VS.220', '2024', 'B-15/14530/VS.220/2024', 'Data Luas Areal Komoditas Sagu Provinsi Riau 2022', 'Dinas Penanaman Modal dan Pelayanan Terpadu Satu Pintu', '2024-02-28', NULL, NULL, 13, 13, 1709103268, 1709103281),
(18, 'B', '16', '14000', 'HM.310', '2024', 'B-16/14000/HM.310/2024', 'Pelaksanaan Kegiatan Coaching EPSS 2024 Provinsi Riau Tahap 1', 'OPD (Daftar Terlampir)', '2024-03-01', NULL, NULL, 2, NULL, 1709271096, NULL),
(19, 'B', '17', '14000', 'PR.120', '2024', 'B-17/14000/PR.120/2024', 'Undangan Workshop Fasilitator FGD IDI 2023', 'Badan Kesbangpol Provinsi Riau', '2024-03-04', NULL, NULL, 11, NULL, 1709512550, NULL),
(20, 'B', '18', '14000', 'HM.310', '2024', 'B-18/14000/HM.310/2024', 'Undangan Kegiatan Coaching EPSS 2024 Provinsi Riau Tahap 2', 'OPD', '2024-03-06', NULL, NULL, 2, 2, 1709715274, 1710311371),
(21, 'B', '19', '14000', 'HM.310', '2024', 'B-19/14000/HM.310/2024', 'Undangan Kegiatan Coaching EPSS 2024 Provinsi Riau Tahap 3', 'OPD', '2024-03-13', NULL, NULL, 2, NULL, 1710311543, NULL),
(22, 'B', '20', '14000', 'KP.600', '2024', 'B-20/14000/KP.600/2024', 'Permintaan Rohaniwan ', 'Kepala Kantor Wilayah Kementerian Agama Provinsi Riau', '2024-03-26', NULL, NULL, 3, NULL, 1711418737, NULL),
(23, 'B', '21', '14000', 'KS.000', '2024', 'B-21/14000/KS.000/2024', 'Undangan Entry Meeting dan Sosialisasi Pelaksanaan Evaluasi Penyelenggaraan Statistik Sektoral (EPSS) 2024', 'Yth. Gubernur Riau', '2024-03-28', NULL, NULL, 11, 11, 1711592209, 1711607326),
(24, 'B', '22', '14000', 'KS.000', '2024', 'B-22/14000/KS.000/2024', 'Undangan Entry Meeting dan Sosialisasi Pelaksanaan Evaluasi Penyelenggaraan Statistik Sektoral (EPSS) 2024', 'Kepala Diskominfotik Riau', '2024-03-28', NULL, NULL, 11, 11, 1711607358, 1711607518),
(25, 'B', '23', '14000', 'KS.000', '2024', 'B-23/14000/KS.000/2024', 'Undangan Entry Meeting dan Sosialisasi Pelaksanaan Evaluasi Penyelenggaraan Statistik Sektoral (EPSS) 2024', 'Kepala Bappedalitbang Provinsi Riau', '2024-03-28', NULL, NULL, 11, NULL, 1711607511, NULL),
(26, 'B', '24', '14000', 'VS.630', '2024', 'B-24/14000/VS.630/2024', 'Undangan Rilis BRS 22 April 2024', 'Gubernur Riau, OPD, Wartawan, dll', '2024-04-16', NULL, NULL, 2, NULL, 1713240256, NULL),
(27, 'B', '25', '14560', 'HM.340', '2024', 'B-25/14560/HM.340/2024', 'Rapat Evaluasi dan Penyusunan Rencana Kerja Potik 2024', 'UNRI dan UIR', '2024-04-18', NULL, NULL, 2, NULL, 1713406032, NULL),
(28, 'B', '26', '14000', 'HM.310', '2024', 'B-26/14000/HM.310/2024', 'Rapat Persiapan Penilaian Mandiri EPSS', 'Daftar Terlampir', '2024-04-18', NULL, NULL, 2, 2, 1713408031, 1713408094),
(29, 'B', '27', '14000', 'VS.630', '2024', 'B-27/14000/VS.630/2024', 'Undangan Rilis BRS 2 Mei 2024', 'Gubernur Riau, OPD, Wartawan', '2024-04-26', NULL, NULL, 2, NULL, 1714106446, NULL),
(30, 'B', '28', '14000', 'HM.010', '2024', 'B-28/14000/HM.010/2024', 'Undangan Kegiatan Halal Bihalal', 'Purnabakti BPS Provinsi Riau', '2024-04-26', NULL, NULL, 11, 11, 1714123207, 1714123384),
(31, 'B', '29', '14000', 'VS.630', '2024', 'B-29/14000/VS.630/2024', 'Undangan Sosialisasi ISO 9001:2015', 'OPD', '2024-04-29', NULL, NULL, 2, NULL, 1714359290, NULL),
(32, 'B', '30', '14000', 'VS.630', '2024', 'B-30/14000/VS.630/2024', 'Undangan Rilis 6 Mei 2024', 'OPD', '2024-05-02', NULL, NULL, 2, 2, 1714612779, 1714615206),
(33, 'B', '31', '14000', 'VS.630', '2024', 'B-31/14000/VS.630/2024', 'Undangan Rilis 6 Mei 2024', 'Wartawan', '2024-05-02', NULL, NULL, 2, NULL, 1714615241, NULL),
(34, 'B', '32', '14000', 'TS.160', '2024', 'B-32/14000/TS.160/2024', 'Evaluasi Awal dan Progres Penilaian EPSS 2024', 'Kepala Bappedalitbang Provinsi Riau', '2024-05-06', NULL, NULL, 11, 11, 1714963170, 1714965749),
(35, 'B', '33', '14000', 'TS.160', '2024', 'B-33/14000/TS.160/2024', 'Evaluasi Awal dan Progres Penilaian EPSS 2024', 'Kepala Diskominfotik Provinsi Riau', '2024-05-06', NULL, NULL, 11, 11, 1714963332, 1714965742),
(36, 'B', '34', '14000', 'TS.160', '2024', 'B-34/14000/TS.160/2024', 'Evaluasi Awal dan Progres Penilaian EPSS 2024', 'Kepala Dinas PUPR Provinsi Riau', '2024-05-06', NULL, NULL, 11, 11, 1714963369, 1714965735),
(37, 'B', '35', '14000', 'TS.160', '2024', 'B-35/14000/TS.160/2024', 'Evaluasi Awal dan Progres Penilaian EPSS 2024', 'Kepala Dinas Kelautan dan Perikanan Provinsi Riau', '2024-05-06', NULL, NULL, 11, 11, 1714963395, 1714965727),
(38, 'B', '36', '14000', 'VS.630', '2024', 'B-36/14000/VS.630/2024', 'undangan rilis 15 Mei 2024 OPD', 'Daftar Terlampir', '2024-05-07', NULL, NULL, 2, NULL, 1715069705, NULL),
(39, 'B', '37', '14000', 'VS.630', '2024', 'B-37/14000/VS.630/2024', 'Undangan Rilis 15 Mei 2024 Wartawan', 'Daftar Terlampir', '2024-05-07', NULL, NULL, 2, NULL, 1715071412, NULL),
(40, 'B', '38', '14000', 'VS.190', '2024', 'B-38/14000/VS.190/2024', 'Undangan Forum Group Discussion Inflasi Riau 2024', 'Kepala dinas/Instansi Terkait', '2024-05-13', NULL, NULL, 12, 12, 1715581117, 1715581209),
(41, 'B', '39', '14000', 'HM.310', '2024', 'B-39/14000/HM.310/2024', 'Narasumber pada Bimbingan Teknis Penyusunan Rencana Aksi Daerah SDGs Provinsi Riau', 'Kepala Bappedalitbang Provinsi Riau', '2024-05-20', NULL, NULL, 11, NULL, 1716168128, NULL),
(42, 'B', '40', '14000', 'HM.310', '2024', 'B-40/14000/HM.310/2024', 'Peserta pada Bimbingan Teknis Penyusunan Rencana Aksi Daerah SDGs Provinsi Riau', 'Kepala Bappedalitbang Provinsi Riau', '2024-05-20', NULL, NULL, 11, NULL, 1716168389, NULL),
(43, 'B', '41', '14000', 'TS.160', '2024', 'B-41/14000/TS.160/2024', 'Undangan rapat persiapan Godin Tahun 2024', 'Kepala Diskominfotik, Kepala Bappedalitbang Provinsi Riau', '2024-05-20', NULL, NULL, 2, NULL, 1716197220, NULL),
(44, 'B', '42', '14000', 'KS.200', '2024', 'B-42/14000/KS.200/2024', 'Pengumpulan Data Sekunder Statistik Politik dan Keamanan Provinsi Riau Tahun 2024', 'Kepala Biro Operasi Polda Riau', '2024-05-22', NULL, NULL, 11, NULL, 1716363710, NULL),
(45, 'B', '43', '14000', 'TS.160', '2024', 'B-43/14000/TS.160/2024', 'Reminder Penilaian Mandiri Evaluasi Penyelenggaraan Statistik Sektoral 2024', 'Sekretaris Daerah Provinsi Riau ', '2024-05-27', NULL, NULL, 11, NULL, 1716772414, NULL),
(46, 'B', '44', '14000', 'VS.630', '2024', 'B-44/14000/VS.630/2024', 'Undangan Rilis 6 Juni 2024 OPD', 'Daftar Terlampir', '2024-05-27', NULL, NULL, 2, NULL, 1716795777, NULL),
(48, 'B', '45', '14000', 'VS.630', '2024', 'B-45/14000/VS.630/2024', 'Undangan Rilis 3 Juni 2024 Wartawan', 'Daftar Terlampir', '2024-05-27', NULL, NULL, 2, NULL, 1716796602, NULL),
(49, 'B', '46', '14000', 'KP.600', '2024', 'B-46/14000/KP.600/2024', 'Permintaan Rohaniwan ', 'Kepala Kantor Wilayah Kementerian Agama Provinsi Riau', '2024-06-04', NULL, NULL, 3, NULL, 1717464166, NULL),
(50, 'B', '47', '14000', 'VS.330', '2024', 'B-47/14000/VS.330/2024', 'Data Kependudukan Provinsi Riau', 'Plt. Kepala Dinas Lingkungan Hidup dan Kehutanan Provinsi Riau', '2024-06-10', NULL, 'Data Kependudukan Provinsi Riau', 2, NULL, 1717981598, NULL),
(51, 'B', '48', '14000', 'VS.330', '2024', 'B-48/14000/VS.330/2024', 'Data Industri Provinsi Riau Tahun 2023', 'Dinas Perindustrian ', '2024-06-10', NULL, 'Permohonan Permintaan Data Industri Provinsi Riau', 2, NULL, 1717982771, NULL),
(52, 'B', '49', '14000', 'VS.630', '2024', 'B-49/14000/VS.630/2024', 'Undangan Rilis BRS 19 Juni 2024', 'OPD', '2024-06-10', NULL, NULL, 2, NULL, 1718007118, NULL),
(53, 'B', '50', '14000', 'VS.630', '2024', 'B-50/14000/VS.630/2024', 'Undangan Rilis BRS 19 Juni 2024', 'Wartawan', '2024-06-10', NULL, NULL, 2, NULL, 1718007169, NULL);

-- --------------------------------------------------------

--
-- Table structure for table `dbo_fungsi`
--

CREATE TABLE `dbo_fungsi` (
  `kode` varchar(5) NOT NULL,
  `nama` varchar(255) NOT NULL,
  `create_at` int NOT NULL,
  `update_at` int DEFAULT NULL
) ENGINE=InnoDB DEFAULT CHARSET=utf8mb3;

--
-- Dumping data for table `dbo_fungsi`
--

INSERT INTO `dbo_fungsi` (`kode`, `nama`, `create_at`, `update_at`) VALUES
('14000', 'BPS Provinsi Riau', 1704188110, 1706150854),
('14510', 'Bagian Umum', 1704188110, NULL),
('14520', 'Fungsi Statistik Sosial', 1704188110, NULL),
('14530', 'Fungsi Statistik Produksi', 1704188110, 1706150870),
('14540', 'Fungsi Statistik Distribusi', 1704188110, NULL),
('14550', 'Fungsi Nerwilis', 1704188110, NULL),
('14560', 'Fungsi IPDS', 1704188110, NULL);

-- --------------------------------------------------------

--
-- Table structure for table `dbo_internal_keluar`
--

CREATE TABLE `dbo_internal_keluar` (
  `id` int NOT NULL,
  `akses` varchar(10) NOT NULL,
  `nomor` varchar(10) NOT NULL,
  `fungsi` varchar(5) NOT NULL,
  `klasifikasi` varchar(10) NOT NULL,
  `tahun` varchar(4) NOT NULL,
  `nomor_naskah` varchar(50) NOT NULL,
  `perihal` varchar(255) NOT NULL,
  `tujuan` varchar(255) NOT NULL,
  `tanggal` date NOT NULL,
  `file` varchar(255) DEFAULT NULL,
  `keterangan` varchar(255) DEFAULT NULL,
  `user_create` int NOT NULL,
  `user_update` int DEFAULT NULL,
  `create_at` int NOT NULL,
  `update_at` int DEFAULT NULL
) ENGINE=InnoDB DEFAULT CHARSET=utf8mb3;

--
-- Dumping data for table `dbo_internal_keluar`
--

INSERT INTO `dbo_internal_keluar` (`id`, `akses`, `nomor`, `fungsi`, `klasifikasi`, `tahun`, `nomor_naskah`, `perihal`, `tujuan`, `tanggal`, `file`, `keterangan`, `user_create`, `user_update`, `create_at`, `update_at`) VALUES
(4, 'B', '1', '14000', 'VS.220', '2024', 'B-1/14000/VS.220/2024', 'Briefing KSA ', 'Pegawai', '2024-01-02', NULL, NULL, 3, NULL, 1708251643, NULL),
(5, 'B', '2', '14000', 'VS.220', '2024', 'B-2/14000/VS.220/2024', 'Briefing KSA ', 'Pegawai', '2024-01-02', NULL, NULL, 3, NULL, 1708251666, NULL),
(6, 'B', '3', '14000', 'VS.220', '2024', 'B-3/14000/VS.220/2024', 'Briefing KSA ', 'Pegawai', '2024-01-02', NULL, NULL, 3, NULL, 1708251682, NULL),
(7, 'B', '4', '14000', 'VS.220', '2024', 'B-4/14000/VS.220/2024', 'Briefing KSA ', 'Pegawai', '2024-01-02', NULL, NULL, 3, NULL, 1708251695, NULL),
(8, 'B', '5', '14000', 'VS.220', '2024', 'B-5/14000/VS.220/2024', 'Briefing KSA ', 'Pegawai', '2024-01-02', NULL, NULL, 3, NULL, 1708251709, NULL),
(9, 'B', '6', '14000', 'VS.220', '2024', 'B-6/14000/VS.220/2024', 'Undangan Pelantikan PNS dan Fungsional', 'Pegawai', '2024-01-29', NULL, NULL, 3, 3, 1708251729, 1708251742),
(10, 'B', '7', '14000', 'VS.220', '2024', 'B-7/14000/VS.220/2024', 'Undangan Pelantikan PNS dan Fungsional', 'Pegawai', '2024-01-29', NULL, NULL, 3, NULL, 1708251760, NULL),
(11, 'B', '8', '14000', 'VS.220', '2024', 'B-8/14000/VS.220/2024', 'Undangan Pelantikan PNS dan Fungsional', 'Kepala BPS Kab/Kota', '2024-01-29', NULL, NULL, 3, NULL, 1708251778, NULL),
(12, 'B', '9', '14000', 'VS.220', '2024', 'B-9/14000/VS.220/2024', 'Briefing KSA ', 'Pegawai', '2024-02-02', NULL, NULL, 3, NULL, 1708251797, NULL),
(13, 'B', '10', '14000', 'VS.220', '2024', 'B-10/14000/VS.220/2024', 'Rapat Internalisasi Awal Rencana Aksi CAN', 'Pegawai CAN BPS se Provinsi Riau', '2024-02-15', NULL, NULL, 3, NULL, 1708251816, NULL),
(14, 'B', '11', '14000', 'KP.330', '2024', 'B-11/14000/KP.330/2024', 'Undangan penyusunan SKP pada KipApp', 'Pegawai BPS se-Provinsi Riau', '2024-02-19', NULL, 'Sari/umum', 3, NULL, 1708309221, NULL),
(15, 'B', '12', '14000', 'PS.210', '2024', 'B-12/14000/PS.210/2024', 'Undangan Akustik Series 2', 'Kepala BPS Kab/Kota', '2024-02-22', NULL, NULL, 3, NULL, 1708567035, NULL),
(16, 'B', '13', '14000', 'KP.600', '2024', 'B-13/14000/KP.600/2024', 'Undangan Saksi Pengambilan Sumpah/Janji  Pegawai Negeri Sipil dan Pelantikan dan  Pengambilan Sumpah/Janji Jabatan Fungsional', 'Saksi (terlampir)', '2024-02-28', NULL, NULL, 3, NULL, 1709085381, NULL),
(17, 'B', '14', '14000', 'KP.600', '2024', 'B-14/14000/KP.600/2024', 'Undangan Tamu yang Menghadiri  Pengambilan  Sumpah/Janji Pegawai Negeri Sipil dan Pelantikan  dan Pengambilan Sumpah/Janji Jabatan Fungsional', 'Daftar Terlampir', '2024-02-28', NULL, NULL, 3, NULL, 1709085434, NULL),
(18, 'B', '15', '14000', 'KP.600', '2024', 'B-15/14000/KP.600/2024', 'Undangan Pengambilan Sumpah/Janji  Pegawai Negeri Sipil dan Pelantikan dan  Pengambilan Sumpah/Janji Jabatan Fungsional', 'Pegawai yang akan dilantik', '2024-02-28', NULL, NULL, 3, NULL, 1709085489, NULL),
(19, 'B', '16', '14000', 'VS.220', '2024', 'B-16/14000/VS.220/2024', 'Undangan Desk kewilayahan & desk Indikator makro  rakoortek perencanaan pembangunan thn 2024', 'Ketua Tim', '2024-02-28', NULL, NULL, 2, 2, 1709093152, 1709093201),
(20, 'B', '17', '14000', 'VS.190', '2024', 'B-17/14000/VS.190/2024', 'Undangan Sosialisasi Sipantau pada kegiatan statistik distribusi', 'Kepala Kabupaten Kota', '2024-02-28', NULL, NULL, 12, NULL, 1709108979, NULL),
(21, 'B', '18', '14550', 'PR.220', '2024', 'B-18/14550/PR.220/2024', 'Permintaan Admin Quality Gates Kab/Kota di Wilayah Provinsi Riau Tahun 2024', 'Kepala BPS Kabupaten/Kota se-Provinsi Riau', '2024-02-29', NULL, NULL, 14, NULL, 1709189700, NULL),
(22, 'B', '19', '14000', 'ES', '2024', 'B-19/14000/ES/2024', 'Evaluasi Kegiatan Statistik Sosial BPS se-Provinsi Riau', 'Kepala BPS Kabupaten/Kota se-Provinsi Riau', '2024-03-05', NULL, NULL, 11, NULL, 1709605514, NULL),
(23, 'B', '20', '14000', 'KU.520', '2024', 'B-20/14000/KU.520/2024', 'Pemeriksaan Kas pada Bendahara dan Monitoring Bulanan terkait Administrasi Keuangan BPS Kab./Kota', 'Pengelola Keuangan', '2024-03-14', NULL, '-', 3, NULL, 1710399166, NULL),
(24, 'B', '21', '14000', 'TS.270', '2024', 'B-21/14000/TS.270/2024', 'Sharing Knowledge Kegiatan RB dan ZI 2024', 'BPS Kabupaten/Kota', '2024-03-15', NULL, NULL, 2, NULL, 1710476106, NULL),
(26, 'B', '22', '14000', 'KP.600', '2024', 'B-22/14000/KP.600/2024', 'Undangan Saksi Pelantikan dan Pengambilan  Sumpah/Janji Jabatan Fungsional', 'Daftar terlampir', '2024-03-25', NULL, NULL, 3, 3, 1711347967, 1711348084),
(27, 'B', '23', '14000', 'KP.600', '2024', 'B-23/14000/KP.600/2024', 'Undangan Tamu yang Menghadiri  Pelantikan  dan Pengambilan Sumpah/Janji Jabatan Fungsional                                        ', 'Daftar terlampir', '2024-03-25', NULL, NULL, 3, 3, 1711348016, 1711348077),
(28, 'B', '24', '14000', 'KP.600', '2024', 'B-24/14000/KP.600/2024', 'Undangan Pengambilan Sumpah/Janji  Pegawai Negeri Sipil dan Pelantikan dan  Pengambilan Sumpah/Janji Jabatan Fungsional                          ', 'Daftar terlampir', '2024-03-25', NULL, NULL, 3, 3, 1711348062, 1711348069),
(29, 'B', '25', '14000', 'TS.160', '2024', 'B-25/14000/TS.160/2024', 'Undangan Entry Meeting dan Sosialisasi Pelaksanaan Evaluasi Penyelenggaraan Statistik Sektoral (EPSS) 2024', 'Kepala BPS Kabupaten/Kota se-Provinsi Riau', '2024-03-27', NULL, NULL, 11, NULL, 1711526405, NULL),
(30, 'B', '26', '14000', 'TS.270', '2024', 'B-26/14000/TS.270/2024', 'Undangan Akustik Series 4', 'Kepala BPS Kab/Kota se-Riau', '2024-04-22', NULL, NULL, 3, NULL, 1713747229, NULL),
(31, 'B', '27', '14000', 'VS.025', '2024', 'B-27/14000/VS.025/2024', 'Pemanggilan Peserta Pelatihan Inda  Updating Enumeration Area SLS Tahun 2024', 'BPS Kabupaten Kota', '2024-04-23', NULL, NULL, 2, NULL, 1713861159, NULL),
(32, 'B', '28', '14000', 'VS.220', '2024', 'B-28/14000/VS.220/2024', 'undangan Pelatihan Petugas VREST UMK', 'BPS Kab/kota', '2024-04-26', NULL, NULL, 12, NULL, 1714093257, NULL),
(33, 'B', '29', '14000', 'PR.400', '2024', 'B-29/14000/PR.400/2024', 'Rapat Pimpinan Lengkap BPS Se-Provinsi Riau', 'Kepala BPS Kabupaten/Kota', '2024-04-26', NULL, 'Rapat Pimpinan Lengkap BPS Se-Provinsi Riau', 3, NULL, 1714097185, NULL),
(34, 'B', '30', '14550', 'ES.000', '2024', 'B-30/14550/ES.000/2024', 'Rekonsiliasi PDRB Kabupaten/Kota Triwulan I-2024', 'Kepala BPS Kabupaten/Kota se-Provinsi Riau', '2024-04-29', NULL, NULL, 14, NULL, 1714376960, NULL),
(35, 'B', '31', '14000', 'VS.200', '2024', 'B-31/14000/VS.200/2024', 'Pelaksanaan Kegiatan Survei Ekonomi Pertanian (SEP) 2024', 'Kepala Kabupaten/Kota', '2024-05-03', NULL, NULL, 13, NULL, 1714701349, NULL),
(36, 'B', '32', '14000', 'VS.630', '2024', 'B-32/14000/VS.630/2024', 'Internalisasi PEKPPP BPS Kabupaten Kota', 'Kepala BPS Kabupaten Kota', '2024-05-06', NULL, NULL, 2, NULL, 1714959574, NULL),
(37, 'B', '33', '14000', 'VS.330', '2024', 'B-33/14000/VS.330/2024', 'Internalisasi pendataan lapangan tambahan pakom SPDT IHPB 2023', 'Kepala Kabupaten Kota', '2024-05-08', NULL, NULL, 12, NULL, 1715128075, NULL),
(38, 'B', '34', '14000', 'VS.330', '2024', 'B-34/14000/VS.330/2024', 'Undangan Konsultasi Bersama Statistik Harga Konsumen', 'Kepala Kabupaten Kota', '2024-05-13', NULL, NULL, 12, NULL, 1715576504, NULL),
(39, 'B', '35', '14000', 'VS.300', '2024', 'B-35/14000/VS.300/2024', 'Monitoring dan Evaluasi Podes 2024', 'BPS Kabupaten/Kota se-Provinsi Riau', '2024-05-15', NULL, NULL, 11, NULL, 1715767761, NULL),
(40, 'B', '36', '14000', 'VS.200', '2024', 'B-36/14000/VS.200/2024', 'Pemanggilan Instruktur Daerah (Inda) Survei Ekonomi Pertanian', 'BPS Kabupaten/Kota ', '2024-05-16', NULL, NULL, 13, 13, 1715820389, 1715820738),
(41, 'B', '37', '14000', 'TS.160', '2024', 'B-37/14000/TS.160/2024', 'Undangan monitoring epss tahun 2024', 'Kepala BPS Kabupaten Kota', '2024-05-20', NULL, NULL, 2, NULL, 1716176286, NULL),
(42, 'B', '38', '14000', 'VS.300', '2024', 'B-38/14000/VS.300/2024', 'Evaluasi Pendataan Podes 2024', 'BPS Kabupaten/Kota se-Provinsi Riau', '2024-05-27', NULL, NULL, 11, NULL, 1716770851, NULL),
(44, 'B', '39', '14000', 'TS.160', '2024', 'B-39/14000/TS.160/2024', 'Rapat EPSS', 'TPB dan Tim Pelaksana EPSS Kabupaten/Kota', '2024-05-30', NULL, NULL, 2, NULL, 1717056273, NULL),
(45, 'B', '40', '14000', 'TS.160', '2024', 'B-40/14000/TS.160/2024', 'Workshop penilaian EPSS Tahun 2024', 'Kepala BPS Kabupaten Kota', '2024-05-31', NULL, NULL, 2, NULL, 1717130026, NULL),
(46, 'B', '41', '14000', 'TS.270', '2024', 'B-41/14000/TS.270/2024', 'Pelaksanaan Akustik Series 6 Tahun 2024', 'Kepala BPS Kab/Kota se-Riau', '2024-06-03', NULL, NULL, 3, NULL, 1717217779, NULL),
(47, 'B', '42', '14000', 'VS.300', '2024', 'B-42/14000/VS.300/2024', 'Pemeriksaan Data Pendataan Podes 2024', 'BPS Kabupaten/Kota se-Provinsi Riau', '2024-06-05', NULL, NULL, 11, NULL, 1717577076, NULL),
(48, 'B', '43', '14000', 'VS.630', '2024', 'B-43/14000/VS.630/2024', 'Undangan Rapat Persiapan MBKM Desa Cantik', 'Daftar Terlampir', '2024-06-10', NULL, NULL, 2, NULL, 1717981638, NULL),
(49, 'B', '44', '14000', 'IF.000', '2024', 'B-44/14000/IF.000/2024', 'Undangan Internalisasi PEKPPP aspek Konsultasi dan Pengaduan', 'Daftar Terlampir', '2024-06-10', NULL, NULL, 2, NULL, 1717987013, NULL),
(50, 'B', '45', '14000', 'IF.000', '2024', 'B-45/14000/IF.000/2024', 'Undangan persiapan Internalisasi Pemantauan dan Evaluasi Kinerja Penyelenggaraan Pelayanan Publik (PEKPPP) BPS KAbupaten/Kota', 'Anggota Tim Aspek Pengaduan PEKPPP', '2024-06-10', NULL, NULL, 3, 3, 1717988900, 1717990453),
(51, 'B', '46', '14000', 'KA.750', '2024', 'B-46/14000/KA.750/2024', 'Rapat Pembahasan E-Monev PPID', 'Pegawai denganNama Terlampir', '2024-06-10', NULL, NULL, 3, NULL, 1718013035, NULL),
(52, 'B', '47', '14000', 'PR.700', '2024', 'B-47/14000/PR.700/2024', 'Rapat Pembahasan kegiatan rutin tim DLS  Semester I 2024 ', 'anggota tim DLS ', '2024-06-13', NULL, NULL, 2, NULL, 1718262707, NULL);

-- --------------------------------------------------------

--
-- Table structure for table `dbo_klasifikasi`
--

CREATE TABLE `dbo_klasifikasi` (
  `kode` varchar(10) NOT NULL,
  `nama` varchar(255) NOT NULL,
  `is_item` int NOT NULL DEFAULT '1',
  `create_at` int NOT NULL,
  `update_at` int DEFAULT NULL
) ENGINE=InnoDB DEFAULT CHARSET=utf8mb3;

--
-- Dumping data for table `dbo_klasifikasi`
--

INSERT INTO `dbo_klasifikasi` (`kode`, `nama`, `is_item`, `create_at`, `update_at`) VALUES
('DL', 'PENDIDIKAN DAN LATIHAN', 0, 1704189089, NULL),
('DL.000', 'PERENCANAAN DIKLAT', 1, 1704189089, 1706150255),
('DL.010', 'Analisa kebutuhan penyelenggaraan diklat', 1, 1704189089, NULL),
('DL.020', 'Sistem dan metode', 1, 1704189089, NULL),
('DL.030', 'kurikulim', 1, 1704189089, NULL),
('DL.040', 'Bahan ajar/modul', 1, 1704189089, NULL),
('DL.050', 'Konsultasi penyelenggaraan diklat', 1, 1704189089, NULL),
('DL.100', 'AKREDITASI LEMBAGA DIKLAT', 1, 1704189089, NULL),
('DL.110', 'Surat permohonan akreditasi', 1, 1704189089, 1706150261),
('DL.120', 'laporan hasil verifikasi lapangan', 1, 1704189089, NULL),
('DL.130', 'Berita acara rapat verifikasi', 1, 1704189089, NULL),
('DL.140', 'Berita acara raoat tim penilai', 1, 1704189089, NULL),
('DL.150', 'Surat keputusan penetapan akreditasi', 1, 1704189089, NULL),
('DL.160', 'Surat akreditasi', 1, 1704189089, NULL),
('DL.170', 'Laporan akreditasi lembaga diklat', 1, 1704189089, NULL),
('DL.200', 'PENYELENGGARAKAN DIKLAT', 1, 1704189089, NULL),
('DL.210', 'Prajabatan', 1, 1704189089, NULL),
('DL.220', 'Kepemimpinan', 1, 1704189089, NULL),
('DL.230', 'Teknis', 1, 1704189089, NULL),
('DL.240', 'Fungsional', 1, 1704189089, NULL),
('DL.250', 'Evaluasi pasca diklat', 1, 1704189089, NULL),
('DL.300', 'SERTIFIKAT SUMBERDAYA MANUSIA KEDIKLATAN', 1, 1704189089, NULL),
('DL.400', 'SISTEM INFORMASI DIKLAT', 1, 1704189089, NULL),
('DL.410', 'Data lembaga diklat', 1, 1704189089, NULL),
('DL.420', 'Data prasarana diklat', 1, 1704189089, NULL),
('DL.430', 'Data sarana diklat', 1, 1704189089, NULL),
('DL.440', 'Data pengelola diklat', 1, 1704189089, NULL),
('DL.450', 'Data penyelenggara diklat', 1, 1704189089, NULL),
('DL.460', 'Data widyaiswara', 1, 1704189089, NULL),
('DL.470', 'Data program diklat', 1, 1704189089, NULL),
('DL.500', 'REGISTRASI SERTIFIKAT/STTPL PESERTA DIKLAT', 1, 1704189089, NULL),
('DL.510', 'Surat permohonan kode registrasi', 1, 1704189089, NULL),
('DL.520', 'Buku Registrasi', 1, 1704189089, NULL),
('DL.530', 'Surat penyampaian kode registrasi', 1, 1704189089, NULL),
('DL.600', 'EVALUASI PENYELENGGARAAN DIKLAT', 1, 1704189089, NULL),
('DL.610', 'Evaluasi materi penyenggaraan', 1, 1704189089, NULL),
('DL.620', 'Evaluasi pengajar/instruktur/fasilitator', 1, 1704189089, NULL),
('DL.630', 'Evaluasi peserta', 1, 1704189089, NULL),
('DL.640', 'Evaluasi sarana dan prasarana', 1, 1704189089, NULL),
('DL.650', 'Evaluasi alumni peserta', 1, 1704189089, NULL),
('DL.660', 'Laporan penyelenggaran', 1, 1704189089, NULL),
('DL.670', 'Evaluasi alumni diklat', 1, 1704189089, NULL),
('ES', 'EVALUASI DAN PELAPORAN SENSUS, SURVEI DAN KONSOLIDASI DATA', 0, 1704189089, NULL),
('ES.000', 'EVALUASI DAN PELAPORAN SENSUS, SURVEI DAN KONSOLIDASI DATA', 1, 1704189089, NULL),
('HK', 'HUKUM', 0, 1704189089, NULL),
('HK.000', 'PROGRAM LEGILASI', 1, 1704189089, NULL),
('HK.010', 'Bahan/materi program legilasi nasional dan instansi', 1, 1704189089, NULL),
('HK.020', 'Program legilasi lembaga/instansi', 1, 1704189089, NULL),
('HK.100', 'PERATURAN PIMPINAN LEMBAGA/INSTANSI', 1, 1704189089, NULL),
('HK.1000', 'KASUS/SENGKETA HUKUM', 1, 1704189089, NULL),
('HK.1010', 'Pidana: berkas tentang kasus/sengketa pidana, baik kejahatan maupun pelanggaran', 1, 1704189089, NULL),
('HK.1011', 'Proses verbal mulai dari penyelidikan, penyidikan sampai dengan vonis', 1, 1704189089, NULL),
('HK.1012', 'Berkas pembelaan dan bantuan hukum', 1, 1704189089, NULL),
('HK.1013', 'Telaah hukum dan opini terbuka', 1, 1704189089, NULL),
('HK.1020', 'Perdata', 1, 1704189089, NULL),
('HK.1021', 'Proses gugatan sampai dengan putusan', 1, 1704189089, NULL),
('HK.1022', 'Berkas pembelaan dan bantuan hukum', 1, 1704189089, NULL),
('HK.1023', 'Telaah hukum dan opini hukum', 1, 1704189089, NULL),
('HK.1030', 'Tata Usaha Negara', 1, 1704189089, NULL),
('HK.1031', 'Proses gugatan sampai dengan putusan', 1, 1704189089, NULL),
('HK.1032', 'Berkas pembelaan dan bantuan hukum', 1, 1704189089, NULL),
('HK.1033', 'Telaah hukum dan opini hukum', 1, 1704189089, NULL),
('HK.1040', 'Arbitrase', 1, 1704189089, NULL),
('HK.1041', 'Proses gugatan sampai dengan putusan', 1, 1704189089, NULL),
('HK.1042', 'Berkas pembelaan dan bantuan hukum', 1, 1704189089, NULL),
('HK.1043', 'Telaah hukum dan opini hukum', 1, 1704189089, NULL),
('HK.110', 'Peraturan kepala BPS', 1, 1704189089, NULL),
('HK.200', 'KEPUTUSAN/KETETAPAN PIMPINAN LEMBAGA/INSTANSI Termasuk rancangan awal sampai dengan rancangan akhir dan telaah hukum', 1, 1704189089, NULL),
('HK.300', 'INSTRUKSI SURAT EDARAN Termasuk rancangan awal sampai dengan rancangan akhir dan telaah hukum', 1, 1704189089, NULL),
('HK.310', 'Istruksi/surat edaran kepala BPS', 1, 1704189089, NULL),
('HK.320', 'Instruksi/Surat edaran pejabat tinggi madya dan pejabat tinggi pratama', 1, 1704189089, NULL),
('HK.400', 'SURAT PERINTAH', 1, 1704189089, NULL),
('HK.410', 'Surat perintah kepala BPS', 1, 1704189089, NULL),
('HK.420', 'Surat perintah pejabat madya', 1, 1704189089, NULL),
('HK.430', 'Surat perintah pejabat pratama', 1, 1704189089, NULL),
('HK.500', 'PEDOMAN', 1, 1704189089, NULL),
('HK.600', 'NOTA KESEPAHAMAN', 1, 1704189089, NULL),
('HK.610', 'Dalam negeri', 1, 1704189089, NULL),
('HK.620', 'Luar negeri', 1, 1704189089, NULL),
('HK.700', 'DOKUMENTASI HUKUM', 1, 1704189089, NULL),
('HK.800', 'SOSIALISASI/PENYULUHAN/PEMBINAAN HUKUM', 1, 1704189089, NULL),
('HK.810', 'Berkas yang berhubungan dengan kegiatan sosialisasi atau penyuluhan hukum', 1, 1704189089, NULL),
('HK.820', 'Laporan hasil pelaksanaan sosialisasi penyukuhan hukum', 1, 1704189089, NULL),
('HK.900', 'BANTUAN KONSULTASI HUKUM/ADVOKASI', 1, 1704189089, NULL),
('HM', 'HUBUNGAN MASYARAKAT', 0, 1704189089, NULL),
('HM.000', 'KEPROTOKOLAN', 1, 1704189089, NULL),
('HM.010', 'Penyelenggarakan acara kedinasan (Upacara,pelantikan,peresmian dan jamuan termasuk acara peringatan hari-hari besar)', 1, 1704189089, NULL),
('HM.020', 'Agenda kegiatan pimpinan', 1, 1704189089, NULL),
('HM.030', 'Kunjungan Dinas', 1, 1704189089, NULL),
('HM.031', 'Kunjungan dinas dalam dan luar negeri', 1, 1704189089, NULL),
('HM.032', 'Kunjungan dinas pimpinan lembaga/instansi', 1, 1704189089, NULL),
('HM.033', 'Kunjungan dinas pejabat lembaga/instansi', 1, 1704189089, NULL),
('HM.040', 'Buku tamu', 1, 1704189089, NULL),
('HM.050', 'daftar nama/alamat kantor/pejabat', 1, 1704189089, NULL),
('HM.100', 'LIPUTAN MEDIA MASSA', 1, 1704189089, NULL),
('HM.200', 'PENYAJIAN INFORMASI KELEMBAGAAN', 1, 1704189089, NULL),
('HM.210', 'Kliping koran.', 1, 1704189089, NULL),
('HM.220', 'Penerbitan majalah,buletin,koran dan jurnal', 1, 1704189089, NULL),
('HM.230', 'Brosur/leaflet/poster/plakat', 1, 1704189089, NULL),
('HM.240', 'Pengumuman/pemberitaan', 1, 1704189089, NULL),
('HM.300', 'HUBUNGAN ANTAR LEMBAGA', 1, 1704189089, NULL),
('HM.310', 'Hubungan antar lembaga pemerintah', 1, 1704189089, NULL),
('HM.320', 'Hubungan dengan organisasi sosial/LSM', 1, 1704189089, NULL),
('HM.330', 'Hubungan dengan perusahaan', 1, 1704189089, NULL),
('HM.340', 'Hubungan dengan peguruan tinggi/sekolah : magang,pendidikan sistem ganga, praktek kerja lapangan (PKL)', 1, 1704189089, NULL),
('HM.350', 'Forum Kehumasan (Bakohumas/Perhumas)', 1, 1704189089, NULL),
('HM.360', 'Hubungan dengan media massa:', 1, 1704189089, NULL),
('HM.400', 'DENGAR PENDAPAT/HEARING DPR', 1, 1704189089, NULL),
('HM.500', 'PENYIAPAN BAHAN MATERI PIMPINAN', 1, 1704189089, NULL),
('HM.600', 'PUBLIKASI MELALUI MEDIA CETAK MAUPUN ELEKTRONIK', 1, 1704189089, NULL),
('HM.700', 'PAMERAN/SAYEMBARA/LOMBA/FESTIVAL,PEMBUATAN SPANDUK DAN IKLAN', 1, 1704189089, NULL),
('HM.800', 'PENGHARGAAN/KENANG-KENAGAN/CINDERA MATA', 1, 1704189089, NULL),
('HM.900', 'UCAPAN TERIMA KASIH,UCAPAN SELAMAT,BELA SUNGKAWA,PERMOHONAN MAAF', 1, 1704189089, NULL),
('IF', 'INFORMATIKA', 0, 1704189089, NULL),
('IF.000', 'RENCANA STRATEGIS MASTERPLAN PEMBANGUNAN SISTEM INFORMASI', 1, 1704189089, NULL),
('IF.100', 'DOKUMENTASI ARSITEKTUR', 1, 1704189089, NULL),
('IF.110', 'Sistem informasi', 1, 1704189089, NULL),
('IF.120', 'Sistem apliaksi', 1, 1704189089, NULL),
('IF.130', 'Infrastruktur', 1, 1704189089, NULL),
('IF.200', 'PEREKAMAN DAN PEMUTAKHIRAN DATA', 1, 1704189089, NULL),
('IF.210', 'Formulir isian', 1, 1704189089, NULL),
('IF.220', 'Daftar petugas perekaman', 1, 1704189089, NULL),
('IF.230', 'Jadwal pelaksanaan', 1, 1704189089, NULL),
('IF.240', 'Laporan hasil perekaman dan pemutakhiran data', 1, 1704189089, NULL),
('IF.300', 'MIGRASI SISTEM APLIAKSI DATA', 1, 1704189089, NULL),
('IF.400', 'DOKUMEN HOSTING', 1, 1704189089, NULL),
('IF.410', 'Formulir permintaan hosting', 1, 1704189089, NULL),
('IF.420', 'Layanan hasil uji kelayakan', 1, 1704189089, NULL),
('IF.430', 'Laporan pelaksanaan hosting', 1, 1704189089, NULL),
('IF.500', 'LAYANAN BACK-UP DATA DIGITAL', 1, 1704189089, NULL),
('KA', 'KEARSIPAN', 0, 1704189089, NULL),
('KA.000', 'PENCETAKAN', 1, 1704189089, NULL),
('KA.010', 'Penyiapan pembuatan buku kerja dan kalender BPS,', 1, 1704189089, NULL),
('KA.020', 'Penerimaan permintaan mencetak dan naskah yang akan dicetak', 1, 1704189089, NULL),
('KA.030', 'Menyusunan perencanaaan cetak', 1, 1704189089, NULL),
('KA.040', 'Pencetakan naskah,surat,dokumen secara digital dan risograph', 1, 1704189089, NULL),
('KA.100', 'PENGURUSAN SURAT', 1, 1704189089, NULL),
('KA.110', 'Surat masuk/surat keluar', 1, 1704189089, NULL),
('KA.120', 'Penggunaan aplikasi surat menyurat', 1, 1704189089, NULL),
('KA.200', 'PENGELOLAAN ARSIP DINAMIS', 1, 1704189089, NULL),
('KA.210', 'Penyusunan sisitem arsip', 1, 1704189089, NULL),
('KA.220', 'Penciptaan dan pemberkasan arsip', 1, 1704189089, NULL),
('KA.230', 'Pengelolahan data base menjadi informasi', 1, 1704189089, NULL),
('KA.240', 'Alih media', 1, 1704189089, NULL),
('KA.300', 'PENYIMPANGAN DAN PEMELIHARAAN ARSIP', 1, 1704189089, NULL),
('KA.310', 'Daftar arsip', 1, 1704189089, NULL),
('KA.320', 'Pemeliharan arsip dan ruang penyimpanan (seperti kegiatan fumigasi)', 1, 1704189089, NULL),
('KA.330', 'daftar pencarian arsip', 1, 1704189089, NULL),
('KA.340', 'daftar arsip informasi publik', 1, 1704189089, NULL),
('KA.350', 'Daftar arsip vital/aset', 1, 1704189089, NULL),
('KA.360', 'Layanan arsip (pemindahan,pengguna arsip)', 1, 1704189089, NULL),
('KA.370', 'Persetujuan jadwal retensi arsip', 1, 1704189089, NULL),
('KA.400', 'PEMINDAHAN ARSIP', 1, 1704189089, NULL),
('KA.410', 'Pemindahan Arsip Inaktif', 1, 1704189089, NULL),
('KA.420', 'Daftar Arsip yang Dimusnahkan', 1, 1704189089, NULL),
('KA.500', 'PEMUSNAHAN ARSIP YANG TIDAK BERNILAI GUNA', 1, 1704189089, NULL),
('KA.510', 'Berita Acara Pemusnahan', 1, 1704189089, NULL),
('KA.520', 'Daftar Arsip yang Dimusnahkan', 1, 1704189089, NULL),
('KA.530', 'Rekomendasi/Pertimbangan/Permusnahan Arsip dari ANRI', 1, 1704189089, NULL),
('KA.540', 'Surat Keputusan Pemusnahan', 1, 1704189089, NULL),
('KA.600', 'PENYERAHAN ARSIP STATIS', 1, 1704189089, NULL),
('KA.610', 'Berita Acara Serah Terima Arsip', 1, 1704189089, NULL),
('KA.620', 'Daftar Arsip yang Diserahkan', 1, 1704189089, NULL),
('KA.700', 'PEMBINAAN KEARSIPAN', 1, 1704189089, NULL),
('KA.710', 'Pembinaan Arsiparis', 1, 1704189089, NULL),
('KA.720', 'Aresiasi/Sosialisasi/Penyeluruhan Kearsipan,Diklat Profesi', 1, 1704189089, NULL),
('KA.730', 'Bimbingan Teknis', 1, 1704189089, NULL),
('KA.740', 'Penilaian dan sertifikasi SDM kearsipan', 1, 1704189089, NULL),
('KA.750', 'Supervisi dan Monitoring', 1, 1704189089, NULL),
('KA.760', 'penilaian Akreditasi Unit Kerja Kearsipan ', 1, 1704189089, NULL),
('KA.770', 'Implementasi Pengelolaan Arsip Elektronik', 1, 1704189089, NULL),
('KA.780', 'Penghargaan Kearsipan', 1, 1704189089, NULL),
('KA.790', 'Pengawasan Kearsipan', 1, 1704189089, NULL),
('KP', 'KEPEGAWAIAN', 0, 1704189089, NULL),
('KP.000', 'FORMASI PEGAWAI', 1, 1704189089, NULL),
('KP.010', 'Usulan dari Unit Kerja.', 1, 1704189089, NULL),
('KP.020', 'Usulan Permintaan Formasi kepada Menpan dan Kepala BKN.', 1, 1704189089, NULL),
('KP.030', 'Persetujuan Menpan', 1, 1704189089, NULL),
('KP.040', 'Penetapan Formasi', 1, 1704189089, NULL),
('KP.050', 'Penetapan Formasi Khusus.', 1, 1704189089, NULL),
('KP.100', 'PENGADAAN DAN PENGANGKATAN PEGAWAI', 1, 1704189089, NULL),
('KP.110', 'Proses Penerimaan Pegawai:', 1, 1704189089, NULL),
('KP.111', 'Pengumuman.', 1, 1704189089, NULL),
('KP.112', 'Seleksi Administrasi', 1, 1704189089, NULL),
('KP.113', 'Pemanggilan Peserta Tes', 1, 1704189089, NULL),
('KP.114', 'Pelaksanaa Ujian (tertulis, psikotes, wawancara).', 1, 1704189089, NULL),
('KP.115', 'Keputusan Hasil Ujian', 1, 1704189089, NULL),
('KP.120', 'Penetapan Pengumuman Kelulusan', 1, 1704189089, NULL),
('KP.130', 'Berkas Lamaran yang Tidak Diterima', 1, 1704189089, NULL),
('KP.140', 'Nota Usul dan Kelengkapan Penetapan NIP', 1, 1704189089, NULL),
('KP.150', 'Nota Usul Pengangkatan CPNS menjadi PNS.', 1, 1704189089, NULL),
('KP.160', 'Nota Usul Pengangkatan CPNS menjadi PNS lebih 2 Tahun', 1, 1704189089, NULL),
('KP.170', 'SK CPNS/PNS Kolektif', 1, 1704189089, NULL),
('KP.200', 'BERKAS PEGAWAI TIDAK TETAP/MITRA STATISTIK', 1, 1704189089, NULL),
('KP.300', 'PEMBINAAN KARIR PEGAWAI', 1, 1704189089, NULL),
('KP.310', 'Diklat Kursus/ Tugas Belajar/ Ujian Dinas/ Izin Belajar Pegawai:', 1, 1704189089, NULL),
('KP.311', 'Surat Perintah/ Surat Tugas/ SK/ Surat Izin.', 1, 1704189089, NULL),
('KP.312', 'Laporan Kegiatan Pengembangan Diri.', 1, 1704189089, NULL),
('KP.313', 'Surat Tanda Tamat Pendidikan dan Pelatihan.', 1, 1704189089, NULL),
('KP.320', 'Ujian Kompetensi', 1, 1704189089, NULL),
('KP.321', 'Assesment Tes Pegawai', 1, 1704189089, NULL),
('KP.322', 'Pemetaan/Mapping Talent Pegawai.', 1, 1704189089, NULL),
('KP.330', 'Daftar Penilaian Pelaksanaan Pekerjaan (DP3) dan Sasaran Kinerja Pegawai (SKP).', 1, 1704189089, NULL),
('KP.340', 'Pakta Integritas Pegawai', 1, 1704189089, NULL),
('KP.350', 'Laporan Hasil Kekayaan Penyelenggara Negara (LHKPN)', 1, 1704189089, NULL),
('KP.360', 'Daftar Usul Penetapan Angka Kredit Fungsional.', 1, 1704189089, NULL),
('KP.370', 'Disiplin Pegawai:', 1, 1704189089, NULL),
('KP.371', 'Daftar Hadir', 1, 1704189089, NULL),
('KP.372', 'Rekapitulasi Daftar Hadir', 1, 1704189089, NULL),
('KP.380', 'Berkas Hukum Disiplin.', 1, 1704189089, NULL),
('KP.390', 'Penghargaan dan Tanda Jasa (Satya Lencana/Bintang Jasa).', 1, 1704189089, NULL),
('KP.400', 'PENYELESAIAN PENGELOLAAN KEBERATAN PEGAWAI', 1, 1704189089, NULL),
('KP.500', 'MUTASI PEGAWAI', 1, 1704189089, NULL),
('KP.510', 'Alih Status, Pindah Instansi, Pindah Wilayah Kerja, Diperbantukan, Dipekerjakan, Penugasan Sementara, Mutasi Antar Perwakilan, Mutasi ke dan dari perwakilan Sementara, Mutasi antar Unit', 1, 1704189089, NULL),
('KP.520', 'Nota Persetujuan/Pertimbangan Kepala BKN', 1, 1704189089, NULL),
('KP.530', 'Mutasi Keluarga:', 1, 1704189089, NULL),
('KP.531', 'Surat Izin Pernikahan/Perceraian.', 1, 1704189089, NULL),
('KP.532', 'Surat Penolakan Izin Pernikahan/perceraian', 1, 1704189089, NULL),
('KP.533', 'Akte Nikah/Cerai', 1, 1704189089, NULL),
('KP.534', 'Surat Keterangan Meninggal Dunia', 1, 1704189089, NULL),
('KP.540', 'Usul Kenaikan Pangkat/Golongan/Jabatan.', 1, 1704189089, NULL),
('KP.550', 'Usul Pengangkatan dan Pemberhentian dalam Jabatan Struktural/Fungsional', 1, 1704189089, NULL),
('KP.560', 'Usul Penetapan Perubahan Data Dasar/Status/kedudukan Hukum pegawai', 1, 1704189089, NULL),
('KP.570', 'Peninjauan Masa Kerja', 1, 1704189089, NULL),
('KP.580', 'Berkas Baperjakat.', 1, 1704189089, NULL),
('KP.600', 'ADMINISTRASI PEGAWAI', 1, 1704189089, NULL),
('KP.610', 'Dokumentasi Identitas Pegawai:', 1, 1704189089, NULL),
('KP.611', 'Usul Penetapan Karpeg/KPE/Karis/Karsu.', 1, 1704189089, NULL),
('KP.612', 'Keanggotaan Organisasi Profesi/Kedinasan.', 1, 1704189089, NULL),
('KP.613', 'Laporan Pajak Penghasilan Pribadi (LP2P)', 1, 1704189089, NULL),
('KP.614', 'Keterangan Penerimaan Penghasilan Pegawai (KP4).', 1, 1704189089, NULL),
('KP.620', 'Berkas Kepegawaian dan Daftar Urut Kepangkatan (DUK)', 1, 1704189089, NULL),
('KP.630', 'Berkas Perorangan Pegawai Negeri Sipil:', 1, 1704189089, NULL),
('KP.640', 'Berkas Perseorangan Pejabat Negara', 1, 1704189089, NULL),
('KP.641', 'Kepala BPS;', 1, 1704189089, NULL),
('KP.642', 'Pejabat Negara Lain yang ditentukan oleh Undang-Undang;', 1, 1704189089, NULL),
('KP.650', 'Surat Perintah Dinas/Surat Tugas', 1, 1704189089, NULL),
('KP.660', 'Berkas Cuti Pegawai:', 1, 1704189089, NULL),
('KP.661', 'Cuti Sakit.', 1, 1704189089, NULL),
('KP.662', 'Cuti Bersalin.', 1, 1704189089, NULL),
('KP.663', 'Cuti Tahunan.', 1, 1704189089, NULL),
('KP.664', 'Cuti Alasan Penting.', 1, 1704189089, NULL),
('KP.665', 'Cuti Luar Tanggungan Negara (CLTN).', 1, 1704189089, NULL),
('KP.700', 'KESEJAHTERAAN PEGAWAI', 1, 1704189089, NULL),
('KP.710', 'Berkas Tentang Layanan Tunjangan/Gaji.', 1, 1704189089, NULL),
('KP.720', 'Berkas Tentang Pemeliharaan Kesehatan Pegawai.', 1, 1704189089, NULL),
('KP.730', 'Berkas Tentang Layanan Asuransi Pegawai.', 1, 1704189089, NULL),
('KP.740', 'Berkas Tentang Bantuan Sosial.', 1, 1704189089, NULL),
('KP.750', 'Berkas Tentang Layanan Olahraga Dan Rekreasi.', 1, 1704189089, NULL),
('KP.760', 'Berkas Tentang Layanan Pengurusan Jenazah.', 1, 1704189089, NULL),
('KP.770', 'Berkas Tentang Layanan Organisasi Non Kedinasan (Korpri, Dharma Wanita, Koperasi)', 1, 1704189089, NULL),
('KP.800', 'PEMBERHENTIAN PEGAWAI TANPA HAK PENSIUN', 1, 1704189089, NULL),
('KP.900', 'USUL PEMBERHENTIAN DAN PENETAPAN PENSIUN PEGAWAI/JANDA/DUDA & PNS YANG TEWAS', 1, 1704189089, NULL),
('KS', 'KONSOLIDASI DATA STATISTIK', 0, 1704189089, NULL),
('KS.000', 'KOMPILASI DATA', 1, 1704189089, NULL),
('KS.100', 'ANALISI DATA', 1, 1704189089, NULL),
('KS.200', 'PENYUSUNAN PUBLIKASI', 1, 1704189089, NULL),
('KU', 'KEUANGAN', 0, 1704189089, NULL),
('KU.000', 'PELAKSANAAN ANGGARAN', 1, 1704189089, NULL),
('KU.010', 'Ketentuan/Peraturan Menteri Keuangan Menyangkut Pelaksanaan dan Penatausahaan', 1, 1704189089, NULL),
('KU.100', 'REALISASI PENDAPATAN/PENERIMAAN NEGARA', 1, 1704189089, NULL),
('KU.110', 'Surat Setoran Pajak (SSP)', 1, 1704189089, NULL),
('KU.120', 'Surat Setoran Bukan Pajak (SSBP)', 1, 1704189089, NULL),
('KU.130', 'Bukti Penerimaan Bukan Pajak (PNBP)', 1, 1704189089, NULL),
('KU.140', 'Dana Bagi Hasil yang bersumber dari Pajak :', 1, 1704189089, NULL),
('KU.141', 'Pajak Bumi Bangunan', 1, 1704189089, NULL),
('KU.142', 'Bea Perolehan Hak Atas Tanah dan Bangunan (BPHTB)', 1, 1704189089, NULL),
('KU.143', 'Pajak Penghasilan (Pph) Pasal 21, 25 dan 29', 1, 1704189089, NULL),
('KU.150', 'Bukti Setor Sisa Anggaran Lebih atau Bukti Setor Pengembalian Belanja (SSPB)', 1, 1704189089, NULL),
('KU.160', 'Bunga dan atau Jasa Giro pada Bank', 1, 1704189089, NULL),
('KU.170', 'Piutang Negara', 1, 1704189089, NULL),
('KU.180', 'Pengelolaan Investasi dan Penyertaan Modal', 1, 1704189089, NULL),
('KU.200', 'PENGELOLAAN PERBENDAHARAAN', 1, 1704189089, NULL),
('KU.210', 'Pejabat Penguji dan Penandatanganan SPM', 1, 1704189089, NULL),
('KU.220', 'Bendahara Penerimaan', 1, 1704189089, NULL),
('KU.230', 'Bendahara Pengeluaran', 1, 1704189089, NULL),
('KU.240', 'Kartu Pengawasan Pembayaran Penghasilan Pegawai (PK4)', 1, 1704189089, NULL),
('KU.250', 'Pengembalian Belanja', 1, 1704189089, NULL),
('KU.260', 'Pembukuan Anggaran :', 1, 1704189089, NULL),
('KU.261', 'Buku Kas Umum (BKU)', 1, 1704189089, NULL),
('KU.262', 'Buku Kas Pembantu', 1, 1704189089, NULL),
('KU.263', 'Kartu Realisasi Anggaran dan Pengawasan Realisasi Anggaran', 1, 1704189089, NULL),
('KU.270', 'Berita Acara Pemeriksaan Kas', 1, 1704189089, NULL),
('KU.280', 'Datar Gaji/Kartu Gaji', 1, 1704189089, NULL),
('KU.300', 'PENGELUARAN ANGGARAN Naskah - naskah yang berkaitan dengan pelaksanaan anggaran pengeluaran mulai dari SPP-GU, SPP-LS, SPP-UP, SPP-UP, SPP-TUP, SPM, SP2D, Juklak mekanisme pengelolaan APB serta bahan nota keuangan', 1, 1704189089, NULL),
('KU.310', 'Belanja Bahan', 1, 1704189089, NULL),
('KU.320', 'Belanja Barang', 1, 1704189089, NULL),
('KU.330', 'Belanja Jasa (Konsultasi, Profesi)', 1, 1704189089, NULL),
('KU.340', 'Belanja Perjalanan', 1, 1704189089, NULL),
('KU.350', 'Belanja Pegawai', 1, 1704189089, NULL),
('KU.360', 'Belanja Paket Meeting Dalam Kota', 1, 1704189089, NULL),
('KU.370', 'Belanja Paket Meeting Luar Kota', 1, 1704189089, NULL),
('KU.380', 'Belanja Akun Kombinasi', 1, 1704189089, NULL),
('KU.400', 'VERIFIKASI ANGGARAN', 1, 1704189089, NULL),
('KU.410', 'Surat Permintaan Pembayaran (SPP) beserta lampirannya', 1, 1704189089, NULL),
('KU.420', 'Surat Perintah Membayar (SPM), Surat perintah Pencairan dana (SP2D)', 1, 1704189089, NULL),
('KU.500', 'PELAPORAN', 1, 1704189089, NULL),
('KU.510', 'Akuntansi Keuangan:', 1, 1704189089, NULL),
('KU.511', 'Berita Acara Pemeriksaan Kas', 1, 1704189089, NULL),
('KU.512', 'Kas/Registrasi Penutupan Kas', 1, 1704189089, NULL),
('KU.513', 'Laporan Pendapatan Negara', 1, 1704189089, NULL),
('KU.514', 'Arsip Data Komputer (ADK)', 1, 1704189089, NULL),
('KU.520', 'Pengumpulan, Pemantauan, Evaluasi dan laporan Keuangan:', 1, 1704189089, NULL),
('KU.521', 'Keadaan Kredit Anggaran (LKKA) Bulanan/ Triwulan/Semesteran ', 1, 1704189089, NULL),
('KU.530', 'Rekonsiliasi Data Laporan Keuangan', 1, 1704189089, NULL),
('KU.600', 'BANTUAN PINJAMAN LUAR NEGERI', 1, 1704189089, NULL),
('KU.610', 'Permohonan Pinjaman Luar Negeri (Blue Book)', 1, 1704189089, NULL),
('KU.620', 'Dokumen Kesanggupan negara donor (Gray Book)', 1, 1704189089, NULL),
('KU.630', 'Memorandum of Understand (MOU) dan dokumen sejenisnya', 1, 1704189089, NULL),
('KU.640', 'Loan Agreement  Pinjaman/Hibah Luar Negeri (PHLN), legal opinion, surat-menyuratnya dengan lender, konsultan.', 1, 1704189089, NULL),
('KU.650', 'Alokasi dan Relokasi Penggunaan Dana Pinjaman/Hibah Luar Negeri', 1, 1704189089, NULL),
('KU.660', 'Penarikan Dana Bantuan Luar Negeri (BLN) ', 1, 1704189089, NULL),
('KU.661', 'Aplikasi Penarikan Dana Bantuan Luar Negeri (BLN) berikut lampirannya', 1, 1704189089, NULL),
('KU.662', 'Otorisasi Penarikan Dana (Payment Advice)', 1, 1704189089, NULL),
('KU.663', 'Replenisment (permintaan penarikan dana dari negara donor) meliputi:', 1, 1704189089, NULL),
('KU.670', 'Realisasi Pencairan Dana Bantuan Luar Negeri:', 1, 1704189089, NULL),
('KU.680', 'Ketentuan/Peraturan yang Menyangkut Bantuan/Pinjaman Luar Negeri', 1, 1704189089, NULL),
('KU.690', 'Laporan-laporan Pelaksanaan Bantuan/Pinjaman Luar Negeri.', 1, 1704189089, NULL),
('KU.691', 'Staff Appraisal Report.', 1, 1704189089, NULL),
('KU.692', 'Report/Laporan yang terdiri dari:', 1, 1704189089, NULL),
('KU.693', 'Laporan Hutang Negara:', 1, 1704189089, NULL),
('KU.694', 'Completion Report/Annual Report', 1, 1704189089, NULL),
('KU.700', 'PENGELOLA APBN/DANA PINJAMAN/HIBAH LUAR NEGERI (PHLN)', 1, 1704189089, NULL),
('KU.710', 'Keputusan Kepala BPS tentang Penetapan:', 1, 1704189089, NULL),
('KU.711', 'Kuasa Pengguna Anggaran (KPA), pejabat Pembuat Komitmen (PKK);', 1, 1704189089, NULL),
('KU.712', 'Pejabat Pembuatan Daftar Gaji;', 1, 1704189089, NULL),
('KU.713', 'Penandatangan SPM;', 1, 1704189089, NULL),
('KU.714', 'Bendahara Penerimaan/Pengeluaran, Pengelola Barang.', 1, 1704189089, NULL),
('KU.800', 'SISTEM AKUNTANSI INSTANSI (SAI)', 1, 1704189089, NULL),
('KU.810', 'Manual Implementasi Sistem Akuntansi Instansi (SAI)', 1, 1704189089, NULL),
('KU.820', 'Arsip Data Komputer dan Berita Acara Rekonsiliasi', 1, 1704189089, NULL),
('KU.830', 'a. Daftar Transaksi (DT), Pengeluaran (PK), Penerimaan (PN).', 1, 1704189089, NULL),
('KU.840', 'Listing (Daftar Rekaman Penerimaan) Buku Temuan dan Tindakan Lain (SAI)', 1, 1704189089, NULL),
('KU.850', 'Laporan Realisasi Bulanan SAI', 1, 1704189089, NULL),
('KU.860', 'Laporan Realisasi Triwulanan SAI dari Unit Akuntansi Wilayah (UAW) dan Gabungan semua UAW/Unit Akuntansi Kantor Pusat Instansi (UAKPI)', 1, 1704189089, NULL),
('KU.900', 'PERTANGGUNGJAWABAN KEUANGAN NEGARA', 1, 1704189089, NULL),
('KU.910', 'Laporan Hasil Pemeriksaan atas Laporan Keuangan oleh BPK RI.', 1, 1704189089, NULL),
('KU.920', 'Hasil Pengawasan dan Pemeriksaan Internal.', 1, 1704189089, NULL),
('KU.930', 'Laporan Aparat Pemeriksa Fungsional', 1, 1704189089, NULL),
('KU.931', 'Laporan Hasil Pemeriksaan  (LHP). ', 1, 1704189089, NULL),
('KU.932', ' Memorandum Hasil Pemeriksaan (MHP).', 1, 1704189089, NULL),
('KU.933', ' Tindak Lanjut/Tanggapan LHP.', 1, 1704189089, NULL),
('KU.940', 'Dokumentasi Penyelesaian Keuangan Negara:', 1, 1704189089, NULL),
('KU.941', ' Tuntutan Perbendaharaan', 1, 1704189089, NULL),
('KU.942', ' Tuntutan Ganti Rugi', 1, 1704189089, NULL),
('OT', 'ORGANISASI DAN TATA LAKSANA', 0, 1704189089, NULL),
('OT .000', 'ORGANISASI', 1, 1704189089, NULL),
('OT .010', 'Pembentukan organisasi', 1, 1704189089, NULL),
('OT .020', 'Pengubahan organisasi', 1, 1704189089, NULL),
('OT .030', 'Pembubaran organisasi', 1, 1704189089, NULL),
('OT .040', 'Evaluasi kelembagaan meliputi naskah-naskah yang berkaitan dengan penilaian dan penyempurnaan organisasi', 1, 1704189089, NULL),
('OT .050', 'Uraian Jabatan : Meliputi hal-hal yang berkenaan dengan masalah klasifikasi kepegawaian/pekerjaan,penelitian,jabatan dan analisa jabatan', 1, 1704189089, NULL),
('OT .100', 'TATA LAKSANA', 1, 1704189089, NULL),
('OT .110', 'Standar kompetensi Jabatan Struktual dan fungsional. Meliputi hal-hal yang berkenaan dengan standar kompetensi jabatan struktual dan jabatan fungsional', 1, 1704189089, NULL),
('OT .120', 'Tata Hubungan Kerja : Meliputi hal-hal berkenaan dengan masalah penyusunan tata hubungan kerja baik intern maupun ekstern BPS', 1, 1704189089, NULL),
('OT .130', 'Sistem dan Prosedur : Meliputi hal-hal berkenaan dengan masalah penelahan tata cara dan metode kegiatan dibidang perstatistikan', 1, 1704189089, NULL),
('PK', 'KEPUTUSAN', 0, 1704189089, NULL),
('PK.000', 'PENYIMPANAN DEPOSIT BAHAN PUSTAKA', 1, 1704189089, NULL),
('PK.010', 'Bukti penerimaan koleksi bahan pustaka deposit', 1, 1704189089, NULL),
('PK.020', 'Administrasi pengelohan deposit bahan pustaka', 1, 1704189089, NULL),
('PK.100', 'PENGADAAN BAHAN PUSTAKA', 1, 1704189089, NULL),
('PK.110', 'Buku induk koleksi', 1, 1704189089, NULL),
('PK.120', 'daftar buku terseleksi', 1, 1704189089, NULL),
('PK.130', 'daftar buku dalam pemesanan', 1, 1704189089, NULL),
('PK.140', 'Daftar buku dalam permintaan', 1, 1704189089, NULL),
('PK.200', 'PENGOLAHAN BAHAN PUSTAKA', 1, 1704189089, NULL),
('PK.210', 'Lembar kerja pengelohan bahan pustaka (buram pengkatalogan)', 1, 1704189089, NULL),
('PK.220', 'Shell list/jajaran kartu utama (master list)', 1, 1704189089, NULL),
('PK.230', 'Daftar tambahan buku (assesion list)', 1, 1704189089, NULL),
('PK.240', 'Daftar/jajaran kemdali (subjek dan pengarang)', 1, 1704189089, NULL),
('PK.300', 'LAYANAN JASA PERPUSTAKAAN DAN INFORMASI', 1, 1704189089, NULL),
('PK.310', 'Data dan statistik anggota, pengunjung dan peminjaman bahan pustaka', 1, 1704189089, NULL),
('PK.320', 'Pertanyaan,rujukan dan jawaban', 1, 1704189089, NULL),
('PK.400', 'PRESERVASI BAHAN PUSTAKA', 1, 1704189089, NULL),
('PK.410', 'Survei kondisi bahan pustaka', 1, 1704189089, NULL),
('PK.420', 'Reprografi bahan pustaka', 1, 1704189089, NULL),
('PK.500', 'PEMBINAAN PERPUSTAKAAN', 1, 1704189089, NULL),
('PK.510', 'Bimbingan teknis', 1, 1704189089, NULL),
('PK.520', 'Penyuluhan', 1, 1704189089, NULL),
('PK.530', 'Sosialisasi', 1, 1704189089, NULL),
('PL', 'PERLENGKAPAN', 0, 1704189089, NULL),
('PL.000', 'Rencana Kebutuhan Barang dan Jasa', 1, 1704189089, NULL),
('PL.010', 'Usulan Unit Kerja', 1, 1704189089, NULL),
('PL.020', 'Rencana Kebutuhan Lembaga Pusat/Daerah', 1, 1704189089, NULL),
('PL.021', 'Daftar Opname Fisik Barang Inventaris(DOFBI)', 1, 1704189089, NULL),
('PL.022', 'Daftar Inventaris Barang(DIB)', 1, 1704189089, NULL),
('PL.023', 'Daftar Kartu Inventaris Barang', 1, 1704189089, NULL),
('PL.024', 'Buku Inventaris/pembantu Inventaris Barang', 1, 1704189089, NULL),
('PL.100', 'Berkas Perkenalan', 1, 1704189089, NULL),
('PL.200', 'Pengadaan Barang', 1, 1704189089, NULL),
('PL.210', 'Pengadaan/pembelian barang tidak melalui lelang(pengadaan langsung) Usulan Unit Kerja,Proses pengadaan barang,Serah terima barang', 1, 1704189089, NULL),
('PL.220', 'Pengadaan/pembelian barang melalui lelang', 1, 1704189089, NULL),
('PL.230', 'Perolehan barang melalui bantuan/hibah', 1, 1704189089, NULL),
('PL.240', 'Pengadaan barang melalui tukar menukar', 1, 1704189089, NULL),
('PL.250', 'Pemanfaatan barang melalui pinjam pakai', 1, 1704189089, NULL),
('PL.260', 'Pemanfaatan barang melalui sewa', 1, 1704189089, NULL),
('PL.270', 'Pemanfaatan barang melalui kerjasama pemanfaatan', 1, 1704189089, NULL),
('PL.280', 'Pemanfaatan barang melalui bangun serah guna/bangun serah guna', 1, 1704189089, NULL),
('PL.300', 'Pengadaan Jasa  Berkas pengadaan jasa oleh pihak ketiga terdiri dari berkas penawaran sampai dengan kontrak perjanjian', 1, 1704189089, NULL),
('PL.400', 'Laporan kemajuan pelaksanaan belanja modal', 1, 1704189089, NULL),
('PL.500', 'INVENTARISASI', 1, 1704189089, NULL),
('PL.510', 'Inventarisasi Ruangan/Gedung/Bangunan', 1, 1704189089, NULL),
('PL.530', 'Penyusunan Laporan Tahunan Inventaris BMN', 1, 1704189089, NULL),
('PL.540', 'Sensus BMN', 1, 1704189089, NULL),
('PL.600', 'PENYIMPANAN', 1, 1704189089, NULL),
('PL.610', 'Penatausahaan Penyimpanan Barng/Publikasi :', 1, 1704189089, NULL),
('PL.611', 'Tanda terima/surat pengantar/surat pengiriman barang', 1, 1704189089, NULL),
('PL.612', 'Surat pernyataan harga  dan mutu barang', 1, 1704189089, NULL),
('PL.613', 'Berita acara serah terima barang hasil pengadaan', 1, 1704189089, NULL),
('PL.614', 'Buku penerimaan', 1, 1704189089, NULL),
('PL.615', 'Buku persediaan barang/kartu stock barang', 1, 1704189089, NULL),
('PL.616', 'Kartu barang/kartu gudang', 1, 1704189089, NULL),
('PL.620', 'Penyusunan laporan persediaan barang', 1, 1704189089, NULL),
('PL.700', 'PENYALURAN', 1, 1704189089, NULL),
('PL.710', 'Penatausahaan penyaluran barang/publikasi', 1, 1704189089, NULL),
('PL.711', 'Surat permintaan dari unit kerja/formulir permintaan', 1, 1704189089, NULL),
('PL.712', 'Surat perintah mengeluarkan barang (SPMB)', 1, 1704189089, NULL),
('PL.713', 'Surat perintah mengeluarkan barang inventaris', 1, 1704189089, NULL),
('PL.714', 'Berita acara serah terima distribusi barang', 1, 1704189089, NULL),
('PL.800', 'PENGHAPUSAN BMN', 1, 1704189089, NULL),
('PL.810', 'Penghapusan barang bergerak/barang inventaris kantor ', 1, 1704189089, NULL),
('PL.900', 'BUKTI-BUKTI KEPEMILIKAN DAN KELENGKAPAN BMN', 1, 1704189089, NULL),
('PR', 'PERENCANAAN', 0, 1704189089, NULL),
('PR.000', 'POKOK-POKOK KEBIJAKAN DAN STRATEGI PEMBANGUNAN', 1, 1704189089, NULL),
('PR.010', 'Pengumpulan Data.', 1, 1704189089, NULL),
('PR.020', 'Rencana Pembangunan Jangka Panjang (RPJP).', 1, 1704189089, NULL),
('PR.030', 'Rencana Pembangunan Jangka Panjang (RPJP).', 1, 1704189089, NULL),
('PR.040', 'Rencana Kerja Pemerintah(RKP).', 1, 1704189089, NULL),
('PR.050', 'Penyelenggaraan Musyawarah Perencanaan Pembangunan(Musrenbang)', 1, 1704189089, NULL),
('PR.100', 'PENYUSUNAN RENCANA', 1, 1704189089, NULL),
('PR.110', 'Rencana Kegiatan Teknis', 1, 1704189089, NULL),
('PR.120', 'Rencana Kegiatan Non-Teknis', 1, 1704189089, NULL),
('PR.130', 'Keterpaduan Rencana Teknis dan Non Teknis', 1, 1704189089, NULL),
('PR.200', 'PROGRAM KERJA TAHUNAN', 1, 1704189089, NULL),
('PR.210', 'Usulan Unit Kerja beserta data penduduknya', 1, 1704189089, NULL),
('PR.220', 'Program Kerja Thunan Unit Kerja', 1, 1704189089, NULL),
('PR.230', 'Program Kerja Tahunan Instansi/Lembaga', 1, 1704189089, NULL),
('PR.300', 'RENCANA ANGGARAN PENDAPATAN DAN BELANJA NEGARA (RAPBN)', 1, 1704189089, NULL),
('PR.310', 'Penyusunan RAPBN', 1, 1704189089, NULL),
('PR.311', 'Arah kebijakan umum, strategi, prioritas, dan renstra:', 1, 1704189089, NULL),
('PR.312', 'Rencana kerja dan anggaran kementrian lembaga (RKAKL)', 1, 1704189089, NULL),
('PR.313', 'Lembaga satuan anggaran per satuan kerja (SAPSKI), satuan rincian alokasi anggaran', 1, 1704189089, NULL),
('PR.320', 'Penyampaian APBN kepada DPR RI', 1, 1704189089, NULL),
('PR.321', 'Nota keuangan pemerintah dan rancangan Undang-Undang RAPBN:', 1, 1704189089, NULL),
('PR.322', 'Pembahasan RAPBN oleh komisi DPR RI', 1, 1704189089, NULL),
('PR.323', 'Risalah rapat dengar pendapat dengan DPR RI', 1, 1704189089, NULL),
('PR.324', 'Nota jawaban DPR RI', 1, 1704189089, NULL),
('PR.330', 'Undang-Undang anggaranpendapatan dan belanja negara (APBN) dan rencana pembangunan tahunan (REPETA)', 1, 1704189089, NULL),
('PR.400', 'PENYUSUNAN ANGGARN PENDAPATAN NEGARA (APBN)', 1, 1704189089, NULL),
('PR.410', 'Ketetapan pagu indikatif/pagu sementara', 1, 1704189089, NULL),
('PR.420', 'ketetapan pagu definitif', 1, 1704189089, NULL),
('PR.430', 'Rencana kerja anggaran (RKA) lembaga negara dan badan pemerintah (LNBP)', 1, 1704189089, NULL),
('PR.440', 'Daftar isian pelaksanaan anggaran (DIPA) dan revisinya', 1, 1704189089, NULL),
('PR.450', 'Petunjuk operasional kegiatan (POK) dan revisinya', 1, 1704189089, NULL),
('PR.460', 'Petunjuk teknis tata laksana keterpaduan kegiatan dan pengelolaan anggaran', 1, 1704189089, NULL),
('PR.470', 'Target penerimaan negara bukan pajak', 1, 1704189089, NULL),
('PR.500', 'PENYUSUNAN STANDAR HARGA MONITORING PROGRAM', 1, 1704189089, NULL),
('PR.510', 'Pedoman pengumpulan dan pengolahan data standar harga', 1, 1704189089, NULL),
('PR.520', 'Pedoman teknis monitoring program dan kegiatan', 1, 1704189089, NULL),
('PR.530', 'Pedoman teknis evaluasi dan pelaporan program', 1, 1704189089, NULL),
('PR.600', 'LAPORAN', 1, 1704189089, NULL),
('PR.610', 'Laporan khusus', 1, 1704189089, NULL),
('PR.611', 'Pemantau prioritas', 1, 1704189089, NULL),
('PR.612', 'Laporan pelaksanaan kegiatan atas permintaan eksternal', 1, 1704189089, NULL),
('PR.613', 'Laporan atas pelaksanaan kegiatan/program tertentu', 1, 1704189089, NULL),
('PR.614', 'Rapat dengar pendapat dengan DPR RI', 1, 1704189089, NULL),
('PR.620', 'Laporan progress report', 1, 1704189089, NULL),
('PR.630', 'Laporan akuntabilitas kinerja instansi pemerintah (LAKIP)', 1, 1704189089, NULL),
('PR.640', 'Laporan berkala (harian,mingguan,triwulanan,semesteran,tahunan)', 1, 1704189089, NULL),
('PR.700', 'EVALUASI PROGRAM', 1, 1704189089, NULL),
('PR.710', 'Evaluasi program unit kerja', 1, 1704189089, NULL),
('PR.720', 'Evaluasi program lembaga/instansi', 1, 1704189089, NULL),
('PS', 'PERUMUSAN KEBIJAKAN DI BIDANG STATISTIK MELIPUTI : METODOLOGI DAN INFORMASI STATISTIK, STATISTIK SOSIAL, STATISTIK PRODUKSI, STATISTIK DISTRIBUSI DAN JASA, NERACA DAN ANALISA STATISTIK', 0, 1704189089, NULL),
('PS.000', 'Pengkajian dan Pengusulan Kebijakan', 1, 1704189089, NULL),
('PS.100', 'Penyiapan Kebijakan', 1, 1704189089, NULL),
('PS.200', 'Masukan dan Dukungan dalam Penyusunan Kebijakan', 1, 1704189089, NULL),
('PS.300', 'Pengembangan desain dan standardisasi', 1, 1704189089, NULL),
('PS.400', 'Penetapan Norma, Standar, Prosedur dan Kriteria (NSPK)', 1, 1704189089, NULL),
('PW', 'PENGAWASAN', 0, 1704189089, NULL),
('PW.000', 'RENCANA PENGAWASAN', 1, 1704189089, NULL),
('PW.010', 'Rencana strategis pengawasan', 1, 1704189089, NULL),
('PW.020', 'Rencana kerja tahunan', 1, 1704189089, NULL),
('PW.030', 'Rencana kinerja tahunan', 1, 1704189089, NULL),
('PW.040', 'Penetepan kinerja tahunan', 1, 1704189089, NULL),
('PW.050', 'Rakor pengawasan tingkat nasional', 1, 1704189089, NULL),
('PW.100', 'PELAKSANAAN PENGAWASAN', 1, 1704189089, NULL),
('PW.110', 'Naskah-naskah yang berkaitan dengan audit mulai dari surat penugasan sampai dengan surat menyurat', 1, 1704189089, NULL),
('PW.120', 'Laporan hasil audit (LHA),laporan hasil pemeriksaan operasional(LHPO),Laporan hasil evaluasi(LHE),Laporan akuntan (LA), laporan auditor indendent (LAI) yang memerlukan tindak lanjut (TL)', 1, 1704189089, NULL),
('PW.130', 'Laporan hasil audit investigasi (LHAI), Laporan hasil pemeriksaan operasionnal(LHPO), laporan hasil evaluasi (LHE), laporan akuntan (LA),Laporan auditor independent (LAI) yang memerlukan tindak lanjut (TL)', 1, 1704189089, NULL),
('PW.140', 'Laporan perkembangan penanganan surat pengaduan masyarakat', 1, 1704189089, NULL),
('PW.150', 'Laporan pemutakhitsn data', 1, 1704189089, NULL),
('PW.160', 'Laporan perkembangan BMN', 1, 1704189089, NULL),
('PW.170', 'Laporan kegiatan pendampingan penyusunan laporan keuangan dan reviu departmen/LPND', 1, 1704189089, NULL),
('PW.180', 'Good corporate governance (GCG)', 1, 1704189089, NULL),
('RT', 'KERUMAHTANGGAAN', 0, 1704189089, NULL),
('RT.000', 'TELEKOMUNIKASI', 1, 1704189089, NULL),
('RT.100', 'ADMINISTRASI PENGGUNAAN FASILITAS KANTOR', 1, 1704189089, NULL),
('RT.200', 'PENGURUSAN KENDARAAN DINAS', 1, 1704189089, NULL),
('RT.210', 'Pengurusan Surat kendaraan Dinas', 1, 1704189089, NULL),
('RT.220', 'Pemeliharaan dan Perbaikan', 1, 1704189089, NULL),
('RT.230', 'Pengurusan Kehilangan dan Masalah Kendaraan', 1, 1704189089, NULL),
('RT.300', 'PEMELIHARAAN GEDUNG DAN TAMAN', 1, 1704189089, NULL),
('RT.310', 'Pertamanan/Lanscaping', 1, 1704189089, NULL),
('RT.320', 'Penghijauan', 1, 1704189089, NULL),
('RT.330', 'Perbaiki Gedung', 1, 1704189089, NULL),
('RT.340', 'Perbaiki Rumah Dinas/Wisma', 1, 1704189089, NULL),
('RT.350', 'Kebersihan Gedung dan Taman', 1, 1704189089, NULL),
('RT.400', 'PENGELOLAAN JARINGAN LISTRIK,AIR,TELEPON,DAN KOMPUTER', 1, 1704189089, NULL),
('RT.410', 'Perbaikan/Pemeliharaan', 1, 1704189089, NULL),
('RT.420', 'Pemasangan', 1, 1704189089, NULL),
('RT.500', 'KETERTIBAN DAN KEAMANAN', 1, 1704189089, NULL),
('RT.510', 'Pengamanan,penjagaan dan pengawasan terhadap pejabat,kantor,dan rumah dinas:', 1, 1704189089, NULL),
('RT.511', 'Daftar Nama Satuan Pengamanan', 1, 1704189089, NULL),
('RT.512', 'Daftar Jaga/Daftar Piket', 1, 1704189089, NULL),
('RT.513', 'Surat Ijin Keluar Masuk Orang atau Barang', 1, 1704189089, NULL),
('RT.520', 'Laporan Ketertiban dan Keamanan', 1, 1704189089, NULL),
('RT.521', 'Kehilangan,kerusakan,kecelakaan,gangguan', 1, 1704189089, NULL),
('RT.600', 'ADMINISTRASI PENGELOLAAN PARKIR', 1, 1704189089, NULL),
('SS', 'SENSUS PENDUDUK, SENSUS PERTANIAN DAN SENSUS EKONOMI', 0, 1704189089, NULL),
('SS.000', 'PERENCANAAN', 1, 1704189089, NULL),
('SS.010', 'Master Plan dan Network Planing', 1, 1704189089, NULL),
('SS.020', 'Perumusan dan Penyusunan Bahan', 1, 1704189089, NULL),
('SS.021', 'Penyiapan bahan penyususnan rancangan sensus', 1, 1704189089, NULL),
('SS.022', 'Penyusunan metode pencacahan sensus', 1, 1704189089, NULL),
('SS.023', 'Penentuan volume sensus', 1, 1704189089, NULL),
('SS.024', 'Penyusunan desain penarikan sampel', 1, 1704189089, NULL),
('SS.025', 'penyusunan kerangka sampel', 1, 1704189089, NULL),
('SS.030', 'Studi Pendahuluan', 1, 1704189089, NULL),
('SS.100', 'PERSIAPAN SENSUS', 1, 1704189089, NULL),
('SS.110', 'Rancangan Organisasi', 1, 1704189089, NULL),
('SS.120', 'Penyusunan Kuesioner', 1, 1704189089, NULL),
('SS.130', 'Penyusunan Konsep dan Definisi', 1, 1704189089, NULL),
('SS.140', 'Penyusunan Metodologi (organisasi, lapangan, ukuran statistik)', 1, 1704189089, NULL),
('SS.150', 'Penyusunan Buku Pedoman (pencacahan, pengawasan, pengolahan)', 1, 1704189089, NULL),
('SS.160', 'Penyusunan Peta Wilayah Kerja dan Muatan Peta Wilayah', 1, 1704189089, NULL),
('SS.170', 'Penyusunan Pedoman Sosialisasi', 1, 1704189089, NULL),
('SS.180', 'Penyusunan Program Pengolahan (rule validasi pemeriksaan entri tabulasi)', 1, 1704189089, NULL),
('SS.190', 'Koordinasi Intern/Ekstrn', 1, 1704189089, NULL),
('SS.200', 'PELATIHAN/UJICOBA', 1, 1704189089, NULL),
('SS.210', 'Pelatihan Instruktur', 1, 1704189089, NULL),
('SS.220', 'Pelatihan Petugas', 1, 1704189089, NULL),
('SS.230', 'Pelatihan Petugas Pengolahan', 1, 1704189089, NULL),
('SS.240', 'Perancangan Tabel', 1, 1704189089, NULL),
('SS.250', 'Pelaksanaan Ujicoba Kuesioner Sensus (meliputi reliabititas kuesioner dan sistem pengolahan)', 1, 1704189089, NULL),
('SS.260', 'Pelaksanaan Ujicoba Kuesioner Metodologi Sensus (meliputi ujicoba pelaksanaan pencacahan, organisasi dan jumlah sempel)', 1, 1704189089, NULL),
('SS.300', 'PELAKSANAAN LAPANGAN', 1, 1704189089, NULL),
('SS.310', 'Listing', 1, 1704189089, NULL),
('SS.320', 'Pemilihan Sampel', 1, 1704189089, NULL),
('SS.330', 'Pengumpulan Data', 1, 1704189089, NULL),
('SS.340', 'Pemeriksaan Data', 1, 1704189089, NULL),
('SS.350', 'Pengawasan Lapangan', 1, 1704189089, NULL),
('SS.360', 'Monitoring Kualitas', 1, 1704189089, NULL),
('SS.400', 'PENGOLAHAN', 1, 1704189089, NULL),
('SS.410', 'Pengelolaan Dokumen (penerimaan/pengiriman, pengelompokan/batching)', 1, 1704189089, NULL),
('SS.420', 'Pemeriksaan Dokumen dan Pengkodean(editing/coding)', 1, 1704189089, NULL),
('SS.430', 'Perekam Data (entri/scanner)', 1, 1704189089, NULL),
('SS.440', 'Tabulasi Data', 1, 1704189089, NULL),
('SS.450', 'Pemeriksaan Tabulasi', 1, 1704189089, NULL),
('SS.460', 'Laporan Konsistensi Tabulasi', 1, 1704189089, NULL),
('SS.500', 'ANALISIS DAN PENYAJIAN HASIL SENSUS', 1, 1704189089, NULL),
('SS.510', 'Pembahasan Angka Hasil Pengolahan', 1, 1704189089, NULL),
('SS.520', 'Penyusunan Angka Sementara', 1, 1704189089, NULL),
('SS.530', 'Penyusunan Angka Tetap', 1, 1704189089, NULL),
('SS.540', 'Penyusunan/Pembahasan Draft Publikasi', 1, 1704189089, NULL),
('SS.550', 'Analisis Data Sensus', 1, 1704189089, NULL),
('SS.560', 'Penyusunan Diseminasi Hasil Sensus', 1, 1704189089, NULL),
('SS.600', 'DISEMINASI HASIL SENSUS', 1, 1704189089, NULL),
('SS.610', 'Penyusunan Bahan Diseminasi', 1, 1704189089, NULL),
('SS.620', 'Sosialisasi hasil Sensus melalui berbagai media', 1, 1704189089, NULL),
('SS.630', 'Layanan Promosi Statistik', 1, 1704189089, NULL),
('TS', 'TRANSFORMASI STATISTIK', 0, 1704189089, NULL),
('TS.000', 'PENYUSUNAN RENCANA KEGIATAN BIDANG TRANSFORMASI STATISTIK (TOR)', 1, 1704189089, NULL),
('TS.010', 'Transformasi proses bisnis statistik', 1, 1704189089, NULL),
('TS.020', 'Transformasi TIK dan Komunikasi', 1, 1704189089, NULL),
('TS.030', 'Transformasi manajemen sumberdaya manusia dan kelembagaan', 1, 1704189089, NULL),
('TS.100', 'PENYUSUNAN BAHAN TERKAIT TRANSFORMASI STATISTIK', 1, 1704189089, NULL),
('TS.110', 'Rencana Sarana dan Prasarana Transformasi Statistik', 1, 1704189089, NULL),
('TS.120', 'Statistical Business Frame Work and Architecture (SBFA)', 1, 1704189089, NULL),
('TS.130', 'Analysis Document', 1, 1704189089, NULL),
('TS.140', 'CSI', 1, 1704189089, NULL),
('TS.150', 'BPR', 1, 1704189089, NULL),
('TS.160', 'Sosialisasi, internalisasi, workshop terkait kegiatan transformasi', 1, 1704189089, NULL),
('TS.170', 'Deliverables', 1, 1704189089, NULL),
('TS.200', 'MANAJEMEN PERUBAHAN', 1, 1704189089, NULL),
('TS.210', 'Steering Committee (Dewan Pengarah)', 1, 1704189089, NULL),
('TS.220', 'Change Agent', 1, 1704189089, NULL),
('TS.230', 'Change Leader', 1, 1704189089, NULL),
('TS.240', 'Change Champion', 1, 1704189089, NULL),
('TS.250', 'Working Group', 1, 1704189089, NULL),
('TS.260', 'Evaluasi dan Monitoring Perkembangan Program STATCAP CERDAS; Sensus Daring/CPOC', 1, 1704189089, NULL),
('TS.270', 'Sosialisasi, Internalisasi, Workshop terkait kegiatan Manajemen Perubahan, Kick of Meeting', 1, 1704189089, NULL),
('TS.300', 'KETERPADUAN TRANSFORMASI', 1, 1704189089, NULL),
('TS.310', 'Mendukung Implementasi Transformasi: CAPI SAKERNAS, Continous Survey', 1, 1704189089, NULL),
('TS.400', 'LAPORAN TRANSFORMASI STATISTIK', 1, 1704189089, NULL),
('TS.410', 'Laporan Kemajuan', 1, 1704189089, NULL),
('TS.420', 'Laporan Bulanan', 1, 1704189089, NULL),
('TS.430', 'Laporan Triwulan', 1, 1704189089, NULL),
('TS.440', 'Laporan Tahunan', 1, 1704189089, NULL),
('VS', 'SURVEI', 0, 1704189089, NULL),
('VS.000', 'PERENCANAAN SURVEI', 1, 1704189089, NULL),
('VS.010', 'Master Plan dan Network Planing SURVEI', 1, 1704189089, NULL),
('VS.020', 'Perumusan dan Penyusunan Bahan SURVEI', 1, 1704189089, NULL),
('VS.021', 'Penyiapan bahan penyusunan rancangan survei', 1, 1704189089, NULL),
('VS.022', 'Penyusunan metode pencacahan survei', 1, 1704189089, NULL),
('VS.023', 'Penentuan volume survei', 1, 1704189089, NULL),
('VS.024', 'Penyusunan desain penarikan sampel', 1, 1704189089, NULL),
('VS.025', 'Penyusunan kerangka sampel', 1, 1704189089, NULL),
('VS.030', 'Studi Pendahuluan (desk study)', 1, 1704189089, NULL),
('VS.100', 'PERSIAPAN SURVEI', 1, 1704189089, NULL),
('VS.110', 'Rancangan Organisasi', 1, 1704189089, NULL),
('VS.120', 'Penyusunan Kuesioner', 1, 1704189089, NULL),
('VS.130', 'Penyusunan Konsep dan Definisi', 1, 1704189089, NULL),
('VS.140', 'Penyusunan Metodologi (organisasi, lapangan, ukuran statistik)', 1, 1704189089, NULL),
('VS.150', 'Penyusunan Buku Pedoman (pencacahan, pengawasan, pengolahan)', 1, 1704189089, NULL),
('VS.160', 'Penyusunan Peta Wilayah Kerja dan Muatan Peta Wilayah', 1, 1704189089, NULL),
('VS.170', 'Penyusunan Pedoman Sosialisasi', 1, 1704189089, NULL),
('VS.180', 'Penyusunan Program Pengolahan (rule validasi pemeriksaan entri tabulasi)', 1, 1704189089, NULL),
('VS.190', 'Koordinasi Intern/Ekstrn', 1, 1704189089, NULL),
('VS.200', 'PELATIHAN/UJICOBA', 1, 1704189089, NULL),
('VS.210', 'Pelatihan Instruktur', 1, 1704189089, NULL),
('VS.220', 'Pelatihan Petugas', 1, 1704189089, NULL),
('VS.230', 'Pelatihan Petugas Pengolahan', 1, 1704189089, NULL),
('VS.240', 'Perancangan Tabel', 1, 1704189089, NULL),
('VS.250', 'Pelaksanaan Ujicoba Kuesioner Survei (meliputi reliabilitas kuesioner dan sistem pengolahan)', 1, 1704189089, NULL),
('VS.260', 'Pelaksanaan Ujicoba Kuesioner Metodologi Survei (meliputi ujicoba pelaksanaan pencacahan, organisasi dan jumlah sempel)', 1, 1704189089, NULL),
('VS.300', 'PELAKSANAAN LAPANGAN', 1, 1704189089, NULL),
('VS.310', 'Listing', 1, 1704189089, NULL),
('VS.320', 'Pemilihan Sampel', 1, 1704189089, NULL),
('VS.330', 'Pengumpulan Data', 1, 1704189089, NULL),
('VS.340', 'Pemeriksaan Data', 1, 1704189089, NULL),
('VS.350', 'Pengawasan Lapangan', 1, 1704189089, NULL),
('VS.360', 'Monitoring Kualitas', 1, 1704189089, NULL),
('VS.400', 'PENGOLAHAN', 1, 1704189089, NULL),
('VS.410', 'Pengelolaan Dokumen (penerimaan/pengiriman, pengelompokan/batching)', 1, 1704189089, NULL),
('VS.420', 'Pemeriksaan Dokumen dan Pengkodean(editing/coding)', 1, 1704189089, NULL),
('VS.430', 'Perekam Data (entri/scanner)', 1, 1704189089, NULL),
('VS.440', 'Tabulasi Data', 1, 1704189089, NULL),
('VS.450', 'Pemeriksaan Tabulasi', 1, 1704189089, NULL),
('VS.460', 'Laporan Konsistensi Tabulasi', 1, 1704189089, NULL),
('VS.500', 'ANALISIS DAN PENYAJIAN HASIL SURVEI', 1, 1704189089, NULL),
('VS.510', 'Pembahasan Angka Hasil Pengolahan', 1, 1704189089, NULL),
('VS.520', 'Penyusunan Angka Sementara', 1, 1704189089, NULL),
('VS.530', 'Penyusunan Angka Proyeksi/Ramalan', 1, 1704189089, NULL),
('VS.540', 'Penyusunan Angka Tetap', 1, 1704189089, NULL),
('VS.550', 'Penyusunan/ Pembahasan Draft Publikasi', 1, 1704189089, NULL),
('VS.560', 'Analisis Dta Survei', 1, 1704189089, NULL),
('VS.570', 'Penyusunan Diseminasi Hasil Survei', 1, 1704189089, NULL),
('VS.600', 'DISEMINASI HASIL SURVEI', 1, 1704189089, NULL),
('VS.610', 'Penyusunan Bahan Diseminasi', 1, 1704189089, NULL),
('VS.620', 'Sosialisasi Hasil Survei melalui berbagai Media', 1, 1704189089, NULL),
('VS.630', 'Layanan Promosi Statistik', 1, 1704189089, NULL);

-- --------------------------------------------------------

--
-- Table structure for table `dbo_memo_keluar`
--

CREATE TABLE `dbo_memo_keluar` (
  `id` int NOT NULL,
  `nomor` varchar(10) NOT NULL,
  `fungsi` varchar(5) NOT NULL,
  `klasifikasi` varchar(10) NOT NULL,
  `tahun` varchar(4) NOT NULL,
  `nomor_naskah` varchar(50) NOT NULL,
  `perihal` varchar(255) NOT NULL,
  `tujuan` varchar(255) NOT NULL,
  `tanggal` date NOT NULL,
  `file` varchar(255) DEFAULT NULL,
  `keterangan` varchar(255) DEFAULT NULL,
  `user_create` int NOT NULL,
  `user_update` int DEFAULT NULL,
  `create_at` int NOT NULL,
  `update_at` int DEFAULT NULL
) ENGINE=InnoDB DEFAULT CHARSET=utf8mb3;

--
-- Dumping data for table `dbo_memo_keluar`
--

INSERT INTO `dbo_memo_keluar` (`id`, `nomor`, `fungsi`, `klasifikasi`, `tahun`, `nomor_naskah`, `perihal`, `tujuan`, `tanggal`, `file`, `keterangan`, `user_create`, `user_update`, `create_at`, `update_at`) VALUES
(24, '1', '14000', 'VS.220', '2024', '1/14000/VS.220/2024', 'Rapat Finalisasi Master Pekerjaan', 'Anggota Tim Master Kegiatan', '2024-01-03', NULL, NULL, 3, 3, 1708249683, 1710464609),
(25, '2', '14000', 'VS.220', '2024', '2/14000/VS.220/2024', 'Rapat Pelaksanaan Anggaran 2024', 'Terlampir', '2024-01-04', NULL, NULL, 3, NULL, 1708249711, NULL),
(26, '3', '14000', 'VS.220', '2024', '3/14000/VS.220/2024', 'Pembinaan Statistik Sektoral', 'Terlampir', '2024-01-08', NULL, NULL, 3, NULL, 1708249735, NULL),
(27, '4', '14000', 'VS.220', '2024', '4/14000/VS.220/2024', 'Sharing Knowledge Pembinaan Statistik Mahasiswa UIN Suska Riau', 'Terlampir', '2024-01-08', NULL, NULL, 3, NULL, 1708249758, NULL),
(28, '5', '14000', 'VS.220', '2024', '5/14000/VS.220/2024', 'Briefing KSA ', 'Terlampir', '2024-01-09', NULL, NULL, 3, NULL, 1708249801, NULL),
(29, '6', '14000', 'VS.220', '2024', '6/14000/VS.220/2024', 'Briefing KSA ', 'Terlampir', '2024-01-02', NULL, NULL, 3, NULL, 1708249814, NULL),
(30, '7', '14000', 'VS.220', '2024', '7/14000/VS.220/2024', 'Briefing KSA ', 'Terlampir', '2024-01-02', NULL, NULL, 3, NULL, 1708249828, NULL),
(31, '8', '14000', 'VS.220', '2024', '8/14000/VS.220/2024', 'Briefing KSA ', 'Terlampir', '2024-01-02', NULL, NULL, 3, NULL, 1708249842, NULL),
(32, '9', '14000', 'VS.220', '2024', '9/14000/VS.220/2024', 'Briefing KSA ', 'Terlampir', '2024-01-02', NULL, NULL, 3, NULL, 1708249858, NULL),
(33, '10', '14000', 'VS.220', '2024', '10/14000/VS.220/2024', 'Briefing KSA ', 'Terlampir', '2024-01-03', NULL, NULL, 3, 3, 1708249873, 1710464643),
(34, '11', '14000', 'VS.220', '2024', '11/14000/VS.220/2024', 'Briefing KSA ', 'Terlampir', '2024-01-02', NULL, NULL, 3, NULL, 1708249891, NULL),
(35, '12', '14000', 'VS.220', '2024', '12/14000/VS.220/2024', 'Briefing KSA ', 'Terlampir', '2024-01-02', NULL, NULL, 3, NULL, 1708249910, NULL),
(36, '13', '14000', 'VS.220', '2024', '13/14000/VS.220/2024', 'Briefing KSA ', 'Terlampir', '2024-01-02', NULL, NULL, 3, NULL, 1708249926, NULL),
(37, '14', '14000', 'VS.220', '2024', '14/14000/VS.220/2024', 'Rapat Tim Konsultasi dan Pengaduan Menuju ISO9001', 'Terlampir', '2024-01-19', NULL, NULL, 3, NULL, 1708249948, NULL),
(38, '15', '14000', 'VS.220', '2024', '15/14000/VS.220/2024', 'Rapat Tim UKK ', 'Terlampir', '2024-01-19', NULL, NULL, 3, NULL, 1708249971, NULL),
(39, '16', '14000', 'VS.220', '2024', '16/14000/VS.220/2024', 'Kehumasan', 'Terlampir', '2024-01-22', NULL, NULL, 3, NULL, 1708250074, NULL),
(40, '17', '14000', 'VS.220', '2024', '17/14000/VS.220/2024', 'Briefing KSA ', 'Terlampir', '2024-01-22', NULL, NULL, 3, NULL, 1708250093, NULL),
(41, '18', '14000', 'VS.220', '2024', '18/14000/VS.220/2024', 'Rapat Pemenuhan Data', 'Terlampir', '2024-01-22', NULL, NULL, 3, NULL, 1708250109, NULL),
(42, '19', '14000', 'VS.220', '2024', '19/14000/VS.220/2024', 'Rapat ISO 9001', 'Terlampir', '2024-01-22', NULL, NULL, 3, NULL, 1708250128, NULL),
(43, '20', '14000', 'VS.220', '2024', '20/14000/VS.220/2024', 'Rapat kegiatan Pembinaan Statistik Sektoral', 'Terlampir', '2024-01-25', NULL, NULL, 3, NULL, 1708250156, NULL),
(44, '21', '14000', 'VS.220', '2024', '21/14000/VS.220/2024', 'Rapat Tim IPH', 'Terlampir', '2024-01-26', NULL, NULL, 3, NULL, 1708250185, NULL),
(45, '22', '14000', 'VS.220', '2024', '22/14000/VS.220/2024', 'Rilis BRS 1 Februari 2024', 'Terlampir', '2024-01-29', NULL, NULL, 3, NULL, 1708250208, NULL),
(46, '23', '14000', 'VS.220', '2024', '23/14000/VS.220/2024', 'Pemilihan Change Ambasador', 'Terlampir', '2024-01-29', NULL, NULL, 3, NULL, 1708250226, NULL),
(47, '24', '14000', 'VS.220', '2024', '24/14000/VS.220/2024', 'Rapat Master Pekerjaan', 'Terlampir', '2024-01-29', NULL, NULL, 3, NULL, 1708250248, NULL),
(48, '25', '14000', 'VS.220', '2024', '25/14000/VS.220/2024', 'Briefing KSA ', 'Terlampir', '2024-01-29', NULL, NULL, 3, NULL, 1708250261, NULL),
(49, '26', '14000', 'VS.220', '2024', '26/14000/VS.220/2024', 'Briefing KSA ', 'Terlampir', '2024-01-29', NULL, NULL, 3, NULL, 1708250278, NULL),
(50, '27', '14000', 'VS.220', '2024', '27/14000/VS.220/2024', 'Briefing KSA ', 'Terlampir', '2024-01-29', NULL, NULL, 3, NULL, 1708250292, NULL),
(51, '28', '14000', 'VS.220', '2024', '28/14000/VS.220/2024', 'Briefing KSA ', 'Terlampir', '2024-02-05', NULL, NULL, 3, NULL, 1708250307, NULL),
(52, '29', '14000', 'VS.220', '2024', '29/14000/VS.220/2024', 'Briefing KSA ', 'Terlampir', '2024-02-05', NULL, NULL, 3, 3, 1708250328, 1708250372),
(53, '30', '14000', 'VS.220', '2024', '30/14000/VS.220/2024', 'Briefing KSA ', 'Terlampir', '2024-02-06', NULL, NULL, 3, NULL, 1708250359, NULL),
(54, '31', '14000', 'VS.220', '2024', '31/14000/VS.220/2024', 'Rilis BRS 15 Februari 2024', 'Terlampir', '2024-02-13', NULL, NULL, 3, NULL, 1708250399, NULL),
(55, '32', '14000', 'VS.220', '2024', '32/14000/VS.220/2024', 'Briefing KSA ', 'Terlampir', '2024-02-15', NULL, NULL, 3, NULL, 1708250427, NULL),
(56, '33', '14000', 'VS.220', '2024', '33/14000/VS.220/2024', 'Briefing KSA ', 'Terlampir', '2024-02-15', NULL, NULL, 3, NULL, 1708250441, NULL),
(57, '34', '14000', 'IF.000', '2024', '34/14000/IF.000/2024', 'Rapat Pembahasan Progres PEKPPP dan sertifikasi ISO9001 Tahun 2024', 'Terlampir', '2024-02-19', NULL, 'Shahnaz', 3, NULL, 1708326128, NULL),
(58, '35', '14000', 'PS.210', '2024', '35/14000/PS.210/2024', 'Akustik Series 2', 'Pegawai BPS Provinsi Riau', '2024-02-22', NULL, NULL, 3, NULL, 1708567125, NULL),
(59, '36', '14000', 'TS.270', '2024', '36/14000/TS.270/2024', 'Undangan Rapat Persiapan Pembangunan Zona Integritas 2024 BPS Provinsi Riau', 'Pegawai BPS Provinsi Riau (Daftar Terlampir)', '2024-02-22', NULL, NULL, 3, NULL, 1708568239, NULL),
(60, '37', '14000', 'VS.630', '2024', '37/14000/VS.630/2024', 'Pembinaan Statistik Sektoral 2024', 'Terlampir', '2024-02-23', NULL, NULL, 12, NULL, 1708675054, NULL),
(61, '38', '14000', 'PS.400', '2024', '38/14000/PS.400/2024', 'Rapat Finalisasi Persiapan Pembinaan Statistik Sektoral dan Persiapan  Coaching ', 'Nama Terlampir', '2024-02-25', NULL, NULL, 11, NULL, 1708679590, NULL),
(62, '39', '14000', 'TS.270', '2024', '39/14000/TS.270/2024', 'Undangan Rapat Persiapan Pembangunan Zona Integritas 2024 Pilar Penataan Manajemen SDM Aparatur', 'Pegawai BPS Provinsi Riau (Daftar Terlampir)', '2024-02-26', NULL, NULL, 3, NULL, 1708908626, NULL),
(63, '40', '14000', 'VS.190', '2024', '40/14000/VS.190/2024', 'Undangan FGD Persiapan Pendataan Podes 2024', 'Daftar Terlampir', '2024-02-27', NULL, NULL, 11, NULL, 1709000619, NULL),
(64, '41', '14000', 'TS.270', '2024', '41/14000/TS.270/2024', 'Rapat Awal Zona Integirtas Pilar Manajemen Perubahan Tahun 2024', 'Anggota Pilar', '2024-02-27', NULL, NULL, 3, NULL, 1709102151, NULL),
(65, '42', '14000', 'TS.000', '2024', '42/14000/TS.000/2024', 'Penyusunan Rencana Kerja Tim ZI', 'Seluruh Pegawai BPS Provinsi Riau', '2024-02-28', NULL, NULL, 3, NULL, 1709110592, NULL),
(66, '43', '14000', 'TS.270', '2024', '43/14000/TS.270/2024', 'Rapat Awal Zona Integritas Pilar Tata Laksana Tahun 2024', 'Anggota Pilar', '2024-02-28', NULL, NULL, 13, NULL, 1709113777, NULL),
(67, '44', '14560', 'VS.630', '2024', '44/14560/VS.630/2024', 'Rilis BRS 1 Maret 2024', 'Daftar Terlampir', '2024-02-29', NULL, NULL, 2, NULL, 1709165531, NULL),
(68, '45', '14000', 'VS.220', '2024', '45/14000/VS.220/2024', 'Pelatihan Petugas SKDNP 2024 Provinsi Riau', 'Peserta Pelatihan dari BPS Provinsi Riau', '2024-02-29', NULL, NULL, 14, NULL, 1709187105, NULL),
(69, '46', '14000', 'TS.270', '2024', '46/14000/TS.270/2024', 'Undangan Rapat Penyusunan Rencana Kerja dan Pengisian LKE ZI 2024 Pilar Penataan Sistem Manajemen SDM Aparatur BPS Provinsi Riau', 'Daftar Terlampir', '2024-02-29', NULL, NULL, 3, NULL, 1709187786, NULL),
(70, '47', '14000', 'TS.200', '2024', '47/14000/TS.200/2024', 'Teamwork Pilar Pengawasan', 'Tim Pilar Pengawasan', '2024-02-29', NULL, 'Rapat Tim Pilar Pengawasan', 3, NULL, 1709194181, NULL),
(71, '48', '14550', 'VS.220', '2024', '48/14550/VS.220/2024', 'Rapat Persiapan Admin Pembelajaran Jarak Jauh (PJJ) Pelatihan Petugas SKDNP 2024 Provinsi Riau', 'Admin PJJ Pelatihan Petugas SKDNP 2024 Provinsi Riau', '2024-03-01', '1709258955.pdf', NULL, 14, 14, 1709256781, 1709258955),
(72, '49', '14000', 'PR.630', '2024', '49/14000/PR.630/2024', 'Pembinaan Tim SAKIP Unit Kerja BPS Provinsi', 'Tim SAKIP BPS Provinsi Riau', '2024-03-01', '1709281684.pdf', 'Pembinaan Tim SAKIP Unit Kerja BPS Provinsi', 3, 3, 1709263501, 1709281694),
(73, '50', '14000', 'VS.630', '2024', '50/14000/VS.630/2024', 'Memorandum Rapat persiapan coaching EPSS', 'Daftar Terlampir', '2024-03-01', NULL, NULL, 2, 2, 1709269735, 1709270803),
(74, '51', '14000', 'VS.630', '2024', '51/14000/VS.630/2024', 'Rapat Pelaksanaan Kegiatan Coaching EPSS 2024', 'Daftar Terlampir', '2024-03-01', NULL, NULL, 12, 2, 1709270663, 1709270832),
(75, '52', '14000', 'KP.390', '2024', '52/14000/KP.390/2024', 'Pemilihan The Best Employee 2023 BPS Provinsi Riau', 'Ketua Tim', '2024-01-03', '1709284074.pdf', NULL, 14, NULL, 1709284074, NULL),
(76, '53', '14000', 'VS.630', '2024', '53/14000/VS.630/2024', 'Rapat Tim PilarPenguatan Akuntabilitas', 'Anggota Tim Penguatan Akuntabilitas', '2024-03-05', NULL, 'Undangan', 14, NULL, 1709616031, NULL),
(77, '54', '14000', 'TS.270', '2024', '54/14000/TS.270/2024', 'Rapat evaluasi tim fungsi produksi', 'Anggota Tim Fungsi Produksi', '2024-03-05', NULL, NULL, 13, 13, 1709629682, 1709629704),
(78, '55', '14000', 'TS.270', '2024', '55/14000/TS.270/2024', 'Rapat Persiapan Presentasi Program Kerja Pembangunan Zona Integritas 2024  Pilar Manajemen  Perubahan', 'Anggota Pilar', '2024-03-06', NULL, NULL, 3, 3, 1709694919, 1709694933),
(79, '56', '14000', 'TS.270', '2024', '56/14000/TS.270/2024', 'Internalisasi Rencana Kerja Tim Kerja Pembangunan ZI BPS Provinsi Riau', 'Seluruh Pegawai BPS Provinsi Riau', '2024-03-06', NULL, NULL, 3, 3, 1709699039, 1709699149),
(80, '57', '14000', 'HM.300', '2024', '57/14000/HM.300/2024', 'Undangan Ramah Tamah Menyambut Bulan Suci Ramadhan 1445 Hijriyah', 'Seluruh pegawai BPS Provinsi Riau', '2024-03-06', NULL, NULL, 11, NULL, 1709699603, NULL),
(81, '58', '14000', 'HM.310', '2024', '58/14000/HM.310/2024', 'memorandum coaching EPSS Tahap 2', 'Daftar Terlampir', '2024-03-06', NULL, NULL, 2, NULL, 1709717431, NULL),
(82, '59', '14000', 'TS.200', '2024', '59/14000/TS.200/2024', 'Rapat Tim Kerja Pembangunan Zona Integritas Pilar 5 Penguatan Pengawasan', 'Anggota Pilar 5', '2024-03-07', NULL, NULL, 11, NULL, 1709782831, NULL),
(83, '60', '14000', 'KP.390', '2024', '60/14000/KP.390/2024', 'Pemilihan The Best Employee 2023 BPS Provinsi Riau', 'Pegawai BPS Provinsi Riau', '2024-03-08', NULL, NULL, 3, NULL, 1709879145, NULL),
(84, '61', '14000', 'HM.310', '2024', '61/14000/HM.310/2024', 'Peserta sit in Pelatihan Evaluasi Penyelenggaraan Statistik Sektoral 2024', 'Nama Terlampir', '2024-03-08', NULL, NULL, 11, NULL, 1709884365, NULL),
(85, '62', '14000', 'TS.270', '2024', '62/14000/TS.270/2024', 'Persiapan kelengkapan bukti dukung di Pilar Tata Laksana', 'TIm Pilar Tata Laksana', '2024-03-13', NULL, NULL, 13, NULL, 1710290925, NULL),
(86, '63', '14000', 'VS.220', '2024', '63/14000/VS.220/2024', 'Rapat Pembahasan Penyusunan Master Pekerjaan', 'Tim SDM dan Tim IPDS', '2024-03-13', NULL, NULL, 2, NULL, 1710300079, NULL),
(87, '64', '14000', 'HM.310', '2024', '64/14000/HM.310/2024', 'memorandum coaching EPSS Tahap 3', 'Daftar Terlampir', '2024-03-13', NULL, NULL, 2, NULL, 1710314972, NULL),
(88, '65', '14000', 'KP.390', '2024', '65/14000/KP.390/2024', 'Rapat Penetapan Best Employee', 'Daftar Terlampir', '2024-03-13', NULL, NULL, 3, NULL, 1710316490, NULL),
(90, '66', '14000', 'VS.630', '2024', '66/14000/VS.630/2024', 'Memo Rilis BRS 15 Maret 2024', 'Daftar Terlampir', '2024-03-14', NULL, NULL, 2, NULL, 1710380157, NULL),
(92, '68', '14000', 'TS.270', '2024', '68/14000/TS.270/2024', 'Rapat evaluasi tim fungsi produksi', 'Anggota tim fungsi produksi', '2024-03-14', NULL, NULL, 13, 13, 1710381296, 1710381375),
(93, '69', '14000', 'KP.390', '2024', '69/14000/KP.390/2024', 'Pemilihan The Best Employee 2023 BPS Provinsi Riau', 'Seluruh Pegawai BPS Provinsi Riau', '2024-03-14', NULL, NULL, 14, NULL, 1710405624, NULL),
(94, '70', '14000', 'KP.600', '2024', '70/14000/KP.600/2024', 'Rapat Penjelasan Pengisian Laporan Pekerjaan Bulanan', 'Pegawai BPS Provinsi Riau', '2024-03-15', NULL, NULL, 3, NULL, 1710477716, NULL),
(95, '71', '14000', 'TS.270', '2024', '71/14000/TS.270/2024', 'Sharing Knowledge Kegiatan RB dan ZI 2024', 'Sekretariat ZI BPS Prov Riau', '2024-03-15', NULL, NULL, 2, NULL, 1710478253, NULL),
(96, '72', '14000', 'TS.270', '2024', '72/14000/TS.270/2024', 'Rapat Pembahasan progres pengisian LKE Zona Integritas 2024 Pilar Manajemen Perubahan', 'Anggota Pilar', '2024-03-18', NULL, NULL, 3, NULL, 1710731778, NULL),
(97, '73', '14000', 'KU.320', '2024', '73/14000/KU.320/2024', 'Surat Penagihan Kelebihan Pembayaran Tunjangan Kinerja PPPK', 'Pegawai PPK', '2024-03-18', NULL, NULL, 3, NULL, 1710738822, NULL),
(98, '74', '14510', 'PR.110', '2024', '74/14510/PR.110/2024', 'Briefing Pengisian Kertas Kerja Capaian Output SAKTI Dan E-Monev Bappenas', 'Tim Pelaporan Capaian Output SAKTI Dan E-Monev Bappenas', '2024-03-19', NULL, 'Briefing Pengisian Kertas Kerja Capaian Output SAKTI Dan E-Monev Bappenas', 3, NULL, 1710836406, NULL),
(99, '75', '14000', 'TS.270', '2024', '75/14000/TS.270/2024', 'Pelaksanaan Akustik Series 3 Tahun 2024', 'Seluruh Pegawai BPS Provinsi Riau', '2024-03-20', NULL, NULL, 3, NULL, 1710909446, NULL),
(100, '76', '14000', 'TS.270', '2024', '76/14000/TS.270/2024', 'Undangan Pelaksanaan Akustik Series 3 Tahun 2024	', 'Kepala BPS Kab/Kota se-Riau', '2024-03-20', NULL, NULL, 3, NULL, 1710909495, NULL),
(101, '77', '14550', 'VS.010', '2024', '77/14550/VS.010/2024', 'Rapat Persiapan Penyusunan SOP Tim Fungsi Nerwilis ', 'Anggota Tim Fungsi Nerwilis', '2024-03-20', NULL, 'Undangan', 14, 14, 1710912139, 1710912223),
(102, '78', '14000', 'TS.270', '2024', '78/14000/TS.270/2024', 'Rapat pembahasan progres pembuatan SOP Survei Pilar Penataan Tatalaksana', 'TIm Pilar Tata Laksana', '2024-03-20', NULL, NULL, 13, NULL, 1710917179, NULL),
(103, '79', '14000', 'TS.200', '2024', '79/14000/TS.200/2024', 'Rapat Tim Kerja Pembangunan Zona Integritas Pilar 5 Penguatan Pengawasan', 'Anggota Pilar 5', '2024-03-21', NULL, NULL, 11, NULL, 1711004678, NULL),
(104, '80', '14000', 'KP.390', '2024', '80/14000/KP.390/2024', 'Rapat Penetapan The Best Employee 2023 BPS Provinsi Riau', 'Daftar Terlampir', '2024-03-21', NULL, NULL, 3, NULL, 1711007369, NULL),
(105, '81', '14000', 'VS.630', '2024', '81/14000/VS.630/2024', 'Evaluasi Pemenuhan Pelengkapan LKE dan Bukti Dukung ZI', 'Anggota Tim Penguatan Akuntabilitas', '2024-03-21', NULL, 'Undangan', 14, NULL, 1711007939, NULL),
(106, '82', '14000', 'TS.270', '2024', '82/14000/TS.270/2024', 'Rapat Pembahasan progres pengisian LKE Zona Integirtas Pilar Manajemen Perubahan Tahun 2024', 'Anggota Pilar', '2024-03-25', NULL, NULL, 3, NULL, 1711342281, NULL),
(107, '83', '14000', 'HM.900', '2024', '83/14000/HM.900/2024', 'Pembuatan Video Ucapan Hari Raya Idul Fitri', 'Seluruh pegawai BPS Provinsi Riau', '2024-03-26', '1711435687.pdf', 'Dalam rangka memperingati dan menyambut Hari Raya Idul Fitri 1445H dan sebagai salah satu upaya untuk menciptakan suasana harmonis di lingkungan BPS Provinsi Riau', 3, NULL, 1711435687, NULL),
(108, '84', '14000', 'TS.270', '2024', '84/14000/TS.270/2024', 'Rapat Persiapan Penilaian Zona Integritas Tahun 2024', 'Ketua Pilar dan perwakilan anggota', '2024-03-26', NULL, NULL, 3, 3, 1711435824, 1711435938),
(109, '85', '14000', 'VS.630', '2024', '85/14000/VS.630/2024', 'Memo Rilis BRS 1 April 2024', 'Daftar Terlampir', '2024-03-27', NULL, NULL, 2, NULL, 1711504706, NULL),
(110, '86', '14000', 'TS.270', '2024', '86/14000/TS.270/2024', 'Rapat Pilar Tatalaksana mengenai konsolidasi terkait batas waktu tanggal 28 Maret 2024', 'TIm Pilar Tata Laksana', '2024-03-27', NULL, NULL, 13, NULL, 1711509361, NULL),
(111, '87', '14000', 'PR.630', '2024', '87/14000/PR.630/2024', 'Monitoring Dan Evaluasi Capaian Kinerja Triwulan I 2024', 'Tim SAKIP BPS Provinsi Riau', '2024-03-28', NULL, NULL, 3, NULL, 1711596337, NULL),
(112, '88', '14000', 'TS.270', '2024', '88/14000/TS.270/2024', 'Penilaian Terhadap Satker Kabupaten/Kota ', 'TIm Pilar Tata Laksana', '2024-04-01', NULL, NULL, 13, NULL, 1711932929, NULL),
(113, '89', '14000', 'PR.400', '2024', '89/14000/PR.400/2024', 'Penyusunan Target Realisasi Anggaran dan Rencana Penarikan Dana Triwulan II 2024', 'Terlampir', '2024-04-01', NULL, NULL, 3, NULL, 1711934142, NULL),
(114, '90', '14000', 'TS.270', '2024', '90/14000/TS.270/2024', 'Rapat Pembahasan progres pengisian LKE Zona Integritas 2024 Pilar Manajemen Perubahan Tahun 2024', 'Anggota Pilar', '2024-04-01', NULL, NULL, 3, NULL, 1711935876, NULL),
(115, '91', '14000', 'TS.270', '2024', '91/14000/TS.270/2024', 'Rapat evaluasi tim fungsi produksi', 'Anggota tim fungsi produksi', '2024-04-01', NULL, NULL, 13, NULL, 1711940329, NULL),
(116, '92', '14000', 'TS.270', '2024', '92/14000/TS.270/2024', 'Memorandum Penggunaan Layanan E Curhat', 'Seluruh Pegawai BPS Provinsi Riau', '2024-04-01', NULL, NULL, 3, NULL, 1711944952, NULL),
(117, '93', '14000', 'HM.340', '2024', '93/14000/HM.340/2024', 'Undangan Paparan Progres Magang', 'pegawai', '2024-04-01', NULL, NULL, 2, NULL, 1711958621, NULL),
(118, '94', '14000', 'VS.630', '2024', '94/14000/VS.630/2024', 'Persiapan penilaian LKE ZI Kabupaten/Kota Se-Provinsi Riau', 'Anggota Tim Penguatan Akuntabilitas', '2024-04-02', NULL, 'Undangan', 14, 14, 1712040693, 1712107138),
(119, '95', '14000', 'VS.630', '2024', '95/14000/VS.630/2024', 'Tindaklanjut penilaian LKE ZI Kabupaten/Kota Se- Provinsi Riau', 'Anggota Tim Penguatan Akuntabilitas', '2024-04-03', NULL, 'Undangan', 14, NULL, 1712107084, NULL),
(120, '96', '14000', 'PR.630', '2024', '96/14000/PR.630/2024', 'Monitoring Dan Evaluasi Capaian Kinerja Triwulan I 2024', 'Seluruh Pegawai BPS Provinsi Riau', '2024-04-03', NULL, NULL, 3, NULL, 1712118209, NULL),
(121, '97', '14000', 'VS.630', '2024', '97/14000/VS.630/2024', 'Penjelasan tindaklanjut penilaian LKE ZI Kabupaten/Kota', 'Anggota Tim Penguatan Akuntabilitas', '2024-04-05', NULL, 'Undangan', 14, NULL, 1712300770, NULL),
(122, '98', '14000', 'VS.630', '2024', '98/14000/VS.630/2024', 'Memo rilis 22 April 2024', 'Daftar Terlampir', '2024-04-16', NULL, NULL, 2, 2, 1713242364, 1713242383),
(123, '99', '14000', 'VS.220', '2024', '99/14000/VS.220/2024', 'Rapat Persiapan sosialisasi ISO', 'Daftar Terlampir', '2024-04-18', NULL, NULL, 2, NULL, 1713415136, NULL),
(124, '100', '14000', 'TS.270', '2024', '100/14000/TS.270/2024', 'Memorandum Pelaksanaan Akustik Series 4 Tahun 2024', 'Seluruh Pegawai BPS Provinsi Riau', '2024-04-22', NULL, NULL, 3, 3, 1713745923, 1713745952),
(125, '101', '14000', 'VS.630', '2024', '101/14000/VS.630/2024', 'Rapat Persiapan Penilaian Mandiri Evaluasi Penyelenggaraan Statistik Sektoral (EPSS) Provinsi Riau Tahun 2024', 'Daftar Terlampir', '2024-04-22', NULL, NULL, 11, 11, 1713751713, 1713753519),
(126, '102', '14000', 'HM.340', '2024', '102/14000/HM.340/2024', 'Rapat Evaluasi dan Penyusunan Rencana Kerja Pojok Statistik tahun 2024', 'anggota sekretariat Pojok Statistik BPS', '2024-04-22', NULL, NULL, 2, NULL, 1713754359, NULL),
(127, '103', '14000', 'TS.270', '2024', '103/14000/TS.270/2024', 'Rapat evaluasi tim fungsi produksi', 'Anggota tim fungsi produksi', '2024-04-23', NULL, NULL, 13, NULL, 1713918886, NULL),
(128, '104', '14550', 'VS.510', '2024', '104/14550/VS.510/2024', 'Rapat Pembahasan PDRB Provinsi Riau Triwulan-I Tahun 2024', 'Kepala Kantor BPS, Prov. Riau, Tim Nerwilis, Tim Statistik Produksi, Tim Statistik Distribusi, Tim Statistik Sosial', '2024-04-25', '1714114915.pdf', 'Undangan', 14, 14, 1714029987, 1714114915),
(129, '105', '14000', 'VS.220', '2024', '105/14000/VS.220/2024', 'Rapat ISO 9001:2015', 'Daftar Terlampir', '2024-04-25', NULL, NULL, 2, NULL, 1714033459, NULL),
(130, '106', '14000', 'vs.220', '2024', '106/14000/vs.220/2024', 'Rapat Penyampaian Progres Pengembangan Aplikasi Sijebat BPS', 'undangan', '2024-04-26', NULL, NULL, 2, NULL, 1714097684, NULL),
(131, '107', '14000', 'VS.630', '2024', '107/14000/VS.630/2024', 'Memorandum rilis 2 Mei 2024', 'Daftar Terlampir', '2024-04-29', NULL, NULL, 2, NULL, 1714372009, NULL),
(132, '108', '14000', 'TS.270', '2024', '108/14000/TS.270/2024', 'Sosialisasi ISO 9001:2015', 'Seluruh Pegawai BPS Prov. Riau', '2024-04-29', NULL, '-', 3, 3, 1714372998, 1714375022),
(133, '109', '14000', 'HM.340', '2024', '109/14000/HM.340/2024', 'Rapat Persiapan Internalisasi Pelaksanaan Pojok Statistik 2024', 'tim sekretariat Pojok Statistik BPS Provinsi Riau', '2024-04-30', NULL, NULL, 2, NULL, 1714449631, NULL),
(134, '110', '14000', 'IF.000', '2024', '110/14000/IF.000/2024', 'Rapat Rencana internalisasi PEKPPP ke BPS Kab/Kota', 'tim PEKPPP dan ISO BPS Provinsi Riau', '2024-04-30', NULL, NULL, 2, NULL, 1714458859, NULL),
(135, '111', '14000', 'VS.220', '2024', '111/14000/VS.220/2024', 'Uji coba aplikasi Sijebat', 'pegawai BPS', '2024-04-30', NULL, NULL, 2, NULL, 1714459795, NULL),
(136, '112', '14000', 'VS.630', '2024', '112/14000/VS.630/2024', 'Memorandum rilis 6 Mei 2024', 'Daftar Terlampir', '2024-05-02', NULL, NULL, 2, NULL, 1714633687, NULL),
(137, '113', '14000', 'HK.110', '2024', '113/14000/HK.110/2024', 'Penyesuaian Pakaian Dinas ASN sesuai Perban BPS No. 11 tahun 2023', 'Pegawai BPS Provinsi Riau', '2024-05-02', NULL, NULL, 3, NULL, 1714635753, NULL),
(138, '114', '14000', 'TS.270', '2024', '114/14000/TS.270/2024', 'Rapat evaluasi tim fungsi produksi', 'Anggota tim fungsi produksi', '2024-05-03', NULL, NULL, 13, NULL, 1714695695, NULL),
(139, '115', '14000', 'TS.100', '2024', '115/14000/TS.100/2024', 'Indikator Pribadi Growth Mindset', 'BPS Se prov Riau', '2024-05-03', NULL, NULL, 12, NULL, 1714727886, NULL),
(140, '116', '14000', 'TS.270', '2024', '116/14000/TS.270/2024', 'Rapat Persiapan Zona Integritas 2024 Pilar Manajemen Perubahan', 'Anggota Pilar', '2024-05-06', NULL, NULL, 3, NULL, 1714957788, NULL),
(141, '117', '14000', 'TS.270', '2024', '117/14000/TS.270/2024', 'Kick Off Internalisasi Pemantauan dan Evaluasi Kinerja  Penyelenggara Pelayanan Publik  (PEKPPP) BPS Kabupaten/Kota', 'Pegawai Terlampir', '2024-05-06', NULL, 'Memo Kick Off Internalisasi Pemantauan dan Evaluasi Kinerja  Penyelenggara Pelayanan Publik  (PEKPPP) BPS Kabupaten/Kota', 2, NULL, 1714958680, NULL),
(142, '118', '14550', 'VS510', '2024', '118/14550/VS510/2024', 'Rapat pembahasan memberi masukan terkait renstra BPS 2025-2029', 'Anggota Tim Fungsi Nerwilis', '2024-05-07', NULL, 'Undangan', 14, 14, 1715045753, 1715046896),
(143, '119', '14000', 'KP.600', '2024', '119/14000/KP.600/2024', 'Rapat Cleaning Master Pekerjaan', 'Tim Master Pekerjaan', '2024-05-07', NULL, NULL, 3, NULL, 1715065304, NULL),
(144, '120', '14000', 'VS.630', '2024', '120/14000/VS.630/2024', 'Memo Rilis BRS 15 Mei 2024', 'Daftar Terlampir', '2024-05-13', NULL, NULL, 2, NULL, 1715562492, NULL),
(145, '121', '14000', 'IF.000', '2024', '121/14000/IF.000/2024', 'Rapat PEKPPP dan ISO 9001:2015', 'Daftar Terlampir', '2024-05-13', NULL, NULL, 2, 2, 1715584290, 1715584362),
(146, '122', '14000', 'TS.270', '2024', '122/14000/TS.270/2024', 'Rapat Awal Zona Integirtas Pilar Manajemen Perubahan Tahun 2024', 'Anggota Pilar', '2024-05-13', NULL, NULL, 3, NULL, 1715647184, NULL),
(147, '123', '14000', 'IF.000', '2024', '123/14000/IF.000/2024', 'Internalisasi PEKPPP BPS Kabupaten Kota Aspek Kebijakan Pelayanan', 'pegawai', '2024-05-14', NULL, NULL, 2, NULL, 1715651801, NULL),
(148, '124', '14000', 'TS.270', '2024', '124/14000/TS.270/2024', 'Pelaksanaan Capacity Building dengan Tema:  Membentuk Growth Mindset Insan Statistik', 'Seluruh Pegawai BPS Provinsi Riau', '2024-05-15', NULL, NULL, 3, NULL, 1715764000, NULL),
(149, '125', '14000', 'ps.300', '2024', '125/14000/ps.300/2024', 'Undangan Rapat Audit Internal Manajemen Mutu Provinsi Riau', 'tim ISO', '2024-05-15', NULL, NULL, 2, NULL, 1715765475, NULL),
(150, '126', '14000', 'TS.270', '2024', '126/14000/TS.270/2024', 'Rapat Awal Zona Integirtas Pilar Manajemen Perubahan Tahun 2024', 'Anggota Pilar', '2024-05-16', NULL, NULL, 3, NULL, 1715829106, NULL),
(151, '127', '14000', 'TS 270', '2024', '127/14000/TS 270/2024', 'Pembahasan persiapan pelathan UPB/UTL SEP 2024 ', 'Anggota tim fungsi produksi dan tim bagian umum', '2024-05-17', NULL, NULL, 13, 13, 1715915817, 1715921026),
(152, '128', '14000', 'TS.270', '2024', '128/14000/TS.270/2024', 'Rapat Evaluasi Hasil Audit Internal ISO 9001:2015', 'Tim ISO BPS Provinsi Riau', '2024-05-17', NULL, NULL, 2, NULL, 1715921155, NULL),
(153, '129', '14000', 'TS.270', '2024', '129/14000/TS.270/2024', 'Rapat evaluasi layanan PST BPS Provinsi Riau', 'tim PEKPPP dan ISO BPS Provinsi Riau', '2024-05-17', NULL, NULL, 2, NULL, 1715935734, NULL),
(154, '130', '14000', 'VS.100', '2024', '130/14000/VS.100/2024', 'Rapat Internalisasi Manajemen Risiko Tim MR BPS Provinsi Riau', 'Anggota Tim MR', '2024-05-20', NULL, NULL, 14, NULL, 1716171080, NULL),
(155, '131', '14000', 'VS.100', '2024', '131/14000/VS.100/2024', 'Rapat Rutin Fungsi Stat. Distribusi', 'Pegawai di Fungsi Distribusi', '2024-05-20', NULL, NULL, 12, NULL, 1716176384, NULL),
(156, '132', '14000', 'TS.160', '2024', '132/14000/TS.160/2024', 'Memo EPSS 21 Mei 2024', 'Daftar Terlampir', '2024-05-21', NULL, NULL, 2, NULL, 1716250848, NULL),
(157, '133', '14000', 'TS.160', '2024', '133/14000/TS.160/2024', 'Memo persiapan godin 2024', 'Daftar Terlampir', '2024-05-21', NULL, NULL, 2, NULL, 1716267186, NULL),
(158, '134', '14000', 'KP.300', '2024', '134/14000/KP.300/2024', 'Rapat Persiapan Sosialisasi Standar Kompetensi Jabatan ASN', 'Tim Kompetensi Dasar Manajerial ASN', '2024-05-21', NULL, NULL, 3, NULL, 1716272838, NULL),
(159, '135', '14000', 'IF.000', '2024', '135/14000/IF.000/2024', 'Internalisasi PEKPPP BPS Kabupaten Kota Aspek Profesional SDM', 'Daftar Terlampir', '2024-05-21', NULL, NULL, 2, NULL, 1716275705, NULL),
(160, '136', '14000', 'TS.270', '2024', '136/14000/TS.270/2024', 'Pencetakan Poster Kebijakan Mutu BPS Provinsi Riau', 'Kepala Bag Umum BPS Prov Riau', '2024-05-22', NULL, NULL, 2, NULL, 1716354960, NULL),
(161, '137', '14000', 'KP.600', '2024', '137/14000/KP.600/2024', 'Penyelesaian Entry Pelaksanaan Pekerjaan dan Evaluasi Kinerja  Januari-April 2024 pada Aplikasi KipApp', 'Pegawai BPS Provinsi Riau', '2024-05-22', NULL, NULL, 3, NULL, 1716359640, NULL),
(162, '138', '14000', 'IF.000', '2024', '138/14000/IF.000/2024', 'Internalisasi PEKPPP BPS Kabupaten Kota Aspek Sarana dan Prasarana', 'Daftar Terlampir', '2024-05-27', NULL, NULL, 2, 2, 1716780355, 1716780391),
(163, '139', '14000', 'VS.220', '2024', '139/14000/VS.220/2024', 'Pemberitahuan Nilai Pelatihan Instruktur Daerah Survei Ekonomi Pertanian 2024', 'Kepala Kabupaten/Kota', '2024-05-27', NULL, NULL, 13, NULL, 1716784492, NULL),
(164, '140', '14000', 'HM.340', '2024', '140/14000/HM.340/2024', 'Penyediaan konsumsi kegiatan literasi statistik di Pojok Statistik tahun 2024', 'ppk ppis', '2024-05-28', NULL, NULL, 2, NULL, 1716880144, NULL),
(165, '141', '14000', 'KP.390', '2024', '141/14000/KP.390/2024', 'Undangan Rapat Persiapan Pemilihan Best Employee Trw-I 2024 BPS Provinsi Riau', 'Tim SDM', '2024-05-28', NULL, NULL, 14, NULL, 1716887924, NULL),
(166, '142', '14000', 'TS.160', '2024', '142/14000/TS.160/2024', 'Rapat Pembahasan SOP dan Buku Panduan Statistik Sektoral', 'Daftar Terlampir', '2024-05-29', NULL, NULL, 11, NULL, 1716945944, NULL),
(167, '143', '14000', 'VS.630', '2024', '143/14000/VS.630/2024', 'Memo Rilis 3 Juni 2024', 'Daftar Terlampir', '2024-05-29', NULL, NULL, 2, NULL, 1716956328, NULL),
(168, '144', '14000', 'KP.390', '2024', '144/14000/KP.390/2024', 'Rapat Penilaian The Best Employee Trw-I 2024 BPS Provinsi Riau', 'Ketua Tim BPS Provinsi Riau', '2024-05-30', NULL, NULL, 3, 3, 1717037389, 1717040528),
(169, '145', '14000', 'TS.270', '2024', '145/14000/TS.270/2024', 'Internalisasi Survei Persepsi RB 2024 dan Pembahasan Laporan Pekerjaan via KIPAPP dan Sijebat', 'Seluruh Pegawai BPS Provinsi Riau', '2024-05-30', NULL, NULL, 2, NULL, 1717038599, NULL),
(170, '146', '14000', 'TS.160', '2024', '146/14000/TS.160/2024', 'Rapat persiapan monitoring dan penilaian epss', 'Daftar Terlampir', '2024-05-30', NULL, NULL, 2, NULL, 1717041686, NULL),
(171, '147', '14000', 'TS.270', '2024', '147/14000/TS.270/2024', 'Penerapan Kantor Ramah Lingkungan Program Step to an Eco Office di lingkungan BPS Provinsi Riau', 'Seluruh Pegawai BPS Provinis Riau', '2024-05-31', NULL, NULL, 3, NULL, 1717061382, NULL),
(172, '148', '14000', 'TS.270', '2024', '148/14000/TS.270/2024', 'Pelaksanaan Akustik Series 6 Tahun 2024', 'Seluruh Pegawai BPS Provinsi Riau', '2024-06-03', NULL, NULL, 3, NULL, 1717217602, NULL),
(173, '149', '14000', 'VS.100', '2024', '149/14000/VS.100/2024', 'Rapat Persiapan Internalisasi Manajemen Risiko Tim MR BPS Provinsi Riau', 'Tim MR BPS Riau', '2024-06-03', NULL, NULL, 14, NULL, 1717378808, NULL),
(174, '150', '14000', 'KU.280', '2024', '150/14000/KU.280/2024', 'Form belanja', 'PPK Dukman', '2024-06-03', NULL, 'FB Lembur', 3, 3, 1717461543, 1717461586),
(175, '151', '14000', 'IF.000', '2024', '151/14000/IF.000/2024', 'Internalisasi PEKPPP BPS Kab/Kota (Aspek Sistem Informasi Pelayanan Publik, Inovasi dan informasi tambahan)', 'daftar terlampir', '2024-06-04', NULL, NULL, 2, NULL, 1717466427, NULL),
(176, '152', '14000', 'TS.160', '2024', '152/14000/TS.160/2024', 'Evaluasi hasil workshop penilaian EPSS kabupaten/kota se-Provinsi Riau', 'Daftar Terlampir', '2024-06-06', NULL, NULL, 11, NULL, 1717637662, NULL),
(177, '153', '14000', 'VS.300', '2024', '153/14000/VS.300/2024', 'Workshop Pemeriksaan Infrastruktur Podes 2024', 'Daftar Terlampir', '2024-06-07', NULL, NULL, 11, NULL, 1717735441, NULL),
(178, '154', '14000', 'PW.120', '2024', '154/14000/PW.120/2024', 'Pembahasan Tindak Lanjut Rekomendasi LHE AKIP 2023', 'Ketua Tim Kerja', '2024-06-11', NULL, 'Pembahasan Tindak Lanjut Rekomendasi LHE AKIP 2023', 3, NULL, 1718074803, NULL),
(179, '155', '14000', 'HM.300', '2024', '155/14000/HM.300/2024', 'Penyelenggaraan Pemotongan Hewan Kurban 1445 Hijriyah', 'Seluruh pegawai BPS Provinsi Riau', '2024-06-14', NULL, NULL, 11, NULL, 1718335241, NULL),
(181, '156', '14000', 'KP.600', '2024', '156/14000/KP.600/2024', 'Entri Pelaksanaan Pekerjan', 'seluruh pegawai', '2024-06-14', NULL, NULL, 3, NULL, 1718349439, NULL);

-- --------------------------------------------------------

--
-- Table structure for table `dbo_migrations`
--

CREATE TABLE `dbo_migrations` (
  `id` int NOT NULL,
  `migration` varchar(255) NOT NULL,
  `action` varchar(20) NOT NULL,
  `create_at` timestamp NULL DEFAULT CURRENT_TIMESTAMP
) ENGINE=InnoDB DEFAULT CHARSET=utf8mb3;

--
-- Dumping data for table `dbo_migrations`
--

INSERT INTO `dbo_migrations` (`id`, `migration`, `action`, `create_at`) VALUES
(1, 'm0001_user.php', 'up', '2024-01-02 09:30:51'),
(2, 'm0001_user.php', 'seed', '2024-01-02 09:30:51'),
(3, 'm0002_fungsi.php', 'up', '2024-01-02 09:35:10'),
(4, 'm0002_fungsi.php', 'seed', '2024-01-02 09:35:11'),
(5, 'm0003_klasifikasi.php', 'up', '2024-01-02 09:39:01'),
(6, 'm0003_klasifikasi.php', 'seed', '2024-01-02 09:39:01'),
(7, 'm0004_akses.php', 'up', '2024-01-08 00:42:11'),
(8, 'm0004_akses.php', 'seed', '2024-01-08 00:42:11'),
(11, 'm0005_memo_keluar.php', 'up', '2024-01-09 08:45:39'),
(12, 'm0006_nota_keluar.php', 'up', '2024-01-11 07:35:11'),
(13, 'm0007_tugas_keluar.php', 'up', '2024-01-16 04:56:55'),
(14, 'm0008_dinas_keluar.php', 'up', '2024-01-16 07:19:07'),
(15, 'm0009_internal_keluar.php', 'up', '2024-01-16 07:35:35'),
(16, 'm0010_eksternal_keluar.php', 'up', '2024-01-16 07:35:35'),
(18, 'm0011_naskah_masuk.php', 'up', '2024-01-25 07:17:24'),
(19, 'm0012_permission.php', 'up', '2024-01-28 11:18:51'),
(20, 'm0012_permission.php', 'seed', '2024-01-28 11:18:51');

-- --------------------------------------------------------

--
-- Table structure for table `dbo_naskah_masuk`
--

CREATE TABLE `dbo_naskah_masuk` (
  `id` int NOT NULL,
  `nomor` varchar(10) NOT NULL,
  `tahun` varchar(4) NOT NULL,
  `nomor_naskah` varchar(50) NOT NULL,
  `perihal` varchar(255) NOT NULL,
  `asal` varchar(255) NOT NULL,
  `tanggal` date NOT NULL,
  `file` varchar(255) DEFAULT NULL,
  `keterangan` varchar(255) DEFAULT NULL,
  `user_create` int NOT NULL,
  `user_update` int DEFAULT NULL,
  `create_at` int NOT NULL,
  `update_at` int DEFAULT NULL
) ENGINE=InnoDB DEFAULT CHARSET=utf8mb3;

--
-- Dumping data for table `dbo_naskah_masuk`
--

INSERT INTO `dbo_naskah_masuk` (`id`, `nomor`, `tahun`, `nomor_naskah`, `perihal`, `asal`, `tanggal`, `file`, `keterangan`, `user_create`, `user_update`, `create_at`, `update_at`) VALUES
(4, '1', '2024', 'B-3/14731/PL.661/2024', 'Pengembalian kalender meja 2024', 'BPS Kota Dumai', '2024-01-25', '1706576104.pdf', 'Gusmela', 3, 3, 1706238185, 1706576104),
(5, '2', '2024', 'B-4/14731/PL.200/2024', 'BAST Persediaan', 'BPS Kota Dumai', '2024-01-25', '1706576029.pdf', 'Oktaviani', 3, 3, 1706238345, 1706576029),
(6, '3', '2024', 'S-19/KO.154/2024', 'Penyampaian data sektoral keuangan Provinsi Riau', 'OJK', '2024-01-24', '1706576166.pdf', 'Sri Mulyani', 3, 3, 1706254008, 1706576166),
(7, '4', '2024', '21/Ud/2024', 'Undangan Rapat koordinasi pengendalian inflasi 2024', 'Sekretariat Daerah Prov Riau', '2024-01-26', '1706575912.pdf', 'Gea', 3, 3, 1706489306, 1706575912),
(8, '5', '2024', 'B-22/14090/PL.714/2024', 'BAST Persediaan', 'BPS Rokan Hilir', '2024-01-15', '1706576396.pdf', 'Oktaviani', 3, 3, 1706489457, 1706576396),
(9, '6', '2024', 'B-0065/14030/PL.714/2024', 'BAST Persediaan', 'BPS Indragiri Hilir', '2024-01-24', '1706576268.pdf', 'Oktaviani', 3, 3, 1706489568, 1706576268),
(10, '7', '2024', 'B-24/14090/KP.540/2024', 'Usulan kenaikan pangkat periode April 2024', 'BPS Rokan Hilir', '2024-01-15', '1706576341.pdf', 'Dwijo', 3, 3, 1706489733, 1706576341),
(11, '8', '2024', '048/UN19.5.1.1.2/PT.01.04/2024', 'Bantuan Data dan Informasi penelitian', 'Universitas Riau', '2024-01-31', '1706772566.pdf', 'Gea', 3, NULL, 1706772566, NULL),
(12, '9', '2024', 'B-5/14730/KP.630/2024', 'Berita acara pengambilan sumpah pegawai dan pakta integritas an. Nur Maharani Putri Unisi', 'BPS Kota Dumai', '2024-02-01', '1706840058.pdf', 'Dwijo', 3, NULL, 1706840058, NULL),
(13, '10', '2024', 'B-48/14090/KP.630.cc/2024', 'Berita acara pengambilan sumpah pegawai dan pakta integritas an. Rafqi Ardiansyah Surya', 'BPS Rokan Hilir', '2024-02-01', '1706840229.pdf', 'Dwijo', 3, NULL, 1706840229, NULL),
(14, '11', '2024', 'B-56/14.101/PL.714/2024', 'BAST Persediaan', 'BPS Kep Meranti', '2024-02-01', '1707094447.pdf', 'Oktaviani', 3, NULL, 1707094447, NULL),
(15, '12', '2024', 'B-0360/2320/KP.500/2024', 'SK Pindah an. Muji Basuki dan Agung Gumilar Triyanto', 'BPS Pusat', '2024-01-30', '1707094583.pdf', 'Dwijo', 3, NULL, 1707094583, NULL),
(16, '13', '2024', 'B-57/14.101/KP.630/2024', 'Berkas pelantikan PNS an. Dimas Al- Khusuufi dkk', 'BPS Kep Meranti', '2024-02-01', '1707094888.pdf', 'Dwijo', 3, NULL, 1707094888, NULL),
(17, '14', '2024', 'B-069/14.061/KP.100/2024', 'Berita acara pengambilan sumpah pegawai dan pakta integritas an. Dian Anggraini Julita', 'BPS Kampar', '2024-02-02', '1707095064.pdf', 'Dwijo', 3, NULL, 1707095064, NULL),
(18, '15', '2024', '000.1.5/UM/136', 'Undangan', 'DPRD Prov Riau', '2024-02-01', '1707095171.pdf', 'Gea', 3, NULL, 1707095171, NULL),
(19, '16', '2024', '-', 'Ralat Undangan', 'Sekretariat Daerah Prov Riau', '2024-02-03', '1707095267.pdf', 'Gea', 3, NULL, 1707095267, NULL),
(20, '17', '2024', 'B-085/14021/PL.611/2024', 'Perjanjian Kinerja Tahun 2024', 'BPS Indragiri Hulu', '2024-02-02', '1707095395.pdf', 'Azwardi Rusman', 3, NULL, 1707095395, NULL),
(21, '18', '2024', 'B-078/14021/PL.611/2024', 'Perjanjian Kinerja Tahun 2024', 'BPS Indragiri Hulu', '2024-01-31', '1707095546.pdf', 'Azwardi Rusman', 3, NULL, 1707095546, NULL),
(22, '19', '2024', 'B-573/05100/VS.190/12/2023', 'Kegiatan Statistik Tanaman pangan, Hortikultura dan Perkebunan TA.2024', 'BPS Pusat', '2023-12-29', '1707100304.pdf', 'Liza', 3, NULL, 1707100304, NULL),
(23, '20', '2024', 'B-481/05300/VS.120/12/2023', 'Dokumen Survei Konstruksi TA. 2024', 'BPS Pusat', '2023-12-22', '1707100456.pdf', 'Liza', 3, NULL, 1707100456, NULL),
(24, '21', '2024', 'B-0087/14030/KP.630/2024', 'Berita acara pengambilan sumpah pegawai dan pakta integritas an. Ari Mahendra dkk', 'BPS Indragiri Hilir', '2024-02-01', '1707118519.pdf', 'Dwijo', 3, NULL, 1707118519, NULL),
(25, '22', '2024', '100/BKBP-BID.III/2024/159', 'Permintaan data ketersediaan pangan dan harga bahan pokok', 'Badan Kesatuan Bangsa dan Politik Prov Riau', '2024-02-06', '1707206008.pdf', 'Gea', 3, NULL, 1707206008, NULL),
(26, '23', '2024', 'S-135/KPP.0203/2024', 'Imbauan pembuatan bukti potong 1721 A2', 'Kantor Pelayanan Pajak Pratama Pekanbaru', '2024-02-02', '1707271861.pdf', 'Marthasari', 3, NULL, 1707271861, NULL),
(27, '24', '2024', 'B-76/14070/KA.100/2024', 'Berita acara pengambilan sumpah pegawai dan pakta integritas an. Annisa Dea Fitri', 'BPS Rokan Hulu', '2024-02-05', '1707293328.pdf', 'Dwijo', 3, NULL, 1707293328, NULL),
(28, '25', '2024', '33/Ud/2024', 'Tabligh Akbar memperingati Isra Mi\'raj Nabi Muhammad SAW', 'Sekretariat Daerah Prov Riau', '2024-02-07', '1707294989.pdf', 'Gea', 3, NULL, 1707294989, NULL),
(29, '26', '2024', '34/Ud/2024', 'Rapat Koordinasi dalam rangka pengendalian inflasi', 'Sekretariat Daerah Prov Riau', '2024-02-09', '1707699012.pdf', 'Gea', 3, NULL, 1707699012, NULL),
(31, '27', '2024', 'B-1684.D/14510/PL.714/12/2023', 'BAST Persediaan', 'BPS Pelalawan', '2024-02-12', '1707699240.pdf', 'Oktaviani', 3, NULL, 1707699240, NULL),
(32, '28', '2024', 'B-091/14021/PL.611/2024', 'Berita acara pengambilan sumpah pegawai dan pakta integritas an. Nensi Fitriani', 'BPS Indragiri Hulu', '2024-02-07', '1707699435.pdf', 'Dwijo', 3, NULL, 1707699435, NULL),
(33, '29', '2024', 'B-056/14081/KP.630/2024', 'Berita acara pengambilan sumpah pegawai dan pakta integritas an. Hanifah dan Trinanda Yulia Putri', 'BPS Bengkalis', '2024-02-02', '1707699642.pdf', 'Dwijo', 3, NULL, 1707699642, NULL),
(35, '30', '2024', '01D24020320', 'Invoice Bulan januari 2024', 'TIKI', '2024-02-12', NULL, 'Oktaviani', 3, NULL, 1707784852, NULL),
(36, '31', '2024', '100.1.7/PEM-OTDA/31', 'Permintaan pengisian data capaian kinerja Makro Provinsi tahun 2022 dan 2023 untuk penyusunan LPPD prov riau th 2023', 'Sekretariat Daerah Prov Riau', '2024-02-12', '1707788322.pdf', 'Gea', 3, NULL, 1707788322, NULL),
(37, '32', '2024', '40/Ud/2024', 'Undangan BRS di kantor Gubernur', 'Sekretariat Daerah Prov Riau', '2024-02-12', '1707959472.pdf', 'Gea', 3, NULL, 1707959472, NULL),
(39, '33', '2024', 'B-', 'berkas SKP 2023 an. Hartono S.Si', 'BPS Pelalawan', '2024-02-15', '1707983821.pdf', 'Joni Manurung', 3, NULL, 1707983821, NULL),
(40, '34', '2024', '26/100/Pbr-FDSEK/Srt/B', 'Statistik ekonomi keuangan daerah Prov Riau', 'Perwakilan Bank Indonesia', '2024-01-31', '1707983990.pdf', 'Gea', 3, NULL, 1707983990, NULL),
(41, '35', '2024', '26/115/Pbr-FDSEK/Srt/B', 'Permohonan Narasumber', 'Perwakilan Bank Indonesia', '2024-02-06', '1707984091.pdf', 'Gea', 3, NULL, 1707984091, NULL),
(42, '36', '2024', 'B-084/14061/KP.330/2024', 'Berkas SKP 2023', 'BPS Kampar', '2024-02-14', '1707984214.pdf', 'Sugiarti', 3, NULL, 1707984214, NULL),
(43, '37', '2024', 'B-0118/14030/PL.714/2024', 'berkas SKP 2023 an. Sudiro, S.Si, M. Si', 'BPS Indragiri Hilir', '2024-02-15', '1708068913.pdf', 'Joni Manurung', 3, NULL, 1708068913, NULL),
(44, '38', '2024', 'B-064/14040/VS.220/2024', 'Berkas SPJ SNLIK', 'BPS Pelalawan', '2024-02-16', '1708305381.pdf', 'Juliaty Tambunan', 3, NULL, 1708305381, NULL),
(45, '39', '2024', 'B-84/14070/KA.100/2024', 'Berkas SPJ SNLIK', 'BPS Rokan Hulu', '2024-02-16', '1708305523.pdf', 'Juliaty Tambunan', 3, NULL, 1708305523, NULL),
(46, '40', '2024', '43/Ud/2024', 'Undangan Rapat koordinasi pengendalian inflasi 2024', 'Sekretariat Daerah Prov Riau', '2024-02-16', '1708305619.pdf', 'Gea', 3, NULL, 1708305619, NULL),
(48, '41', '2024', '-0', 'Berkas SPJ SNLIK', 'BPS Kep Meranti', '2024-01-08', '1708563953.pdf', 'Juliaty Tambunan', 3, NULL, 1708563953, NULL),
(49, '42', '2024', 'B-85/14070/KA.100/2024', 'Berkas SPJ SNLIK', 'BPS Rokan Hulu', '2024-02-21', '1708564087.pdf', 'Juliaty Tambunan', 3, NULL, 1708564087, NULL),
(50, '43', '2024', '0600.4.23/DLHK-PPKLHK/0066', 'Permintaan personil untuk Tim penyusunan DIKPLHD Provinsi Riau Tahun 2024', 'Dinas Lingkungan Hidup Dan Kehutanan Provinsi Riau', '2024-01-16', '1708589687.pdf', 'Gea', 3, NULL, 1708589687, NULL),
(51, '44', '2024', 'UND-51/KNL.0303/2024', 'Undangan FGD BMN Tahun Anggaran 2024', 'KPKNL Pekanbaru', '2024-02-19', '1708677335.pdf', 'Gea', 3, NULL, 1708677335, NULL),
(52, '45', '2024', '52/Ud/2024', 'Rapat Koordinasi dalam rangka pengendalian inflasi', 'Sekretariat Daerah Prov Riau', '2024-02-23', '1708677434.pdf', 'Gea', 3, NULL, 1708677434, NULL),
(53, '46', '2024', 'B-0199/02610/KP.310/2024', 'Surat izin belajar an. Indah Pratiwi', 'Pusdiklat BPS RI', '2024-02-22', '1708910045.pdf', 'Nauritsa Aryanti', 3, NULL, 1708910045, NULL),
(54, '47', '2024', 'B-86/14070/KA.100/2024', 'Berkas SPJ SNLIK', 'BPS Rokan Hulu', '2024-02-23', '1708910169.pdf', 'Juliaty Tambunan', 3, NULL, 1708910169, NULL),
(55, '48', '2024', 'B-073/14040/VS.300/2024', 'Berkas SPJ SNLIK', 'BPS Pelalawan', '2024-02-23', '1708910316.pdf', 'Juliaty Tambunan', 3, NULL, 1708910316, NULL),
(56, '49', '2024', 'S-263/KNL.0303/2024', 'Permohonan update data dan informasi terkait BMN......', 'KPKNL Pekanbaru', '2024-02-19', '1708935846.pdf', 'Hasan', 3, NULL, 1708935846, NULL),
(57, '50', '2024', '000.7.1.1/Bappedalitbang-I/749', 'Undangan dan Permohonan sebagai Narasumber', 'Gubernur Riau', '2024-02-23', '1709168416.pdf', 'Gea', 3, NULL, 1709168416, NULL),
(58, '51', '2024', '51/Ud/2024', 'Undangan', 'Gubernur Riau', '2024-02-23', '1709191257.pdf', 'Gea', 3, NULL, 1709191257, NULL),
(59, '52', '2024', 'B-81/14070/KP.500/2024', 'Permintaan mutasi pegawai an. Rani Syafrima Putri', 'BPS Rokan Hulu', '2024-02-27', '1709191382.pdf', 'Dwijo', 3, NULL, 1709191382, NULL),
(60, '53', '2024', 'B-70/14090/KP.630.cc/2024', 'Berita acara pengambilan sumpah jabatan dan pakta integritas an. Fujo Handoko', 'BPS Rokan Hilir', '2024-03-01', '1709514982.pdf', 'Dwijo', 3, NULL, 1709514982, NULL),
(61, '54', '2024', '180/02300/KP..100/2024', 'Perjanjian kinerja an. Yuda Prasetia', 'Yuda Prasetia', '2024-03-04', '1709515455.pdf', 'Dwijo', 3, NULL, 1709515455, NULL),
(62, '55', '2024', '3/08010/PW.100/2024', 'Piagam penghargaan WBK', 'BPS Pusat', '2024-02-28', '1709515631.pdf', 'Gea', 3, NULL, 1709515631, NULL),
(63, '56', '2024', 'B-83/14070/KP.500/2024', 'Usulan Permintaan pindah an. Nidiya Afriani', 'BPS Rokan Hulu', '2024-03-01', '1709624124.pdf', 'Dwijo', 3, NULL, 1709624124, NULL),
(64, '57', '2024', '500.1/DISPTPH/KP/0004', 'Permintaan Narasumber ', 'Dinas Tanaman Pangan dan Hortikultura Provinsi Riau', '2024-03-01', '1709624306.pdf', 'Gea', 3, NULL, 1709624306, NULL),
(65, '58', '2024', 'S-515/WPB.04/2024', 'Penyampaian kajian fiskal Regional (KFR) Provinsi Riau Tahun 2023', 'DJPB Riau', '2024-03-02', '1709771989.pdf', 'Gea', 3, NULL, 1709771989, NULL),
(66, '59', '2024', 'B-99/14012/KA.110/2024', 'Berkas SPJ SNLIK', 'BPS Kuansing', '2024-03-06', '1709772127.pdf', 'Juliaty Tambunan', 3, NULL, 1709772127, NULL),
(67, '60', '2024', 'B/Und-79/III/LIT.5./2024', 'Undangan', 'Polda Riau', '2024-03-06', '1709772257.pdf', 'Gea', 3, NULL, 1709772257, NULL),
(68, '61', '2024', '200.1.5.8/BKBP-Bid.II/III/2024/68', 'Undangan FGD Indeks Demokrasi Indonesia', 'Badan Kesatuan Bangsa dan Politik Prov Riau', '2024-03-05', '1709772437.pdf', 'Gea', 3, NULL, 1709772437, NULL),
(69, '62', '2024', '000.1.5/UM/271', 'Undangan', 'DPRD Prov Riau', '2024-03-04', '1709785514.pdf', 'Gea', 3, NULL, 1709785514, NULL),
(70, '63', '2024', 'B-169/02520/PL.611/2024', 'BAST Kalender dan BAST Dokumen Konstruksi 2024', 'BPS Pusat', '2024-03-01', '1709866111.pdf', 'Oktaviani', 3, NULL, 1709866111, NULL),
(71, '64', '2024', 'B-102/14.101/KP.630/2024', 'Berkas pelantikan PPPK an. Subahagia', 'BPS Kep Meranti', '2024-03-01', '1709866260.pdf', 'Dewi Juniarti (anak magang)', 3, NULL, 1709866260, NULL),
(72, '65', '2024', 'B-082/14040/KU.500/2024', 'Laporan Barang Kuasa Pengguna periode Tahunan Tahun 2023', 'BPS Pelalawan', '2024-03-08', '1709885709.pdf', 'Nurhasan', 3, NULL, 1709885709, NULL),
(73, '66', '2024', 'S-133/KNL.0305/2024', 'Penyampaian keputusan Menteri keuangan tentang penetapan status Penggunaan BMN', 'KPKNL Dumai', '2024-03-04', '1710294163.pdf', 'Nurhasan', 3, NULL, 1710294163, NULL),
(74, '67', '2024', '71/Ud/2024', 'Undangan Rapat koordinasi pengendalian inflasi 2024', 'Sekretariat Daerah Prov Riau', '2024-03-07', '1710294269.pdf', 'Gea', 3, NULL, 1710294269, NULL),
(75, '68', '2024', 'B-139/14021/PL.611/2024', 'Surat penangguhan mutasi pegawai', 'BPS Indragiri Hulu', '2024-03-07', '1710294395.pdf', 'Dwijo', 3, NULL, 1710294395, NULL),
(76, '69', '2024', 'B-095/14.081/KP.340/2024', 'Berita acara pengambilan sumpah P3K dan pakta integritas an. M. Habaiti Kudrah', 'BPS Bengkalis', '2024-03-08', '1710294542.pdf', 'Dwijo', 3, NULL, 1710294542, NULL),
(77, '70', '2024', 'ST-005/14.102/VS.330/01/2024', 'Berkas SPJ SNLIK', 'BPS Kep Meranti', '2024-03-13', '1710294664.pdf', 'Dwi Fitri N', 3, NULL, 1710294664, NULL),
(80, '71', '2024', '00', 'Berkas SPJ SNLIK', 'BPS Kuansing', '2024-03-13', NULL, 'Juliaty Tambunan', 3, NULL, 1710312045, NULL),
(81, '72', '2024', '01D24030389', 'Invoice Bulan Februari 2024', 'TIKI', '2024-03-08', '1710384203.pdf', 'Oktaviani', 3, NULL, 1710384203, NULL),
(82, '73', '2024', '015/EN/PKU/I/2024', 'Survei Perusahaan Perkebunan', 'PT. Egasuti Nasakti', '2024-01-22', '1710476176.pdf', 'Jeniati Putri', 3, NULL, 1710476176, NULL),
(83, '74', '2024', 'B-144/14060/KP.330/2024', 'Berkas SKP an. Ir. Budianto', 'BPS Kampar', '2024-03-15', '1710726338.pdf', 'Dwijo', 3, NULL, 1710726338, NULL),
(84, '75', '2024', 'B-1014/2320/KP.500/2024', 'SK PPPK Tahun Anggaran 2023', 'BPS Pusat', '2024-03-06', '1710726462.pdf', 'Dwijo', 3, NULL, 1710726462, NULL),
(85, '76', '2024', '000.1.5/UM/462', 'Undangan', 'DPRD Prov Riau', '2024-03-14', '1710726549.pdf', 'Gea', 3, NULL, 1710726549, NULL),
(86, '77', '2024', '74/Ud/2024', 'Rapat Koordinasi dalam rangka pengendalian inflasi', 'Sekretariat Daerah Prov Riau', '2024-03-15', '1710726626.pdf', 'Gea', 3, NULL, 1710726626, NULL),
(87, '78', '2024', '26/152/pbr-FDSEK/Srt/B', 'Statistik ekonomi keuangan daerah Prov Riau', 'Perwakilan Bank Indonesia', '2024-02-27', '1710832796.pdf', 'Gea', 3, NULL, 1710832796, NULL),
(88, '79', '2024', '041/14513/KP.630.cc/03/2024', 'Berita acara pengambilan sumpah P3K dan pakta integritas an. Hendra Fahlevi', 'BPS Siak', '2024-03-20', '1710898069.pdf', 'Dwijo', 3, NULL, 1710898069, NULL),
(89, '80', '2024', 'B-45/14050/KP.500/2024', 'Pengajuan pindah an. Iyus Yustiana', 'BPS Siak', '2024-03-06', '1710898197.pdf', 'Dwijo', 3, NULL, 1710898197, NULL),
(90, '81', '2024', 'B-87/14070/KA.100/2024', 'Berkas SPJ SNLIK ( perbaikan)', 'BPS Rokan Hulu', '2024-03-18', '1710898307.pdf', 'Juliaty Tambunan', 3, NULL, 1710898307, NULL),
(92, '82', '2024', '000', 'Berkas SPJ SNLIK (perbaikan)', 'BPS Kep Meranti', '2024-03-20', '1710898531.pdf', 'Juliaty Tambunan', 3, NULL, 1710898531, NULL),
(93, '83', '2024', 'B-1147/02320/KP.500/2024', 'SK kenaikan Jabatan Fungsional Ahli Madya an. Budi Hartono dan Ayu Setiawaty', 'BPS Pusat', '2024-03-18', '1711068030.pdf', 'Dwijo', 3, NULL, 1711068030, NULL),
(94, '84', '2024', 'B-0161/14030/KU.530/2024', 'Laporan Keuangan Desember 2023', 'BPS Indragiri Hilir', '2024-03-18', '1711071461.pdf', 'Syilvia Bhakti', 3, NULL, 1711071461, NULL),
(96, '85', '2024', '000-', 'Berkas SPJ SNLIK (perbaikan)', 'BPS Kep Meranti', '2024-02-12', '1711071630.pdf', 'Juliaty Tambunan', 3, NULL, 1711071630, NULL),
(97, '86', '2024', 'S-97/KO.154/2024', 'Penyampaian daftar jaringan kantor industri jasa keuangan', 'OJK', '2024-03-20', '1711093961.pdf', 'Gea', 3, NULL, 1711093961, NULL),
(98, '87', '2024', '000.1.5/UM/635', 'Undangan', 'DPRD Prov Riau', '2024-03-21', '1711329863.pdf', 'Gea', 3, NULL, 1711329863, NULL),
(99, '88', '2024', '88/Ud/2024', 'Rapat Koordinasi dalam rangka pengendalian inflasi', 'Sekretariat Daerah Prov Riau', '2024-03-22', '1711330095.pdf', 'Gea', 3, NULL, 1711330095, NULL),
(100, '89', '2024', 'B-0167/14030/PL.611/2024', 'SKP Bulanan 2023 an. Kartika Elfrida Br', 'BPS Indragiri Hilir', '2024-03-22', '1711330347.pdf', 'Kartika Elfrida', 3, NULL, 1711330347, NULL),
(101, '90', '2024', '85/Ud/2024', 'Kunjungan kerja Badan Anggaran DPR RI', 'Sekretariat Daerah Prov Riau', '2024-03-21', '1711415394.pdf', 'Gea', 3, NULL, 1711415394, NULL),
(102, '91', '2024', '000/DISPTPH/KP/0034', 'Undangan acara gerakan pangan murah', 'Dinas Tanaman Pangan dan Hortikultura Provinsi Riau', '2024-03-24', '1711415523.pdf', 'Gea', 3, NULL, 1711415523, NULL),
(103, '92', '2024', '011/SSL-BPS/PKU/III/2024', 'Laporan Bulanan Statistik Perkebunan Besar', 'PT. Sewangi Sejati Luhur', '2024-03-20', '1711436080.pdf', 'Jeniati Putri', 3, NULL, 1711436080, NULL),
(104, '93', '2024', '012/SSL-BPS/PKU/III/2024', 'Laporan Bulanan Statistik Perkebunan Besar', 'PT. Sewangi Sejati Luhur', '2024-03-20', '1711436198.pdf', 'Jeniati Putri', 3, NULL, 1711436198, NULL),
(105, '94', '2024', '28/TPPS-Riau/III/2024', 'Forum Koordinasi Percepatan Penurunan Stunting dan Rakerda TK. Provinsi Riau th 2024', 'Tim Percepatan Penurunan Stunting Provinsi Riau', '2024-03-25', '1711436397.pdf', 'Gea', 3, NULL, 1711436397, NULL),
(106, '95', '2024', 'B-51/14050/KP.500/2024', 'Pengajuan pindah an. Gustanto', 'BPS Siak', '2024-03-25', '1711506149.pdf', 'Dwijo', 3, NULL, 1711506149, NULL),
(107, '96', '2024', 'B-52/14050/KP.500/2024', 'Pengajuan pindah an. Rahmad Hidayat', 'BPS Siak', '2024-03-25', '1711506260.pdf', 'Dwijo', 3, NULL, 1711506260, NULL),
(108, '97', '2024', 'B-151/14021/PL.611/2024', 'Laporan Keuangan Desember 2023', 'BPS Indragiri Hulu', '2024-03-26', '1711602004.pdf', 'Syilvia Bhakti', 3, NULL, 1711602004, NULL),
(109, '98', '2024', 'S-12/MK.6/KNL.0305/2024', 'Persetujuan Penjualan BMN selain tanah dan bangunan BPS Meranti', 'KPKNL Dumai', '2024-03-25', '1711934084.pdf', 'Nurul elisa', 3, NULL, 1711934084, NULL),
(110, '99', '2024', 'S-547/KNL.0303/2024', 'Penyampaian kesimpulan FGD pengelolaan BMN TA 2024', 'KPKNL Pekanbaru', '2024-03-22', '1711934213.pdf', 'Nurul elisa', 3, NULL, 1711934213, NULL),
(111, '100', '2024', 'S-29/MK.6/KNL.0303/2024', 'Persetujuan Penjualan BMN selain tanah dan bangunan BPS Pekanbaru', 'Menteri Keuangan', '2024-03-25', '1711934407.pdf', 'Nurul elisa', 3, NULL, 1711934407, NULL),
(112, '101', '2024', 'S-575/KNL.0303/2024', 'Penyampaian surat Menteri Keuangan hal Persetujuan penjualan BMN', 'KPKNL Pekanbaru', '2024-03-26', '1711934552.pdf', 'Nurul elisa', 3, NULL, 1711934552, NULL),
(113, '102', '2024', '434/14553/VS.610/2023', 'Data Final IPG 2023', 'BPS Rokan Hilir', '2024-03-25', '1711934678.pdf', 'Gea', 3, NULL, 1711934678, NULL),
(114, '103', '2024', '400.14/DPMD DUKCAPIL/PIAK/207', 'Permintaan nama tim penyusunan Profil Perkembangan Kependudukan Prov Riau th 2024', 'Dinas Pemberdayaan Masyarakat, Desa, Kependudukan dan Pencatatan Sipil Prov Riau', '2024-03-25', '1711934863.pdf', 'Gea', 3, NULL, 1711934863, NULL),
(115, '104', '2024', '94/Ud/2024', 'Undangan Rapat koordinasi pengendalian inflasi 2024 sekaligus Apel siaga Hari Besar Keagamaan', 'Sekretariat Daerah Prov Riau', '2024-03-28', '1711934986.pdf', 'Gea', 3, NULL, 1711934986, NULL),
(116, '105', '2024', '92/Ud/2024', 'Rapat Koordinasi dalam rangka ketersediaan bahan pokok dan kesiapan arus mudik 2024', 'Sekretariat Daerah Prov Riau', '2024-03-28', '1711935100.pdf', 'Gea', 3, NULL, 1711935100, NULL),
(117, '106', '2024', 'B.107/14081/KU.530/2024', 'Laporan Barang Kuasa Pengguna periode Tahunan Tahun 2023', 'BPS Bengkalis', '2024-03-28', '1711935665.pdf', 'Syilvia Bhakti', 3, NULL, 1711935665, NULL),
(118, '107', '2024', '97/Ud/2024', 'Berbuka puasa bersama', 'Sekretariat Daerah Prov Riau', '2024-03-28', '1711954142.pdf', 'Gea', 3, NULL, 1711954142, NULL),
(119, '108', '2024', '96/Ud/2024', 'Gerakan bayar zakat', 'Sekretariat Daerah Prov Riau', '2024-03-28', '1711954248.pdf', 'Gea', 3, NULL, 1711954248, NULL),
(120, '109', '2024', '122/PDN-Bimtek/III/2024', 'Undagan Bimtek', 'Pusat Diklat Nasional', '2024-03-16', '1711954383.pdf', 'Gea', 3, NULL, 1711954383, NULL),
(121, '110', '2024', 'B-90/14090/KP.630.cc/2024', 'Berita acara pengambilan sumpah jabatan dan pakta integritas an. Benny Dwi Kifana dkk', 'BPS Rokan Hilir', '2024-04-01', '1712021965.pdf', 'Dwijo', 3, NULL, 1712021965, NULL),
(122, '111', '2024', 'B-8/14730/KP.630/2024', 'Berita acara pengambilan sumpah jabatan dan pakta integritas an. Yuda Prasetia', 'BPS Kota Dumai', '2024-04-01', '1712022096.pdf', 'Dwijo', 3, NULL, 1712022096, NULL),
(123, '112', '2024', 'B-538/14060/KP.330/2024', 'Berita acara pengambilan sumpah jabatan dan pakta integritas an. Ria Fitri Astuti dkk', 'BPS Kampar', '2024-04-01', '1712041148.pdf', NULL, 3, NULL, 1712041148, NULL),
(124, '113', '2024', 'B-94/14070/KA.100/2024', 'Berita acara pengambilan sumpah jabatan dan pakta integritas an. Emi susneti dkk', 'BPS Rokan Hulu', '2024-04-02', '1712126582.pdf', 'Dwijo', 3, NULL, 1712126582, NULL),
(125, '114', '2024', 'B-150/14011/KA.110/2024', 'Berita acara pengambilan sumpah jabatan dan pakta integritas an. Adhitya Nugraha dkk', 'BPS Kuansing', '2024-04-01', '1712126722.pdf', 'Dwijo', 3, NULL, 1712126722, NULL),
(126, '115', '2024', 'B-151/14011/KA.110/2024', 'Berkas Pengajuan Penetapan Status Pengguna BMN', 'BPS Kuansing', '2024-04-01', '1712127012.pdf', 'Nurhasan', 3, NULL, 1712127012, NULL),
(127, '116', '2024', 'S-598/KNL.0303/2024', 'Penyampaian surat Menteri Keuangan hal Persetujuan penjualan BMN pada BPS Provinsi Riau', 'KPKNL Pekanbaru', '2024-03-28', '1712127134.pdf', 'Nurul elisa', 3, NULL, 1712127134, NULL),
(128, '117', '2024', 'B-170/14021/PL.611/2024', 'Berita acara pengambilan sumpah jabatan dan pakta integritas an. Rusli Iska', 'BPS Indragiri Hulu', '2024-04-01', '1712193974.pdf', 'Dwijo', 3, NULL, 1712193974, NULL),
(129, '118', '2024', 'B-75/14050/KU.200/2024', 'Laporan Keuangan Desember 2023', 'BPS Siak', '2024-04-01', '1712194099.pdf', 'Syilvia Bhakti', 3, NULL, 1712194099, NULL),
(132, '119', '2024', '00-', 'Invoice Bulan Maret 2024', 'TIKI', '2024-04-02', '1712300978.pdf', 'Oktaviani', 3, NULL, 1712300978, NULL),
(133, '120', '2024', '26/264/Pbr/Srt/B', 'Permohonan Narasumber Focus Group Discussion(FGD)', 'Kantor Perwakilan Bank Indonesia Provinsi Riau', '2024-04-05', '1713418368.pdf', NULL, 3, 3, 1713416878, 1713418368),
(134, '121', '2024', '427/Dispora/IV/2024/470', 'Undangan Rapat Awal Penyelenggaraan Pelayanan Kepemudaan serta Implementasi Rencana Aksi Daerah (RAD) Tingkat Provinsi Riau Tahun 2024', 'Kepala Dinas Kepemudaan dan Olahraga Provinsi Riau', '2024-04-16', '1713418352.pdf', NULL, 3, 3, 1713417099, 1713418352),
(135, '122', '2024', '26/218/Pbr-FDSEK/Srt/B', 'Statistik Ekonomi Keuangan Daerah (SEKDA) Provinsi Riau', 'Kantor Perwakilan Bank Indonesia Provinsi Riau', '2024-03-25', '1713418470.pdf', NULL, 3, 3, 1713417186, 1713418470),
(136, '123', '2024', 'B-179/14021/PL.611/2024', 'Berita acara pengambilan sumpah jabatan dan pakta integritas an. Rusli Iska', 'BPS Indragiri Hulu', '2024-04-18', '1713769637.pdf', 'Muqiit', 3, NULL, 1713769637, NULL),
(137, '124', '2024', '400.2.3.3/DP3AP2KB/1315', 'Undangan', 'Sekretariat Daerah Prov Riau', '2024-04-17', '1713769750.pdf', 'Gea', 3, NULL, 1713769750, NULL),
(138, '125', '2024', '103/Ud/2024', 'Rapat Koordinasi dalam rangka pengendalian inflasi', 'Sekretariat Daerah Prov Riau', '2024-04-19', '1713769841.pdf', 'Gea', 3, NULL, 1713769841, NULL),
(139, '126', '2024', '105/Ud/2024', 'Upacara Peringatan Hari Otonomi Daerah XXVIII Th 2024', 'Sekretariat Daerah Prov Riau', '2024-04-23', '1714005301.pdf', 'Gea', 3, NULL, 1714005301, NULL),
(140, '127', '2024', 'Kpts.327/III/2024', 'Pembentukan Tim Gerakan Nasional bangga buatan Indonesia dan bangga berwisata di Indonesia aja tingkat provinsi riau', 'Gubernur Riau', '2024-04-25', '1714027681.pdf', 'Gea', 3, NULL, 1714027681, NULL),
(141, '128', '2024', 'B-58/14050/KP.630/2024', 'Berita acara pengambilan sumpah jabatan dan pakta integritas an. Corry Eka Yetisya dkk', 'BPS Siak', '2024-04-24', '1714096811.pdf', 'Muqiit', 3, NULL, 1714096811, NULL),
(142, '129', '2024', '106/UD/2024', 'Musrenbang Provinsi Riau Tahun 2025 - 2045', 'Gubernur Riau', '2024-04-23', '1714114942.pdf', 'Gea', 3, NULL, 1714114942, NULL),
(143, '130', '2024', '000.105/UM/881', 'Undangan', 'DPRD Prov Riau', '2024-04-25', '1714359186.pdf', 'Gea', 3, NULL, 1714359186, NULL),
(144, '131', '2024', '524/DPKH-SEKR/IV/2024/2344', 'Permintaan Narasumber ', 'Dinas Peternakan dan Kesehatan Hewan Provinsi riau', '2024-04-29', '1714377001.pdf', 'Gea', 3, NULL, 1714377001, NULL),
(145, '132', '2024', 'B-183/14011/KA.110/2024', 'Berkas pengajuan SK Penghapusan BMN roda dua, Inventaris Kantor dan BAST 2023', 'BPS Kuansing', '2024-04-26', '1714450065.pdf', 'Nurhasan', 3, NULL, 1714450065, NULL),
(146, '133', '2024', '500.1.2/DISPTPH/KP/0010', 'Permintaan Nama Tim FSVA provinsi riau Tahun 2024', 'Dinas Tanaman Pangan dan Hortikultura Provinsi Riau', '2024-04-19', '1714464762.pdf', 'Gea', 3, NULL, 1714464762, NULL),
(147, '134', '2024', 'B/42/IV/2024', 'Syukuran Peringatan HUT ke-65 Korem 031/WB tahun 2024', 'KOREM 031/WIRA BIMA', '2024-04-26', '1714694179.pdf', 'Gea', 3, NULL, 1714694179, NULL),
(148, '135', '2024', '121/Ud/2024', 'Senam Massal dalam rangka gerakan bangga buatan Indonesia tahun 2024', 'Sekretariat Daerah Prov Riau', '2024-05-02', '1714694318.pdf', 'Gea', 3, NULL, 1714694318, NULL),
(149, '136', '2024', '125/Ud/2024', 'Rapat Koordinasi dalam rangka pengendalian inflasi', 'Sekretariat Daerah Prov Riau', '2024-05-03', '1714957998.pdf', 'Gea', 3, NULL, 1714957998, NULL),
(150, '137', '2024', 'B-117/14070/PL.800/2024', 'Permohanan SK penghapusan BMN', 'BPS Rokan Hulu', '2024-05-03', '1714958137.pdf', 'Nurhasan', 3, NULL, 1714958137, NULL),
(151, '138', '2024', 'S-548/WPB.04/2024', 'Penyampaian hasil telaah laporan keuangan tingkat UAPPA-W tahun 2023', 'DJPB Riau', '2024-04-02', '1714981668.pdf', 'Gea', 3, NULL, 1714981668, NULL),
(152, '139', '2024', '26/371/Pbr/Srt/B', 'Permohonan diskusi pendalaman pertumbuhan Ekonomi Riau TW I 2024', 'Perwakilan Bank Indonesia', '2024-05-06', '1715068718.pdf', 'Gea', 3, NULL, 1715068718, NULL),
(153, '140', '2024', '024/KITLV-ID/04/2024', 'Permintaan izin scan', 'Universiteit Leiden', '2024-04-29', '1715153787.pdf', 'Gea', 3, NULL, 1715153787, NULL),
(154, '141', '2024', '26/337/Pbr-FDSEK/Srt/B', 'Statistik ekonomi keuangan daerah Prov Riau', 'Perwakilan Bank Indonesia', '2024-04-29', '1715561745.pdf', 'Gea', 3, NULL, 1715561745, NULL),
(155, '142', '2024', 'INVPKU01D24050205', 'Invoice Bulan Mei 2024', 'TIKI', '2024-05-13', '1715586552.pdf', 'Oktaviani', 3, NULL, 1715586552, NULL),
(156, '143', '2024', '143/14000/VS.190/2024', 'Permohonan Raw Data Statistik Keuangan 2023', 'BPS RI', '2024-05-13', NULL, NULL, 12, 12, 1715592403, 1715592696),
(157, '144', '2024', '1.166/109.1.5-SMK.IT.YZ/PR-2024', 'Permohonan PKL', 'SMK Ibnu Taimiyah', '2024-05-13', '1715671943.pdf', 'Dwijo', 3, NULL, 1715671943, NULL),
(158, '145', '2024', '145/14000/VS.000/2024', 'Permohonan Dukungan Pelaksanaan Pendataan Survei Lembaga Keuangan Pedagang Valuta Asing 2024', 'GUBERNUR BI', '2024-05-14', NULL, NULL, 12, NULL, 1715675081, NULL);

-- --------------------------------------------------------

--
-- Table structure for table `dbo_nota_keluar`
--

CREATE TABLE `dbo_nota_keluar` (
  `id` int NOT NULL,
  `nomor` varchar(10) NOT NULL,
  `fungsi` varchar(5) NOT NULL,
  `klasifikasi` varchar(10) NOT NULL,
  `tahun` varchar(4) NOT NULL,
  `nomor_naskah` varchar(50) NOT NULL,
  `perihal` varchar(255) NOT NULL,
  `tujuan` varchar(255) NOT NULL,
  `tanggal` date NOT NULL,
  `file` varchar(255) DEFAULT NULL,
  `keterangan` varchar(255) DEFAULT NULL,
  `user_create` int NOT NULL,
  `user_update` int DEFAULT NULL,
  `create_at` int NOT NULL,
  `update_at` int DEFAULT NULL
) ENGINE=InnoDB DEFAULT CHARSET=utf8mb3;

--
-- Dumping data for table `dbo_nota_keluar`
--

INSERT INTO `dbo_nota_keluar` (`id`, `nomor`, `fungsi`, `klasifikasi`, `tahun`, `nomor_naskah`, `perihal`, `tujuan`, `tanggal`, `file`, `keterangan`, `user_create`, `user_update`, `create_at`, `update_at`) VALUES
(3, '1', '14000', 'VS.220', '2024', '1/14000/VS.220/2024', 'Peminjaman Ruangan', 'Kabag Umum', '2024-01-02', NULL, NULL, 3, 3, 1708250542, 1708253179),
(4, '2', '14000', 'VS.220', '2024', '2/14000/VS.220/2024', 'Peminjaman Ruangan', 'Kabag Umum, Ketua Tim', '2024-01-02', NULL, NULL, 3, 3, 1708250558, 1708253196),
(5, '3', '14000', 'VS.220', '2024', '3/14000/VS.220/2024', 'Peminjaman Ruangan', 'Kabag Umum', '2024-01-02', NULL, NULL, 3, 3, 1708250581, 1708253228),
(6, '4', '14000', 'KP.710', '2024', '4/14000/KP.710/2024', 'TK PNS Bulan Desember 2024 (80 pegawai)', 'PPK DUKMAN', '2024-01-11', NULL, NULL, 3, 3, 1708250656, 1708256938),
(7, '5', '14000', 'KP.710', '2024', '5/14000/KP.710/2024', 'TK PNS Bulan Desember 2024 (1 pegawai)', 'PPK DUKMAN', '2024-01-11', NULL, NULL, 3, 3, 1708253394, 1708256928),
(8, '6', '14000', 'KP.710', '2024', '6/14000/KP.710/2024', 'TK PNS Bulan Desember 2024 (1 pegawai)', 'PPK DUKMAN', '2024-01-11', NULL, NULL, 3, 3, 1708253427, 1708256916),
(9, '7', '14000', 'KP.710', '2024', '7/14000/KP.710/2024', 'TK PNS Bulan Desember 2024 (1 pegawai)', 'PPK DUKMAN', '2024-01-11', NULL, NULL, 3, 3, 1708253475, 1708256907),
(10, '8', '14000', 'VS.220', '2024', '8/14000/VS.220/2024', 'Gaji Induk PNS Bulan Januari 2024', 'PPK DUKMAN', '2024-01-12', NULL, NULL, 3, NULL, 1708253503, NULL),
(11, '9', '14000', 'VS.220', '2024', '9/14000/VS.220/2024', 'Gaji Induk PPPK Bulan Januari 2024', 'PPK DUKMAN', '2024-01-12', NULL, NULL, 3, NULL, 1708253526, NULL),
(12, '10', '14000', 'VS.220', '2024', '10/14000/VS.220/2024', 'Gaji Induk PNS Bulan Februari 2024', 'PPK DUKMAN', '2024-01-12', NULL, NULL, 3, NULL, 1708253546, NULL),
(13, '11', '14000', 'VS.220', '2024', '11/14000/VS.220/2024', 'Gaji Induk PPPK Bulan Februari 2024', 'PPK DUKMAN', '2024-01-12', NULL, NULL, 3, NULL, 1708253565, NULL),
(14, '12', '14000', 'VS.220', '2024', '12/14000/VS.220/2024', 'Belanja Keperluan Perkantoran (Air Minum)', 'PPK DUKMAN', '2024-01-12', NULL, NULL, 3, NULL, 1708253622, NULL),
(15, '13', '14000', 'VS.220', '2024', '13/14000/VS.220/2024', 'Retribusi Keberdihan', 'PPK DUKMAN', '2024-01-12', NULL, NULL, 3, NULL, 1708253689, NULL),
(16, '14', '14000', 'VS.220', '2024', '14/14000/VS.220/2024', 'Kekurangan Gaji Bulan November 2024', 'PPK DUKMAN', '2024-01-15', NULL, NULL, 3, NULL, 1708253737, NULL),
(17, '15', '14000', 'VS.220', '2024', '15/14000/VS.220/2024', 'Kekurangan Gaji Bulan Desember 2024', 'PPK DUKMAN', '2024-01-15', NULL, NULL, 3, NULL, 1708253763, NULL),
(18, '16', '14000', 'VS.220', '2024', '16/14000/VS.220/2024', 'Kekurangan Gaji Bulan November dan Desember 2024', 'PPK DUKMAN', '2024-01-15', NULL, NULL, 3, NULL, 1708253781, NULL),
(19, '17', '14000', 'VS.220', '2024', '17/14000/VS.220/2024', 'Sosialisasi SBH', 'PPK PPIS', '2024-01-16', NULL, NULL, 3, NULL, 1708253799, NULL),
(20, '18', '14000', 'VS.220', '2024', '18/14000/VS.220/2024', 'Pembelian snack, kopi, gula dan teh untuk keperluan sehari hari perkantoran', 'PPK DUKMAN', '2024-01-17', NULL, NULL, 3, NULL, 1708253824, NULL),
(21, '19', '14000', 'VS.220', '2024', '19/14000/VS.220/2024', 'Pengurusan Surat Kendaraan ', 'PPK DUKMAN', '2024-01-17', NULL, NULL, 3, 3, 1708253825, 1708253867),
(22, '20', '14000', 'VS.220', '2024', '20/14000/VS.220/2024', 'Langganan Daya/Jasa', 'PPK DUKMAN', '2024-01-17', NULL, NULL, 3, NULL, 1708253937, NULL),
(23, '21', '14000', 'VS.220', '2024', '21/14000/VS.220/2024', 'Belanja Keperluan Perkantoran (Air Minum)', 'PPK DUKMAN', '2024-01-18', NULL, NULL, 3, NULL, 1708253958, NULL),
(24, '22', '14000', 'VS.220', '2024', '22/14000/VS.220/2024', 'Tagihan Internet Periode Januari 2024', 'PPK DUKMAN', '2024-01-19', NULL, NULL, 3, 3, 1708253980, 1708254120),
(25, '23', '14000', 'VS.220', '2024', '23/14000/VS.220/2024', 'KAK Jaringan Komputer/listrik dan telpon', 'PPK DUKMAN', '2024-01-22', NULL, NULL, 3, NULL, 1708254143, NULL),
(26, '24', '14000', 'VS.220', '2024', '24/14000/VS.220/2024', 'Workshop kehumasan dan Protokolert', 'PPK DUKMAN', '2024-01-24', NULL, NULL, 3, NULL, 1708254189, NULL),
(27, '25', '14000', 'VS.220', '2024', '25/14000/VS.220/2024', 'Konsumsi Workshop kehumasan', 'PPK DUKMAN', '2024-01-24', NULL, NULL, 3, NULL, 1708254253, NULL),
(28, '26', '14000', 'VS.220', '2024', '26/14000/VS.220/2024', 'Pencetakan dan Pigura Mahacantik', 'PPK DUKMAN', '2024-01-24', NULL, NULL, 3, NULL, 1708254331, NULL),
(29, '27', '14000', 'VS.220', '2024', '27/14000/VS.220/2024', 'KAK Konsumsi Audiensi bersama BAPPDA', 'PPK PPIS', '2024-01-25', NULL, NULL, 3, NULL, 1708254454, NULL),
(30, '28', '14000', 'VS.220', '2024', '28/14000/VS.220/2024', 'KAK  Langganan Paket zoom', 'PPK PPIS', '2024-01-25', NULL, NULL, 3, NULL, 1708254488, NULL),
(31, '29', '14000', 'VS.220', '2024', '29/14000/VS.220/2024', 'Konsumsi Rilis BRS 1 Februari 2024', 'PPK DUKMAN', '2024-01-29', NULL, NULL, 3, NULL, 1708254530, NULL),
(32, '30', '14000', 'VS.220', '2024', '30/14000/VS.220/2024', 'Konsumsi Rilis BRS 1 Februari 2024', 'PPK PPIS', '2024-01-29', NULL, NULL, 3, NULL, 1708254594, NULL),
(33, '31', '14000', 'VS.220', '2024', '31/14000/VS.220/2024', 'Belanja Modal', 'PPK PPIS', '2024-01-29', NULL, NULL, 3, NULL, 1708254621, NULL),
(34, '32', '14000', 'VS.220', '2024', '32/14000/VS.220/2024', 'Belanja Bahan Konsumsi Rapat RPJMD', 'PPK DUKMAN', '2024-01-30', NULL, NULL, 3, NULL, 1708254643, NULL),
(35, '33', '14000', 'VS.220', '2024', '33/14000/VS.220/2024', 'Belanja Bahan Konsumsi Rapat RPJMD', 'PPK DUKMAN', '2024-01-31', NULL, NULL, 3, NULL, 1708254681, NULL),
(36, '34', '14000', 'VS.220', '2024', '34/14000/VS.220/2024', 'Honor KPA, Pengurus BMN dan PP bulan Januari 2024', 'PPK DUKMAN', '2024-01-31', NULL, NULL, 3, NULL, 1708254698, NULL),
(37, '35', '14000', 'VS.220', '2024', '35/14000/VS.220/2024', 'Honor Pengelola SAI bulan Januari 2024', 'PPK DUKMAN', '2024-01-31', NULL, NULL, 3, NULL, 1708254749, NULL),
(38, '36', '14000', 'VS.220', '2024', '36/14000/VS.220/2024', 'Konsumsi Rilis BRS 5 Februari 2024', 'PPK DUKMAN', '2024-01-31', NULL, NULL, 3, NULL, 1708254770, NULL),
(39, '37', '14000', 'VS.220', '2024', '37/14000/VS.220/2024', 'Jasa Manajemen Building', 'PPK DUKMAN', '2024-02-01', NULL, NULL, 3, NULL, 1708254791, NULL),
(40, '38', '14000', 'VS.220', '2024', '38/14000/VS.220/2024', 'Uang Makan Januari PNS', 'PPK DUKMAN', '2024-02-01', NULL, NULL, 3, NULL, 1708254852, NULL),
(41, '39', '14000', 'VS.220', '2024', '39/14000/VS.220/2024', 'Uang Makan Januari PPK', 'PPK DUKMAN', '2024-02-01', NULL, NULL, 3, NULL, 1708254881, NULL),
(42, '40', '14000', 'VS.220', '2024', '40/14000/VS.220/2024', 'Pelantikan', 'PPK DUKMAN', '2024-02-01', NULL, NULL, 3, NULL, 1708254911, NULL),
(43, '41', '14000', 'VS.220', '2024', '41/14000/VS.220/2024', 'Retribusi Kebersihan', 'PPK DUKMAN', '2024-02-01', NULL, NULL, 3, NULL, 1708254926, NULL),
(44, '42', '14000', 'VS.220', '2024', '42/14000/VS.220/2024', 'Pemeliharaan dan BBM kendaraan dinas', 'PPK DUKMAN', '2024-02-01', NULL, NULL, 3, NULL, 1708254943, NULL),
(45, '43', '14000', 'VS.220', '2024', '43/14000/VS.220/2024', 'Perjadin Statistik Perkebunan', 'PPK PPIS', '2024-02-02', NULL, NULL, 3, NULL, 1708254961, NULL),
(46, '44', '14000', 'VS.220', '2024', '44/14000/VS.220/2024', 'Perjadin Statistik KSA', 'PPK PPIS', '2024-02-02', NULL, NULL, 3, NULL, 1708254988, NULL),
(47, '45', '14000', 'VS.220', '2024', '45/14000/VS.220/2024', 'Belanja Keperluan Perkantoran', 'PPK DUKMAN', '2024-02-02', NULL, NULL, 3, NULL, 1708255025, NULL),
(48, '46', '14000', 'VS.220', '2024', '46/14000/VS.220/2024', 'Belanja Pemeliharaan Peralatan dan Mesin', 'PPK DUKMAN', '2024-02-02', NULL, NULL, 3, NULL, 1708255050, NULL),
(49, '47', '14000', 'VS.220', '2024', '47/14000/VS.220/2024', 'Belanja Persediaan ARK', 'PPK DUKMAN', '2024-02-02', NULL, NULL, 3, NULL, 1708255074, NULL),
(50, '48', '14000', 'VS.220', '2024', '48/14000/VS.220/2024', 'Belanja Pemeliharaan Gedung', 'PPK DUKMAN', '2024-02-02', NULL, NULL, 3, NULL, 1708255094, NULL),
(51, '49', '14000', 'VS.220', '2024', '49/14000/VS.220/2024', 'Belanja Sewa Gudang', 'PPK DUKMAN', '2024-02-02', NULL, NULL, 3, NULL, 1708255111, NULL),
(52, '50', '14000', 'VS.220', '2024', '50/14000/VS.220/2024', 'Pemeliharaan Halaman Kantor', 'PPK DUKMAN', '2024-02-02', NULL, NULL, 3, NULL, 1708255128, NULL),
(53, '51', '14000', 'VS.220', '2024', '51/14000/VS.220/2024', 'Perjalanan Dinas Supervisi Statistik Industri', 'PPK PPIS', '2024-02-02', NULL, NULL, 3, NULL, 1708255168, NULL),
(54, '52', '14000', 'VS.220', '2024', '52/14000/VS.220/2024', 'Belanja Air Minum', 'PPK DUKMAN', '2024-02-05', NULL, NULL, 3, NULL, 1708255187, NULL),
(55, '53', '14000', 'KP.710', '2024', '53/14000/KP.710/2024', 'Belanja ATK dan Komputer Suplies', 'PPK DUKMAN', '2024-02-05', NULL, NULL, 3, 3, 1708255204, 1708256896),
(56, '54', '14000', 'VS.220', '2024', '54/14000/VS.220/2024', 'Langganan Daya/Jasa', 'PPK DUKMAN', '2024-02-05', NULL, NULL, 3, NULL, 1708255228, NULL),
(57, '55', '14000', 'VS.220', '2024', '55/14000/VS.220/2024', 'Gaji Susulan Bulan Februari 2024', 'PPK DUKMAN', '2024-02-05', NULL, NULL, 3, NULL, 1708255249, NULL),
(58, '56', '14000', 'KP.710', '2024', '56/14000/KP.710/2024', 'TK PNS bulan Januari 2024 (83 Pegawai)', 'PPK DUKMAN', '2024-02-05', NULL, NULL, 3, 3, 1708255270, 1708256881),
(59, '57', '14000', 'KP.710', '2024', '57/14000/KP.710/2024', 'TK PNS bulan Januari 2024 ( 1 pegawai)', 'PPK DUKMAN', '2024-02-05', NULL, NULL, 3, 3, 1708255288, 1708256866),
(60, '58', '14000', 'KP.710', '2024', '58/14000/KP.710/2024', 'TK PPPK bulan Januari 2024 ', 'PPK DUKMAN', '2024-02-05', NULL, NULL, 3, 3, 1708255350, 1708256849),
(61, '59', '14000', 'VS.220', '2024', '59/14000/VS.220/2024', 'Perjadin', 'PPK PPIS', '2024-02-05', NULL, NULL, 3, NULL, 1708255369, NULL),
(62, '60', '14000', 'VS.220', '2024', '60/14000/VS.220/2024', 'Perjadin', 'PPK PPIS', '2024-02-05', NULL, NULL, 3, NULL, 1708255390, NULL),
(63, '61', '14000', 'VS.220', '2024', '61/14000/VS.220/2024', 'Perjadin', 'PPK PPIS', '2024-02-05', NULL, NULL, 3, NULL, 1708255415, NULL),
(64, '62', '14000', 'VS.220', '2024', '62/14000/VS.220/2024', 'Uang makan susulan PNS bulan Januari 2024', 'PPK DUKMAN', '2024-02-05', NULL, NULL, 3, NULL, 1708255447, NULL),
(65, '63', '14000', 'VS.220', '2024', '63/14000/VS.220/2024', 'Belanja Persediaan Pemeliharaan Gedung dan Bangunan', 'PPK DUKMAN', '2024-02-06', NULL, NULL, 3, NULL, 1708255475, NULL),
(66, '64', '14000', 'VS.220', '2024', '64/14000/VS.220/2024', 'Belanja Bahan Bakar Genset', 'PPK DUKMAN', '2024-02-06', NULL, NULL, 3, NULL, 1708255494, NULL),
(67, '65', '14000', 'VS.220', '2024', '65/14000/VS.220/2024', 'Belanja Kekurangan Gaji Desember 2023 a.n Marthasari', 'PPK DUKMAN', '2024-02-06', NULL, NULL, 3, NULL, 1708255617, NULL),
(68, '66', '14000', 'VS.220', '2024', '66/14000/VS.220/2024', 'Belanja Kekurangan Gaji Januari 2024 a.n Marthasari', 'PPK DUKMAN', '2024-02-06', NULL, NULL, 3, NULL, 1708255635, NULL),
(69, '67', '14000', 'VS.220', '2024', '67/14000/VS.220/2024', 'Belanja Kekurangan Gaji Januari 2024 a.n Sugiarti', 'PPK DUKMAN', '2024-02-06', NULL, NULL, 3, NULL, 1708255653, NULL),
(70, '68', '14000', 'VS.220', '2024', '68/14000/VS.220/2024', 'Belanja Gaji Induk bulan Maret 2024 PNS', 'PPK DUKMAN', '2024-02-06', NULL, NULL, 3, NULL, 1708255689, NULL),
(71, '69', '14000', 'VS.220', '2024', '69/14000/VS.220/2024', 'Belanja Gaji Induk bulan Maret 2024 PPPK', 'PPK DUKMAN', '2024-02-06', NULL, NULL, 3, NULL, 1708255711, NULL),
(72, '70', '14000', 'VS.220', '2024', '70/14000/VS.220/2024', 'Belanja Perjalanan Dinas', 'PPK DUKMAN', '2024-02-06', NULL, NULL, 3, NULL, 1708255745, NULL),
(73, '71', '14000', 'VS.220', '2024', '71/14000/VS.220/2024', 'Perjadin', 'PPK PPIS', '2024-02-07', NULL, NULL, 3, NULL, 1708255787, NULL),
(74, '72', '14000', 'VS.220', '2024', '72/14000/VS.220/2024', 'Perjadin', 'PPK PPIS', '2024-02-07', NULL, NULL, 3, NULL, 1708255804, NULL),
(75, '73', '14000', 'VS.220', '2024', '73/14000/VS.220/2024', 'Perjadin', 'PPK PPIS', '2024-02-07', NULL, NULL, 3, NULL, 1708255820, NULL),
(76, '74', '14000', 'VS.220', '2024', '74/14000/VS.220/2024', 'BBM', 'PPK DUKMAN', '2024-02-07', NULL, NULL, 3, NULL, 1708255836, NULL),
(77, '75', '14000', 'VS.220', '2024', '75/14000/VS.220/2024', 'Perjadin a. Fitri Harianty', 'PPK PPIS', '2024-02-07', NULL, NULL, 3, NULL, 1708255857, NULL),
(78, '76', '14000', 'VS.220', '2024', '76/14000/VS.220/2024', 'Perjadin', 'PPK PPIS', '2024-02-12', NULL, NULL, 3, NULL, 1708255995, NULL),
(79, '77', '14000', 'VS.220', '2024', '77/14000/VS.220/2024', 'Pengurusan Surat Kendaraan Dinas Eselon II', 'PPK DUKMAN', '2024-02-12', NULL, NULL, 3, NULL, 1708256036, NULL),
(80, '78', '14000', 'VS.220', '2024', '78/14000/VS.220/2024', 'Perjadin Pak Asep', 'PPK PPIS', '2024-02-12', NULL, NULL, 3, NULL, 1708256300, NULL),
(81, '79', '14000', 'VS.220', '2024', '79/14000/VS.220/2024', 'Perjadin Mazni', 'PPK PPIS', '2024-02-12', NULL, NULL, 3, NULL, 1708256319, NULL),
(82, '80', '14000', 'VS.220', '2024', '80/14000/VS.220/2024', 'Perjadin', 'PPK PPIS', '2024-02-12', NULL, NULL, 3, NULL, 1708256339, NULL),
(83, '81', '14000', 'VS.220', '2024', '81/14000/VS.220/2024', 'Form belanja lembur Januari 2024', 'PPK DUKMAN', '2024-02-13', NULL, NULL, 3, NULL, 1708256360, NULL),
(84, '82', '14000', 'VS.220', '2024', '82/14000/VS.220/2024', 'Belanja keperluan sehari hari perkantoran', 'PPK DUKMAN', '2024-02-13', NULL, NULL, 3, NULL, 1708256381, NULL),
(85, '83', '14000', 'VS.220', '2024', '83/14000/VS.220/2024', 'Perjadin supervisi Sakernas Februari 2024', 'PPK PPIS', '2024-02-13', NULL, NULL, 3, NULL, 1708256398, NULL),
(86, '84', '14000', 'VS.220', '2024', '84/14000/VS.220/2024', 'Tagihan koran Riau Pos bulan Januari 2024', 'PPK DUKMAN', '2024-02-13', NULL, NULL, 3, NULL, 1708256415, NULL),
(87, '85', '14000', 'VS.220', '2024', '85/14000/VS.220/2024', 'KAK Rilis BRS 15 Februari 2024', 'PPK DUKMAN', '2024-02-13', NULL, NULL, 3, 3, 1708256432, 1708256471),
(88, '86', '14000', 'KU.340', '2024', '86/14000/KU.340/2024', 'Form Belanja Perjadin a.n Mazni', 'PPK PPIS', '2024-02-15', NULL, NULL, 3, 3, 1708256465, 1708308837),
(89, '87', '14000', 'KU.310', '2024', '87/14000/KU.310/2024', 'KAK FGD RDA 19 Februari 2024', 'PPK PPIS', '2024-02-15', NULL, NULL, 3, 3, 1708256529, 1708308638),
(90, '88', '14000', 'KU.350', '2024', '88/14000/KU.350/2024', 'Form Belanja Kekurangan Gaji Januari s.d Februari', 'PPK DUKMAN', '2024-02-16', NULL, NULL, 3, 3, 1708256565, 1708308552),
(91, '89', '14000', 'KU.320', '2024', '89/14000/KU.320/2024', 'Form Belanja ARK Persediaan', 'PPK DUKMAN', '2024-02-16', NULL, NULL, 3, 3, 1708256592, 1708308532),
(92, '90', '14000', 'KU.340', '2024', '90/14000/KU.340/2024', 'Form Belanja Perjadin', 'PPK PPIS', '2024-02-16', NULL, NULL, 3, 3, 1708256615, 1708308486),
(93, '91', '14000', 'KU.340', '2024', '91/14000/KU.340/2024', 'Form Belanja Perjadin', 'PPK PPIS', '2024-02-16', NULL, NULL, 3, 3, 1708256632, 1708308455),
(94, '92', '14000', 'KU.350', '2024', '92/14000/KU.350/2024', 'Form Belanja Kekurangan Gaji PNS Januari s.d Februari 2024 (7 pegawai)', 'Terlampir', '2024-02-19', NULL, 'Sari/umum', 3, NULL, 1708308191, NULL),
(95, '93', '14000', 'KU.350', '2024', '93/14000/KU.350/2024', 'Form Belanja Kekurangan Gaji PNS Januari 2024 (2 pegawai)', 'Terlampir', '2024-02-19', NULL, 'Sari/umum', 3, NULL, 1708308240, NULL),
(96, '94', '14000', 'KU.350', '2024', '94/14000/KU.350/2024', 'Form Belanja Kekurangan Gaji PPPK Januari s.d Februari 2024 (1 pegawai)', 'Terlampir', '2024-02-19', NULL, 'Sari/umum', 3, NULL, 1708308280, NULL),
(97, '95', '14000', 'KU.350', '2024', '95/14000/KU.350/2024', 'Form Belanja Kekurangan Gaji PNS Januari s.d Februari 2024 (6 pegawai)', 'Terlampir', '2024-02-19', NULL, 'Sari/umum', 3, NULL, 1708308335, NULL),
(98, '96', '14000', 'KU.350', '2024', '96/14000/KU.350/2024', 'Form Belanja Kekurangan Gaji PNS Januari s.d Februari 2024 (1 pegawai)', 'Terlampir', '2024-02-19', NULL, 'Sari/umum', 3, NULL, 1708308390, NULL),
(99, '97', '14000', 'KU.320', '2024', '97/14000/KU.320/2024', 'Form Belanja Pemeliharaan Mesin Fotocopy', 'PPK DUKMAN', '2024-02-19', NULL, NULL, 3, NULL, 1708310999, NULL),
(100, '98', '14000', 'KU.310', '2024', '98/14000/KU.310/2024', 'Form Belanja Bahan Perlengkapan/ATK Pelatihan Petugas SKDNP 2024', 'PPK PPIS', '2024-02-19', NULL, NULL, 3, NULL, 1708315219, NULL),
(101, '99', '14000', 'KU.320', '2024', '99/14000/KU.320/2024', 'KAK FGD Podes 2024', 'PPK PPIS', '2024-02-20', NULL, NULL, 3, 3, 1708412480, 1708414372),
(102, '100', '14000', 'KU.320', '2024', '100/14000/KU.320/2024', 'Form Belanja FGD Podes 2024', 'PPK PPIS', '2024-02-20', NULL, 'meta', 3, NULL, 1708414342, NULL),
(103, '101', '14000', 'VS.220', '2024', '101/14000/VS.220/2024', 'Permintaan Nama Panitia Pelatihan Pelatihan Petugas SKDNP 2024', 'Ka Bag Umum', '2024-02-21', NULL, NULL, 3, 3, 1708482326, 1708585158),
(104, '102', '14000', 'VS.220', '2024', '102/14000/VS.220/2024', 'Permintaan Nama Panitia Pelatihan Pelatihan Petugas SKDNP 2024', 'Tim UKK', '2024-02-21', NULL, NULL, 3, 3, 1708482372, 1708585171),
(105, '103', '14000', 'KU.320', '2024', '103/14000/KU.320/2024', 'KAK Sosialisasi PSS 27 Februari 2024', 'PPK PPIS', '2024-02-21', NULL, NULL, 3, NULL, 1708487764, NULL),
(106, '104', '14000', 'KU.320', '2024', '104/14000/KU.320/2024', 'KAK Belanja Jasa Juru Bahasa Isyarat', 'PPK DUKMAN', '2024-02-21', NULL, NULL, 3, NULL, 1708512723, NULL),
(107, '105', '14000', 'KU.320', '2024', '105/14000/KU.320/2024', 'PB Belanja snack dan Minum dalam keperluan Sehari-hari Perkantoran', 'PPK DUKMAN', '2024-02-22', NULL, NULL, 3, 3, 1708571709, 1708587494),
(108, '106', '14000', 'KU.320', '2024', '106/14000/KU.320/2024', 'Form Permintaan Belanja Kepeluan Perkantroran', 'PPK DUKMAN', '2024-02-22', NULL, NULL, 3, NULL, 1708573835, NULL),
(109, '107', '14000', 'VS.220', '2024', '107/14000/VS.220/2024', 'Permintaan Nama Admin Zoo Meeting Pelatihan Petugas SKDNP 2024', 'Ketua Tim IPDS', '2024-02-22', NULL, NULL, 3, NULL, 1708585645, NULL),
(110, '108', '14000', 'KU.320', '2024', '108/14000/KU.320/2024', 'Form Permintaan Belanja Pengadaan ATK berupa Boks Arsip, Map Kertas Folio, dan Folder', 'PPK Dukman', '2024-02-22', NULL, NULL, 3, 3, 1708591350, 1708591732),
(111, '109', '14000', 'KU.340', '2024', '109/14000/KU.340/2024', 'Form Permintaan Belanja Perjadin Pengawasan BPS Prov. ke BPS Kab./Kota', 'PPK Dukman', '2024-02-23', NULL, NULL, 3, 3, 1708681565, 1708682282),
(112, '110', '14000', 'KU.320', '2024', '110/14000/KU.320/2024', 'FPB Jasa Manajemen Building (Outsourcing)', 'PPK DUKMAN', '2024-02-26', NULL, NULL, 3, NULL, 1708914724, NULL),
(113, '111', '14000', 'KU.320', '2024', '111/14000/KU.320/2024', 'FP Belanja ATK (Cetak Amplop)', 'PPK DUKMAN', '2024-02-26', NULL, NULL, 3, NULL, 1708914782, NULL),
(114, '112', '14000', 'VS.220', '2024', '112/14000/VS.220/2024', 'Form Permintaan Belanja Paket Meeting Pelatihan Petugas SKDNP 2024 Provinsi Riau', 'PPK PPIS', '2024-02-26', NULL, NULL, 14, 14, 1708934792, 1708935081),
(115, '113', '14000', 'VS.220', '2024', '113/14000/VS.220/2024', 'Form Permintaan Belanja Bahan Paket Data Pelatihan Petugas SKDNP 2024 Provinsi Riau', 'PPK PPIS', '2024-02-27', NULL, NULL, 14, NULL, 1709001526, NULL),
(116, '114', '14000', 'KU.320', '2024', '114/14000/KU.320/2024', 'FP Belanja Pengiriman Dokumen', 'PPK DUKMAN', '2024-02-27', NULL, NULL, 3, NULL, 1709005112, NULL),
(117, '115', '14560', 'KU.310', '2024', '115/14560/KU.310/2024', 'KAK Rilis 1 Maret 2024', 'PPK Dukman', '2024-02-27', NULL, NULL, 2, 2, 1709026253, 1709026308),
(118, '116', '14550', 'VS.220', '2024', '116/14550/VS.220/2024', 'Rapat Persiapan Pelatihan Petugas SKDNP 2024 Provinsi Riau', 'Peserta Pelatihan dari BPS Provinsi Riau', '2024-02-29', NULL, NULL, 14, NULL, 1709187253, NULL),
(119, '117', '14510', 'KU.320', '2024', '117/14510/KU.320/2024', 'Perjalanan Pimpinan', 'PPK', '2024-02-29', NULL, 'Form Belanja Perjalanan Pimpinan', 3, NULL, 1709193816, NULL),
(120, '118', '14550', 'VS.220', '2024', '118/14550/VS.220/2024', 'Permintaan Nama Panitia Pelatihan Pelatihan Petugas SKDNP 2024', 'Ketua Tim IPDS', '2024-03-01', NULL, NULL, 14, 14, 1709254191, 1709254204),
(121, '119', '14000', 'KU.300', '2024', '119/14000/KU.300/2024', 'Honor Pengelola Anggaran, Pengurus/Penyimpanan BMN dan Honor Pejabat Pengadaan bulan Februari 2024', 'PPK Dukman', '2024-03-01', NULL, NULL, 3, NULL, 1709257137, NULL),
(122, '120', '14000', 'KU.300', '2024', '120/14000/KU.300/2024', 'Honor Pengelola SAI bulan Februari 2024	', 'PPK Dukman', '2024-03-01', NULL, NULL, 3, NULL, 1709257169, NULL),
(123, '121', '14510', 'KU.300', '2024', '121/14510/KU.300/2024', 'Honor Instruktur Senam bulan Februari 2024', 'PPK Dukman', '2024-03-01', NULL, NULL, 3, 3, 1709257477, 1709531907),
(124, '122', '14510', 'KU.300', '2024', '122/14510/KU.300/2024', 'Form Belanja Uang Makan Bulan Februari 2024 PNS', 'PPK Dukman', '2024-03-01', NULL, NULL, 3, 3, 1709260004, 1709260107),
(125, '123', '14510', 'KU.300', '2024', '123/14510/KU.300/2024', 'Form Belanja Uang Makan Bulan Februari 2024 PPPK', 'PPK Dukman', '2024-03-01', NULL, NULL, 3, 3, 1709260027, 1709260102),
(126, '124', '14510', 'KU.300', '2024', '124/14510/KU.300/2024', 'Form Belanja  Gaji Induk April 2024 PNS', 'PPK Dukman', '2024-03-01', NULL, NULL, 3, 3, 1709260057, 1709604365),
(127, '125', '14510', 'KU.300', '2024', '125/14510/KU.300/2024', 'Form Belanja Gaji Induk April 2024 PPPK', 'PPK Dukman', '2024-03-01', NULL, NULL, 3, 3, 1709260074, 1709604358),
(128, '126', '14000', 'KU.350', '2024', '126/14000/KU.350/2024', 'SPTPL Distribusi Bulan Januari', 'PPK Dukman', '2024-03-01', NULL, NULL, 12, 12, 1709277535, 1709277613),
(129, '127', '14510', 'KU.330', '2024', '127/14510/KU.330/2024', 'Form Belanja Honor Rohaniwan Pelantikan', 'PPK', '2024-03-01', NULL, NULL, 3, 3, 1709513475, 1709531889),
(130, '128', '14510', 'KU.310', '2024', '128/14510/KU.310/2024', 'Form Belanja Snack Box Pelantikan', 'PPK', '2024-03-01', NULL, NULL, 3, 3, 1709513510, 1709531867),
(131, '129', '14000', 'KU.310', '2024', '129/14000/KU.310/2024', 'Form Belanja Konsumsi Coaching EPSS Tahap I 2024', 'PPK PPIS', '2024-03-04', NULL, NULL, 2, 2, 1709515823, 1709515885),
(132, '130', '14510', 'KU.320', '2024', '130/14510/KU.320/2024', 'Form Belanja Pengurusan Surat Kendaraan Eselon II', 'PPK DUKMAN', '2024-03-04', NULL, 'Sari/umum', 3, 3, 1709518156, 1709531839),
(133, '131', '14510', 'KU.320', '2024', '131/14510/KU.320/2024', 'Form Belanja Belanja Honor Juru Bahasa Isyarat', 'PPK DUKMAN', '2024-03-04', NULL, 'Sari/umum', 3, 3, 1709518443, 1709531830),
(134, '132', '14000', 'KU.350', '2024', '132/14000/KU.350/2024', 'Surat Pernyataan Tanggungjawab Perintah Lembur', 'PPK DUKMAN', '2024-03-04', NULL, NULL, 13, NULL, 1709541748, NULL),
(135, '133', '14000', 'KU.300', '2024', '133/14000/KU.300/2024', 'Form Belanja Tunjangan Kinerja Bulan Februari 2024 PNS', 'PPK Dukman', '2024-03-05', NULL, NULL, 3, NULL, 1709604431, NULL),
(136, '134', '14000', 'KU.300', '2024', '134/14000/KU.300/2024', 'Form Belanja Tunjangan Kinerja Bulan Februari 2024 PPPK', 'PPK Dukman', '2024-03-05', NULL, NULL, 3, NULL, 1709604571, NULL),
(137, '135', '14000', 'KU.300', '2024', '135/14000/KU.300/2024', 'Form Belanja Perjalanan Dinas', 'PPK', '2024-03-05', NULL, NULL, 13, NULL, 1709605509, NULL),
(138, '136', '14510', 'KU.350', '2024', '136/14510/KU.350/2024', 'SOP Pengajuan Gaji Induk', 'Kepala BPS Prov. Riau', '2024-03-05', NULL, '-', 3, 3, 1709613584, 1709613772),
(139, '137', '14510', 'KU.350', '2024', '137/14510/KU.350/2024', 'SOP Pengajuan Gaji Susulan', 'Kepala BPS Prov. Riau', '2024-03-05', NULL, '-', 3, 3, 1709613643, 1709613765),
(140, '138', '14510', 'KU.350', '2024', '138/14510/KU.350/2024', 'SOP Pengajuan Kekurangan Gaji', 'Kepala BPS Prov. Riau', '2024-03-05', NULL, '-', 3, 3, 1709613681, 1709613759),
(141, '139', '14510', 'KU.350', '2024', '139/14510/KU.350/2024', 'SOP Pengajuan Gaji Ketigabelas', 'Kepala BPS Prov. Riau', '2024-03-05', NULL, '-', 3, 3, 1709613747, 1709613784),
(142, '140', '14510', 'KU.350', '2024', '140/14510/KU.350/2024', 'SOP Pengajuan Tunjangan Hari Raya', 'Kepala BPS Prov. Riau', '2024-03-05', NULL, '-', 3, NULL, 1709613822, NULL),
(143, '141', '14510', 'KU.350', '2024', '141/14510/KU.350/2024', 'SOP Pengajuan Tunjangan Kinerja (TK)', 'Kepala BPS Prov. Riau', '2024-03-05', NULL, '-', 3, 3, 1709613857, 1709613867),
(144, '142', '14510', 'KU.350', '2024', '142/14510/KU.350/2024', 'SOP Pengajuan Tunjangan Kinerja Ketigabelas (TK 13)', 'Kepala BPS Prov. Riau', '2024-03-05', NULL, '-', 3, NULL, 1709613922, NULL),
(145, '143', '14510', 'KU.350', '2024', '143/14510/KU.350/2024', 'SOP Pengajuan Uang Makan', 'Kepala BPS Prov. Riau', '2024-03-05', NULL, '-', 3, NULL, 1709613960, NULL),
(146, '144', '14510', 'KU.350', '2024', '144/14510/KU.350/2024', 'SOP Pengajuan Uang Lembur', 'Kepala BPS Prov. Riau', '2024-03-05', NULL, '-', 3, 3, 1709613996, 1709614001),
(147, '145', '14510', 'KU.300', '2024', '145/14510/KU.300/2024', 'SOP Pengajuan Pembiayaan Langsung', 'Kepala BPS Prov. Riau', '2024-03-05', NULL, '-', 3, NULL, 1709614080, NULL),
(148, '146', '14510', 'KU.300', '2024', '146/14510/KU.300/2024', 'SOP Pembayaran Tunai Pihak Ketiga', 'Kepala BPS Prov. Riau', '2024-03-05', NULL, '-', 3, NULL, 1709614166, NULL),
(149, '147', '14510', 'KU.300', '2024', '147/14510/KU.300/2024', 'SOP Pengajuan Uang Persediaan (UP)', 'Kepala BPS Prov. Riau', '2024-03-05', NULL, '-', 3, 3, 1709614213, 1709624093),
(150, '148', '14510', 'KU.300', '2024', '148/14510/KU.300/2024', 'SOP Pengajuan Penggantian Uang Persediaan (GUP)', 'Kepala BPS Prov. Riau', '2024-03-05', NULL, '-', 3, NULL, 1709614692, NULL),
(151, '149', '14510', 'KU.300', '2024', '149/14510/KU.300/2024', 'SOP Pengajuan Tambahan Uang Persediaan (TUP)', 'Kepala BPS Prov. Riau', '2024-03-05', NULL, '-', 3, NULL, 1709614793, NULL),
(152, '150', '14510', 'KU.300', '2024', '150/14510/KU.300/2024', 'SOP Pengajuan Pertanggungjawaban Tambahan Uang Persediaan (PTUP)', 'Kepala BPS Prov. Riau', '2024-03-05', NULL, '-', 3, NULL, 1709614829, NULL),
(153, '151', '14510', 'KU.300', '2024', '151/14510/KU.300/2024', 'SOP Pengajuan Penggantian Uang Persediaan (GUP) Nihil', 'Kepala BPS Prov. Riau', '2024-03-05', NULL, '-', 3, 3, 1709614874, 1709615024),
(154, '152', '14510', 'KU.300', '2024', '152/14510/KU.300/2024', 'SOP Penarikan Dana di Bank', 'Kepala BPS Prov. Riau', '2024-03-05', NULL, '-', 3, NULL, 1709615017, NULL),
(155, '153', '14510', 'KU.330', '2024', '153/14510/KU.330/2024', 'SOP Pengajuan Pembayaran Tagihan Listrik secara Tunai', 'Kepala BPS Prov. Riau', '2024-03-05', NULL, '-', 3, NULL, 1709615125, NULL),
(156, '154', '14510', 'KU.330', '2024', '154/14510/KU.330/2024', 'SOP Pengajuan Pembayaran Tagihan Telepon secara Tunai', 'Kepala BPS Prov. Riau', '2024-03-05', NULL, '-', 3, NULL, 1709615160, NULL),
(157, '155', '14510', 'KU.340', '2024', '155/14510/KU.340/2024', 'SOP Pengajuan Perjalanan Dinas', 'Kepala BPS Prov. Riau', '2024-03-05', NULL, '-', 3, NULL, 1709615211, NULL),
(158, '156', '14510', 'KU.310', '2024', '156/14510/KU.310/2024', 'SOP Pengajuan Konsumsi Rapat', 'Kepala BPS Prov. Riau', '2024-03-05', NULL, '-', 3, NULL, 1709615313, NULL),
(159, '157', '14510', 'KU.310', '2024', '157/14510/KU.310/2024', 'SOP Pengajuan Konsumsi Rilis dan Mengundang Wartawan', 'Kepala BPS Prov. Riau', '2024-03-05', NULL, '-', 3, NULL, 1709615353, NULL),
(160, '158', '14510', 'KU.320', '2024', '158/14510/KU.320/2024', 'SOP Pengajuan Pelaksanaan Pelatihan Petugas di Dalam Kantor', 'Kepala BPS Prov. Riau', '2024-03-05', NULL, '-', 3, NULL, 1709615827, NULL),
(161, '159', '14510', 'KU.300', '2024', '159/14510/KU.300/2024', 'SOP Pengajuan Konsumsi dan Uang Saku Rapat di Dalam Kantor Diluar Jam Kerja (RDK)', 'Kepala BPS Prov. Riau', '2024-03-05', NULL, '-', 3, NULL, 1709616071, NULL),
(162, '160', '14510', 'KU.320', '2024', '160/14510/KU.320/2024', 'SOP Pengajuan Permintaan Honor Narasumber dan Moderator', 'Kepala BPS Prov. Riau', '2024-03-05', NULL, '-', 3, NULL, 1709616711, NULL),
(163, '161', '14510', 'KU.320', '2024', '161/14510/KU.320/2024', 'SOP Pengajuan Permintaan Honor Pencacahan Lapangan', 'Kepala BPS Prov. Riau', '2024-03-05', NULL, '-', 3, 3, 1709616852, 1709616922),
(164, '162', '14510', 'KU.300', '2024', '162/14510/KU.300/2024', 'SOP Pengajuan Permintaan Pertanggungjawaban BPS Kabupaten/Kota (Anggaran di BPS Provinsi Riau)', 'Kepala BPS Prov. Riau', '2024-03-05', NULL, '-', 3, NULL, 1709616911, NULL),
(165, '163', '14510', 'KU.261', '2024', '163/14510/KU.261/2024', 'SOP Pengelolaan Buku Kas Umum', 'Kepala BPS Prov. Riau', '2024-03-05', NULL, '-', 3, NULL, 1709617407, NULL),
(166, '164', '14510', 'KU.200', '2024', '164/14510/KU.200/2024', 'SOP Pengelolaan Pajak', 'Kepala BPS Prov. Riau', '2024-03-05', NULL, '-', 3, 3, 1709617876, 1709617899),
(167, '165', '14510', 'KU.200', '2024', '165/14510/KU.200/2024', 'SOP Perekaman SPM/SP2D ke Dalam Aplikasi SAIBA', 'Kepala BPS Prov. Riau', '2024-03-05', NULL, '-', 3, 3, 1709622520, 1709622532),
(168, '166', '14510', 'KU.530', '2024', '166/14510/KU.530/2024', 'SOP Rekonsiliasi SAI dengan KPPN ', 'Kepala BPS Prov. Riau', '2024-03-05', NULL, '-', 3, NULL, 1709622606, NULL),
(169, '167', '14510', 'KU.520', '2024', '167/14510/KU.520/2024', 'SOP Penyusunan Laporan Daya Serap', 'Kepala BPS Prov. Riau', '2024-03-05', NULL, '-', 3, NULL, 1709622703, NULL),
(170, '168', '14510', 'KU.520', '2024', '168/14510/KU.520/2024', 'SOP Penyusunan Laporan Keuangan Semesteran', 'Kepala BPS Prov. Riau', '2024-03-05', NULL, '-', 3, 3, 1709623499, 1709623513),
(171, '169', '14510', 'KU.520', '2024', '169/14510/KU.520/2024', 'SOP Penyusunan Laporan Keuangan Tahunan', 'Kepala BPS Prov. Riau', '2024-03-05', NULL, '-', 3, NULL, 1709623567, NULL),
(172, '170', '14510', 'KU.330', '2024', '170/14510/KU.330/2024', 'SOP Pengajuan Permintaan Honor Instruktur Mengajar (Innas atau Inda)', 'Kepala BPS Prov. Riau', '2024-03-05', NULL, '-', 3, NULL, 1709623625, NULL),
(173, '171', '14000', 'KU.310', '2024', '171/14000/KU.310/2024', 'FB Coaching EPSS 2024 Provinsi Riau Tahap 2', 'PPK PPIS', '2024-03-06', NULL, NULL, 2, 2, 1709715516, 1709771848),
(174, '172', '14000', 'KP.600', '2024', '172/14000/KP.600/2024', 'Perubahan status kepesertaan Tapera', 'Kepala Biro SDM BPS', '2024-03-07', NULL, NULL, 3, 3, 1709797019, 1709797051),
(175, '173', '14000', 'VS.540', '2024', '173/14000/VS.540/2024', 'BERITA ACARA SERAH TERIMA SOFTCOPY PUBLIKASI FINAL', 'Terlampir', '2024-03-07', NULL, 'BAST softcopy publikasi final Inflasi Triwulanan (Q to Q) Gabungan 3 Kota di Provinsi Riau Triwulan IV 2023', 12, 12, 1709798611, 1709798661),
(176, '174', '14000', 'KU.300', '2024', '174/14000/KU.300/2024', 'Form Belanja Langganan Daya dan Jasa Maret 2024', 'PPK Dukman', '2024-03-08', NULL, 'Form Belanja Langganan Daya dan Jasa Maret 2024', 3, NULL, 1709861324, NULL),
(177, '175', '14510', 'KU.320', '2024', '175/14510/KU.320/2024', 'Rorm Belanja Service kendaraan operasional esselon III', 'PPK DUKMAN', '2024-03-13', NULL, 'Sari/umum', 3, 3, 1710293855, 1710293865),
(178, '176', '14550', 'VS.220', '2024', '176/14550/VS.220/2024', 'Form Permintaan Belanja Honor Inda Mengajar Pelatihan Petugas SKDNP 2024 Provinsi Riau', 'PPK PPIS', '2024-03-13', '1710296471.pdf', NULL, 14, NULL, 1710296471, NULL),
(179, '177', '14000', 'KU.300', '2024', '177/14000/KU.300/2024', 'Tagihan Koran Riau Pos bulan Februari 2024', 'PPK Dukman', '2024-03-13', NULL, NULL, 3, NULL, 1710301817, NULL),
(180, '178', '14000', 'KU.300', '2024', '178/14000/KU.300/2024', 'Form Belanja Gaji Induk April 2024 PPPK (1 Pegawai)', 'PPK Dukman', '2024-03-13', NULL, NULL, 3, NULL, 1710306142, NULL),
(181, '179', '14000', 'KU.320', '2024', '179/14000/KU.320/2024', 'FP Belanja Persediaan ARK', 'PPK Dukman', '2024-03-13', NULL, NULL, 3, NULL, 1710307855, NULL),
(182, '180', '14000', 'KU.320', '2024', '180/14000/KU.320/2024', 'FP Belanja Keperluan Perkantoran (Beli Tempat Sampah ruang PST)', 'PPK Dukman', '2024-03-13', NULL, NULL, 3, NULL, 1710307912, NULL),
(183, '181', '14000', 'KU.310', '2024', '181/14000/KU.310/2024', 'FB Coaching EPSS 2024 Provinsi Riau Tahap 3', 'PPK PPIS', '2024-03-13', NULL, NULL, 2, NULL, 1710313175, NULL),
(184, '182', '14000', 'KU.320', '2024', '182/14000/KU.320/2024', 'FP Belanja Air Minum Aqua', 'PPK Dukman', '2024-03-14', NULL, NULL, 3, NULL, 1710383363, NULL),
(185, '183', '14000', 'KU.320', '2024', '183/14000/KU.320/2024', 'FP Belanja Pengiriman Dokumen (Tiki)', 'PPK Dukman', '2024-03-14', NULL, NULL, 3, NULL, 1710386816, NULL),
(186, '184', '14000', 'KU.300', '2024', '184/14000/KU.300/2024', 'Form Belanja Tunjangan Kinerja Februari 2024 (1 Pegawai)', 'PPK Dukman', '2024-03-14', NULL, NULL, 3, NULL, 1710389327, NULL),
(187, '185', '14000', 'KU.320', '2024', '185/14000/KU.320/2024', 'FP Belanja Barang Ekstrakomptable', 'PPK Dukman', '2024-03-14', NULL, NULL, 3, NULL, 1710392730, NULL),
(188, '186', '14000', 'PL.200', '2024', '186/14000/PL.200/2024', 'FP Belanja Pencetakan Kuesioner Lapangan  Statistik Keuangan, Teknologi Informasi, dan Pariwisata Tahun 2024', 'PPK Dukman', '2024-03-14', NULL, 'pencetakan Kuesioner  Lapangan  Statistik Keuangan, Teknologi Informasi, dan Pariwisata Tahun 2024', 12, 12, 1710401331, 1710401399),
(189, '187', '14000', 'KU.320', '2024', '187/14000/KU.320/2024', 'Form Belanja Supervisi ke Kampar', 'PPK PPIS', '2024-03-15', NULL, NULL, 12, 12, 1710468327, 1710468449),
(190, '188', '14000', 'KU.320', '2024', '188/14000/KU.320/2024', 'FP supervisi survei pariwisata ke Kampar', 'PPK PPIS', '2024-03-15', NULL, NULL, 12, NULL, 1710468943, NULL),
(191, '189', '14000', 'KU.320', '2024', '189/14000/KU.320/2024', 'Form Belanja Keperluan Sehari-hari Perkantoran', 'PPK Dukman', '2024-03-15', NULL, NULL, 3, NULL, 1710475880, NULL),
(192, '190', '14000', 'KU.320', '2024', '190/14000/KU.320/2024', 'Form Belanja Barang Persediaan Pemeliharaan', 'PPK Dukman', '2024-03-18', NULL, NULL, 3, NULL, 1710728964, NULL),
(193, '191', '14000', 'KU.320', '2024', '191/14000/KU.320/2024', 'Form Belanja barang Ekstrakompatible', 'PPK Dukman', '2024-03-18', NULL, NULL, 3, NULL, 1710730615, NULL),
(194, '192', '14000', 'KU.320', '2024', '192/14000/KU.320/2024', 'Form belanja Belanja Pemeliharaan Gedung', 'PPK Dukman', '2024-03-18', NULL, NULL, 3, NULL, 1710730861, NULL),
(195, '193', '14000', 'KU.320', '2024', '193/14000/KU.320/2024', 'Form Belanja Keperluan Sehari-hari Perkantoran', 'PPK Dukman', '2024-03-18', NULL, NULL, 3, NULL, 1710731582, NULL),
(196, '194', '14000', 'KU.300', '2024', '194/14000/KU.300/2024', 'Tagihan Internet bulan Maret 2024', 'PPK Dukman', '2024-03-18', NULL, NULL, 3, NULL, 1710745576, NULL),
(197, '195', '14000', 'VS.542', '2024', '195/14000/VS.542/2024', 'Pengiriman Alat Uji SHPBG/SHPG 2024', 'Kepala Bagian Umum BPS Provinsi Riau', '2024-03-18', '1710747612.pdf', 'Masih Draf', 12, NULL, 1710747612, NULL),
(198, '196', '14000', 'KU.320', '2024', '196/14000/KU.320/2024', 'FPB translok KPKNL', 'PPK Dukman', '2024-03-19', NULL, NULL, 3, 3, 1710819056, 1710822235),
(199, '197', '14000', 'KU.300', '2024', '197/14000/KU.300/2024', 'Form Permintaan Belanja Bahan Pelatihan Petugas SPAK 2024', 'PPKPPIS', '2024-03-20', NULL, NULL, 11, 11, 1710897628, 1710897973),
(200, '198', '14000', 'KU.300', '2024', '198/14000/KU.300/2024', 'Form Permintaan Belanja Honor Innas Mengajar Pelatihan Petugas SPAK 2024', 'PPK PPIS', '2024-03-20', NULL, NULL, 11, 11, 1710898384, 1710899697),
(201, '199', '14000', 'KU.300', '2024', '199/14000/KU.300/2024', 'Form Permintaan Belanja Paket Meeting Pelatihan Petugas SPAK 2024', 'PPK PPIS', '2024-03-20', NULL, NULL, 11, NULL, 1710903347, NULL),
(202, '200', '14000', 'KU.320', '2024', '200/14000/KU.320/2024', 'FB BBM Bulan Maret', 'PPK Dukman', '2024-03-20', NULL, 'FB BBM dan Pemeliharaan Bulan Maret', 3, NULL, 1710904321, NULL),
(203, '201', '14000', 'KU.320', '2024', '201/14000/KU.320/2024', 'Form Belanja barang Ekstrakompaltibel', 'PPK Dukman', '2024-03-20', NULL, NULL, 3, NULL, 1710909059, NULL),
(204, '202', '14000', 'TS.270', '2024', '202/14000/TS.270/2024', 'Nota Dinas Rapat Evaluasi Penyusunan LKE ZI 2024 - Pilar Penataan Sistem Manajemen SDM Aparatur', 'Anggota Pilar Terkait', '2024-03-21', NULL, NULL, 14, 14, 1710995408, 1710997291),
(205, '203', '14000', 'KA.210', '2024', '203/14000/KA.210/2024', 'SOP Pemindahan Arsip Inaktif', 'Kepala BPS Provinsi Riau', '2024-03-21', NULL, NULL, 3, NULL, 1711007028, NULL),
(206, '204', '14000', 'KA.210', '2024', '204/14000/KA.210/2024', 'SOP Pemusnahan Arsip', 'Kepala BPS Provinsi Riau', '2024-03-21', NULL, NULL, 3, NULL, 1711007299, NULL),
(207, '205', '14000', 'KU.320', '2024', '205/14000/KU.320/2024', 'Form Permintaan Belanja Pemeliharaan BMN Lainnya', 'PPK Dukman', '2024-03-22', NULL, NULL, 3, NULL, 1711089821, NULL),
(208, '206', '14000', 'KU.320', '2024', '206/14000/KU.320/2024', 'Form Permintaan Belanja Keperluan Perkantoran', 'PPK Dukman', '2024-03-22', NULL, NULL, 3, NULL, 1711089866, NULL),
(209, '207', '14000', 'KU.320', '2024', '207/14000/KU.320/2024', 'FP Belanja Keperluan Perkantoran (Keset Kaki Kamar Mandi)', 'PPK Dukman', '2024-03-22', NULL, NULL, 3, NULL, 1711091506, NULL),
(210, '208', '14000', 'KU.300', '2024', '208/14000/KU.300/2024', 'Form Belanja THR Gaji Tahun 2024 (82 Pegawai)', 'PPK Dukman', '2024-03-25', NULL, NULL, 3, NULL, 1711333437, NULL),
(211, '209', '14000', 'KU.300', '2024', '209/14000/KU.300/2024', 'Form Belanja THR Gaji Tahun 2024 (1 Pegawai)', 'PPK Dukman', '2024-03-25', NULL, NULL, 3, NULL, 1711333456, NULL),
(212, '210', '14000', 'KU.300', '2024', '210/14000/KU.300/2024', 'Surat Pernyataan THR dan Gaji Ketigabelas a.n Yosita Rosi Faddila Sari', 'Yosita Rosi Faddila Sari', '2024-03-25', NULL, NULL, 3, 3, 1711335775, 1711335833),
(213, '211', '14000', 'KU.300', '2024', '211/14000/KU.300/2024', 'Surat Pernyataan THR dan Gaji Ketigabelas a.n Arifah Nurul Fauziah', 'Arifa Nurul Fauziah', '2024-03-25', NULL, NULL, 3, NULL, 1711335816, NULL),
(214, '212', '14000', 'KU.300', '2024', '212/14000/KU.300/2024', 'Form Belanja THR Gaji PPPK Tahun 2024 (1 Pegawai)', 'PPK Dukman', '2024-03-25', NULL, NULL, 3, NULL, 1711337923, NULL),
(215, '213', '14000', 'KU.320', '2024', '213/14000/KU.320/2024', 'Form Permintaan Belanja Pemeliharaan Halaman Kantor', 'PPK Dukman', '2024-03-25', NULL, NULL, 3, NULL, 1711340144, NULL),
(216, '214', '14000', 'KU.320', '2024', '214/14000/KU.320/2024', 'FP Belanja Barang Ekstrakomptable', 'PPK Dukman', '2024-03-25', NULL, NULL, 3, NULL, 1711340556, NULL),
(217, '215', '14000', 'KU.300', '2024', '215/14000/KU.300/2024', 'Pembayaran Tagihan Retribusi Kebersihan bulan Maret 2024', 'PPK Dukman', '2024-03-25', NULL, NULL, 3, NULL, 1711349151, NULL),
(218, '216', '14000', 'KU.300', '2024', '216/14000/KU.300/2024', 'Form Belanja THR Tunjangan Kinerja 2024 PNS', 'PPK Dukman', '2024-03-26', NULL, NULL, 3, NULL, 1711422396, NULL),
(219, '217', '14000', 'KU.300', '2024', '217/14000/KU.300/2024', 'Form Belanja THR Tunjangan Kinerja 2024 PPPK', 'PPK Dukman', '2024-03-26', NULL, NULL, 3, NULL, 1711422423, NULL),
(220, '218', '14000', 'KU.300', '2024', '218/14000/KU.300/2024', 'Form Belanja Gaji Induk Bulan Mei PNS', 'PPK Dukman', '2024-03-27', NULL, NULL, 3, 3, 1711508751, 1711508757),
(221, '219', '14000', 'KU.300', '2024', '219/14000/KU.300/2024', 'Form Belanja Gaji Induk Mei 2024 PPPK', 'PPK Dukman', '2024-03-27', NULL, NULL, 3, NULL, 1711508785, NULL),
(222, '220', '14510', 'KU.320', '2024', '220/14510/KU.320/2024', 'Form Permintaan Belanja Jasa Manajemen Building Bulan Maret 2024', 'PPK DUKMAN', '2024-03-27', NULL, 'Sari/umum', 3, 3, 1711514740, 1711514779),
(223, '221', '14000', 'KU.310', '2024', '221/14000/KU.310/2024', 'Form Belanja Rilis Bersama BRS 1 April 2024', 'PPK Dukman', '2024-03-27', NULL, NULL, 2, 2, 1711521986, 1711522023),
(224, '222', '14510', 'KU.320', '2024', '222/14510/KU.320/2024', 'Form Belanja Pemeliharaan Kendaraan Dinas Operasional  roda 4 ', 'PPK DUKMAN', '2024-03-27', NULL, NULL, 3, NULL, 1711522288, NULL),
(225, '223', '14000', 'KU.300', '2024', '223/14000/KU.300/2024', 'Honor Pengelola Anggaran, Pengurus/Penyimpanan BMN dan Honor Pejabat Pengadaan bulan Maret 2024', 'PPK Dukman', '2024-03-28', NULL, NULL, 3, NULL, 1711586368, NULL),
(226, '224', '14000', 'KU.300', '2024', '224/14000/KU.300/2024', 'Honor Pengelola SAI bulan Maret 2024	', 'PPK Dukman', '2024-03-28', NULL, NULL, 3, NULL, 1711586403, NULL),
(227, '225', '14000', 'KU.330', '2024', '225/14000/KU.330/2024', 'Honor Rohaniwan Pelantikan dan Pengambilan Sumpah/Janji Jabatan Fungsional', 'Kepala KPPN Pekanbaru', '2024-04-01', NULL, NULL, 3, NULL, 1711940371, NULL),
(228, '226', '14000', 'KU.310', '2024', '226/14000/KU.310/2024', 'Snack Box Pelantikan dan Pengambilan Sumpah/Janji Jabatan Fungsional	', 'Kepala KPPN Pekanbaru', '2024-04-01', NULL, NULL, 3, NULL, 1711940787, NULL),
(229, '227', '14000', 'KU.300', '2024', '227/14000/KU.300/2024', 'Form Belanja Gaji Susulan PNS Bulan April 2024', 'PPK Dukman', '2024-04-01', NULL, NULL, 3, NULL, 1711941841, NULL),
(230, '228', '14000', 'KU.300', '2024', '228/14000/KU.300/2024', 'Form Belanja Gaji Susulan PPPK Bulan Maret 2024', 'PPK Dukman', '2024-04-01', NULL, NULL, 3, NULL, 1711942062, NULL),
(231, '229', '14000', 'KU.300', '2024', '229/14000/KU.300/2024', 'Form Belanja Pengadaan Materai Dalam rangka Keperluan Sehari-Hari Perkantoran', 'PPK Dukman', '2024-04-01', NULL, '-', 3, NULL, 1711945059, NULL),
(232, '230', '14540', 'KU.350', '2024', '230/14540/KU.350/2024', 'surat pernyataan tanggung jawab perintah lembur (SPTPL)', 'PPK Dukman', '2024-04-01', NULL, NULL, 12, NULL, 1711947828, NULL),
(233, '231', '14000', 'KU.300', '2024', '231/14000/KU.300/2024', 'Form Belanja THR 2024 PPPK', 'PPK Dukman', '2024-04-01', NULL, NULL, 3, 3, 1711956678, 1711956688),
(234, '232', '14000', 'KU.300', '2024', '232/14000/KU.300/2024', 'Form Belanja Uang Makan Bulan Maret 2024 PNS', 'PPK Dukman', '2024-04-02', NULL, NULL, 3, NULL, 1712022043, NULL),
(235, '233', '14000', 'KU.300', '2024', '233/14000/KU.300/2024', 'Form Belanja Uang Makan Bulan Maret 2024 PPPK', 'PPK Dukman', '2024-04-02', NULL, NULL, 3, NULL, 1712022060, NULL),
(236, '234', '14000', 'KU.500', '2024', '234/14000/KU.500/2024', 'Permohonan Konfirmasi Setoran Penerimaan Negara', 'KPPN', '2024-04-02', NULL, NULL, 3, NULL, 1712026281, NULL),
(237, '235', '14000', 'KU.300', '2024', '235/14000/KU.300/2024', 'Form Belanja Tunjangan Kinerja Bulan Maret 2024 PNS', 'PPK Dukman', '2024-04-02', NULL, NULL, 3, NULL, 1712040190, NULL),
(238, '236', '14000', 'KU.300', '2024', '236/14000/KU.300/2024', 'Form Belanja Tunjangan Kinerja Bulan Maret 2024 PPPK', 'PPK Dukman', '2024-04-02', NULL, NULL, 3, NULL, 1712040210, NULL),
(239, '237', '14000', 'KU.300', '2024', '237/14000/KU.300/2024', 'Tagihan Koran Riau Pos bulan Maret 2024', 'PPK Dukman', '2024-04-02', NULL, NULL, 3, NULL, 1712044132, NULL),
(240, '238', '14000', 'KU.300', '2024', '238/14000/KU.300/2024', 'Form Belanja Langganan Daya dan Jasa April 2024', 'PPK Dukman', '2024-04-03', NULL, '-', 3, NULL, 1712107558, NULL),
(241, '239', '14550', 'VS.022', '2024', '239/14550/VS.022/2024', 'Rapat Pembahasan Rencana Penarikan Dana (RPD) dan Fom Rencana Aksi (FRA)', 'Anggota Tim Fungsi Nerwilis', '2024-04-03', NULL, 'Undangan', 14, 14, 1712108301, 1712108314),
(242, '240', '14000', 'KU.500', '2024', '240/14000/KU.500/2024', 'Surat Pengantar LPJ Bendahara Penerimaan bulan Maret 2024', 'KPPN', '2024-04-03', NULL, NULL, 3, NULL, 1712109378, NULL),
(243, '241', '14000', 'KU.300', '2024', '241/14000/KU.300/2024', 'Form Belanja Uang Makan Susulan Bulan Januari 2024 PNS', 'PPK Dukman', '2024-04-03', NULL, NULL, 3, NULL, 1712111213, NULL),
(244, '242', '14000', 'KU.300', '2024', '242/14000/KU.300/2024', 'Form Belanja Uang Makan Susulan Bulan Februari 2024 PNS', 'PPK Dukman', '2024-04-03', NULL, NULL, 3, 3, 1712111244, 1712111415),
(245, '243', '14000', 'KU.300', '2024', '243/14000/KU.300/2024', 'Form Belanja Kekurangan Gaji Bulan Februari s.d Maret 2024', 'PPK Dukman', '2024-04-03', NULL, NULL, 3, NULL, 1712111600, NULL),
(246, '244', '14000', 'KU.320', '2024', '244/14000/KU.320/2024', 'Form Belanja Supervisi SHK ke Kampar', 'PPK PPIS', '2024-04-04', NULL, NULL, 12, NULL, 1712194413, NULL),
(247, '245', '14510', 'KU.320', '2024', '245/14510/KU.320/2024', 'Form Belanja Keperluan sehari hari perkantoran', 'PPK DUKMAN', '2024-04-04', NULL, 'Sari/umum', 3, NULL, 1712206654, NULL),
(248, '246', '14510', 'KU.320', '2024', '246/14510/KU.320/2024', 'Form Belanja Honor Juru Bahasa Isyarat', 'PPK DUKMAN', '2024-04-04', NULL, 'Sari/umum', 3, 3, 1712206893, 1712206902),
(249, '247', '14000', 'KU.310', '2024', '247/14000/KU.310/2024', 'FB Rilis 22 April 2024', 'PPK Dukman', '2024-04-04', NULL, NULL, 2, NULL, 1712212851, NULL),
(250, '248', '14000', 'KU.320', '2024', '248/14000/KU.320/2024', 'FP Belanja Pengiriman Dokumen (Tiki)', 'PPK Dukman', '2024-04-05', NULL, NULL, 3, NULL, 1712299439, NULL),
(251, '249', '14000', 'KU.320', '2024', '249/14000/KU.320/2024', 'FP Belanja Keperluan Perkantoran', 'PPK Dukman', '2024-04-05', NULL, NULL, 3, NULL, 1712299719, NULL),
(252, '250', '14510', 'KU.340', '2024', '250/14510/KU.340/2024', 'FP Belanja Perjadin Pengawasan Administrasi KBPS Prov. Riau ke BPS Kab. Inhil', 'PPK Dukman', '2024-04-16', NULL, '-', 3, 3, 1713244724, 1713244751),
(253, '251', '14000', 'KU.340', '2024', '251/14000/KU.340/2024', 'form belanja perjadin supervisi STKU ke Pelalawan', 'PPK PPIS', '2024-04-16', NULL, NULL, 12, NULL, 1713257976, NULL),
(254, '252', '14000', 'KU.300`', '2024', '252/14000/KU.300`/2024', 'Belanja Keperluan Sehari-hari Perkantoran (Gula, Kopi, Teh, Snack dan Minuman)', 'PPK Dukman', '2024-04-16', NULL, NULL, 3, NULL, 1713327500, NULL),
(255, '253', '14000', 'KU.340', '2024', '253/14000/KU.340/2024', 'form belanja perjadin supervisi HPBG ke  Rohil', 'PPK PPIS', '2024-04-17', NULL, NULL, 12, NULL, 1713335376, NULL),
(256, '254', '14000', 'KU.340', '2024', '254/14000/KU.340/2024', 'Supervisi SHK ke Inhil', 'PPK PPIS', '2024-04-17', NULL, NULL, 12, NULL, 1713336388, NULL),
(257, '255', '14000', 'KU.340', '2024', '255/14000/KU.340/2024', 'Supervisi SLK ke Rohil', 'PPK PPIS', '2024-04-17', NULL, NULL, 12, NULL, 1713340483, NULL),
(259, '256', '14000', 'KU.300', '2024', '256/14000/KU.300/2024', 'Tagihan Retribusi Kebersihan bulan April 2024', 'PPK Dukman', '2024-04-18', NULL, NULL, 3, NULL, 1713428534, NULL),
(260, '257', '14000', 'PW.100', '2024', '257/14000/PW.100/2024', 'Usulan Anggota Tim Evaluasi AKIP 2024', 'Inspektur Wilayah I', '2024-04-19', NULL, 'Usulan Anggota Tim Evaluasi AKIP 2024', 3, NULL, 1713499359, NULL),
(261, '258', '14550', 'VS.220', '2024', '258/14550/VS.220/2024', 'Evaluasi Internal Pembahasan Angka PDRB  Triw. I 2024', 'Anggota Tim Fungsi Nerwilis', '2024-04-22', NULL, 'Undangan', 14, 14, 1713753401, 1713759899),
(262, '259', '14000', 'KU.300', '2024', '259/14000/KU.300/2024', 'Pembayaran Jamuan Tamu Pak Rusman Heriawan', 'PPK Dukman', '2024-04-22', NULL, NULL, 3, NULL, 1713921850, NULL),
(263, '260', '14510', 'KU.320', '2024', '260/14510/KU.320/2024', 'Form Permintaan Belanja Honor Juru Bahasa Isyarat', 'PPK DUKMAN', '2024-04-25', NULL, 'Sari/umum', 3, NULL, 1714015995, NULL),
(264, '261', '14510', 'KU.320', '2024', '261/14510/KU.320/2024', 'Form Permintaan Belanja Pemeliharaan Peralatan dan Mesin', 'PPK DUKMAN', '2024-04-25', NULL, 'Sari/umum', 3, NULL, 1714016058, NULL),
(265, '262', '14550', 'VS.510', '2024', '262/14550/VS.510/2024', 'Rapat Pembahasan Penyusunan PDRB Provinsi Riau Triwulan-I Tahun 2024', 'Tim Nerwilis, Tim Statistik Produksi, Tim Statistik Distribusi, Tim Statistik Sosial', '2024-04-25', NULL, 'Undangan', 14, NULL, 1714020808, NULL),
(266, '263', '14000', 'KU.320', '2024', '263/14000/KU.320/2024', 'FP Belanja Air Minum Aqua', 'PPK Dukman', '2024-04-25', NULL, NULL, 3, NULL, 1714028043, NULL),
(267, '264', '14000', 'KU.300', '2024', '264/14000/KU.300/2024', 'Form Permintaan Perjalanan Dinas Rapim Kepala Ke Bandung', 'Kepala BPS Provinsi Riau', '2024-04-25', NULL, NULL, 13, NULL, 1714028721, NULL),
(268, '265', '14000', 'KU.320', '2024', '265/14000/KU.320/2024', 'Form Permintaan Belanja ATK dan Komputer Suplies', 'PPK DUKMAN', '2024-04-25', NULL, NULL, 3, NULL, 1714029907, NULL),
(269, '266', '14000', 'KU.320', '2024', '266/14000/KU.320/2024', 'Form Permintaan Belanja PemeliharaanGedung dan Bangunan', 'PPK DUKMAN', '2024-04-25', NULL, NULL, 3, NULL, 1714029942, NULL),
(270, '267', '14000', 'KU.320', '2024', '267/14000/KU.320/2024', 'Form Permintaan Belanja Perkantoran (cetak buku kehumasan)', 'PPK DUKMAN', '2024-04-25', NULL, NULL, 3, NULL, 1714031060, NULL),
(271, '268', '14510', 'KU.320', '2024', '268/14510/KU.320/2024', 'Form Belanja Pembelian Bahan Bakar Genset', 'PPK DUKMAN', '2024-04-26', NULL, 'Sari/umum', 3, 3, 1714093314, 1714093382),
(272, '269', '14000', 'KU.300', '2024', '269/14000/KU.300/2024', 'Pembayaran Jamuan Tamu KPPN Pekanbaru', 'PPK Dukman', '2024-04-25', NULL, NULL, 3, 3, 1714100314, 1714102260),
(273, '270', '14000', 'KU.300', '2024', '270/14000/KU.300/2024', 'Honor Instruktur Senam bulan April 2024', 'PPK Dukman', '2024-04-26', NULL, NULL, 3, NULL, 1714102463, NULL),
(274, '271', '14000', 'KU.300', '2024', '271/14000/KU.300/2024', 'Form Permintaan Pengadaan Perlengkapan Pelatihan Petugas SEP', 'PPK', '2024-04-26', NULL, NULL, 13, NULL, 1714115859, NULL),
(275, '272', '14000', 'KU.300', '2024', '272/14000/KU.300/2024', 'Form Permintaan Perjalanan Dinas Rapim Kepala Ke Bandung', 'PPK PPIS', '2024-04-26', NULL, NULL, 3, 3, 1714116907, 1714117887),
(276, '273', '14000', 'KU.300', '2024', '273/14000/KU.300/2024', 'Pengadaan Kuesioner Sampel SEP', 'PPK', '2024-04-26', NULL, NULL, 13, NULL, 1714118223, NULL),
(277, '274', '14000', 'KU.350', '2024', '274/14000/KU.350/2024', 'Surat Pernyataan Tanggung Jawab Perintah Lembur (SPTPL) Rilis ST2023 Tahap II', 'PPK Duman', '2024-04-26', NULL, NULL, 13, NULL, 1714210256, NULL),
(278, '275', '14540', 'VS.220', '2024', '275/14540/VS.220/2024', 'Permintaan Panitia kegiatan Survei VRest UMK Tahun 2024', 'Bagian Umum', '2024-04-29', NULL, NULL, 12, 12, 1714351747, 1714353370),
(279, '276', '14000', 'KU.300', '2024', '276/14000/KU.300/2024', 'Honor Pengelola Anggaran, Pengurus/Penyimpanan BMN dan Honor Pejabat Pengadaan bulan April 2024', 'PPK Dukman', '2024-04-29', NULL, NULL, 3, NULL, 1714353327, NULL);
INSERT INTO `dbo_nota_keluar` (`id`, `nomor`, `fungsi`, `klasifikasi`, `tahun`, `nomor_naskah`, `perihal`, `tujuan`, `tanggal`, `file`, `keterangan`, `user_create`, `user_update`, `create_at`, `update_at`) VALUES
(280, '277', '14000', 'KU.300', '2024', '277/14000/KU.300/2024', 'Honor Pengelola SAI bulan April 2024', 'PPK Dukman', '2024-04-29', NULL, NULL, 3, NULL, 1714353366, NULL),
(281, '278', '14000', 'VS.310', '2024', '278/14000/VS.310/2024', 'KAK Form Belanja Sosialisasi ISO 9001:2015', 'PPK Dukman', '2024-04-29', NULL, NULL, 2, 2, 1714354695, 1714372436),
(282, '279', '14510', 'KU.320', '2024', '279/14510/KU.320/2024', 'Form Belanja Jasa Manajemen Building Bulan April 2024', 'PPK DUKMAN', '2024-04-29', NULL, 'Sari/umum', 3, NULL, 1714354723, NULL),
(283, '280', '14000', 'KU.320', '2024', '280/14000/KU.320/2024', 'Form Belanja Pulsa dan perlengkapan pelatihan', 'PPK PPIS', '2024-04-29', NULL, NULL, 12, 12, 1714366168, 1714366198),
(284, '281', '14000', 'KU.320', '2024', '281/14000/KU.320/2024', 'honor pengajar petugas VREST UMK', 'PPK PPIS', '2024-04-29', NULL, NULL, 12, NULL, 1714366402, NULL),
(285, '282', '14000', 'KU.320', '2024', '282/14000/KU.320/2024', 'foem belanja pelatihan petugas VREST UMK 2024', 'PPK PPIS', '2024-04-29', NULL, NULL, 12, NULL, 1714366893, NULL),
(286, '283', '14000', 'KU.310', '2024', '283/14000/KU.310/2024', 'Form Belanja Rilis BRS 2 Mei 2024', 'PPK Dukman', '2024-04-29', NULL, NULL, 2, 2, 1714372403, 1714372428),
(287, '284', '14000', 'KU.300', '2024', '284/14000/KU.300/2024', 'Pembayaran Konsumsi Sosialisasi ISO', 'PPK Dukman', '2024-04-29', NULL, NULL, 3, NULL, 1714375021, NULL),
(288, '285', '14000', 'KU.300', '2024', '285/14000/KU.300/2024', 'Pembayaran Transport Lokal Purnabakti dalam rangka Sosialisasi ISO', 'PPK Dukman', '2024-05-03', NULL, NULL, 3, 3, 1714375078, 1714964003),
(290, '286', '14000', 'VS.350', '2024', '286/14000/VS.350/2024', 'Perjadin Supervisi PASENGGER EXIT SURVEY (PES) ', 'Terlampir', '2024-04-30', NULL, NULL, 12, NULL, 1714464039, NULL),
(291, '287', '14530', 'KU.350', '2024', '287/14530/KU.350/2024', 'Surat Pernyataan Tanggung Jawab Perintah Lembur (SPTPL) lembur fungsi produksi rilis Publikasi ST203', 'PPK Duman', '2024-04-26', NULL, NULL, 13, NULL, 1714464589, NULL),
(292, '288', '14000', 'KU.320', '2024', '288/14000/KU.320/2024', 'FB BBM Bulan April', 'PPK Dukman', '2024-04-30', NULL, 'FB BBM dan Pemeliharaan Bulan April', 3, 3, 1714467971, 1714467986),
(293, '289', '14000', 'VS.160', '2024', '289/14000/VS.160/2024', 'KAK MFD semester 1 2024', 'PPK', '2024-05-02', NULL, NULL, 2, NULL, 1714612683, NULL),
(294, '290', '14550', 'KS.000', '2024', '290/14550/KS.000/2024', 'Pengiriman Angka Final IKG Kabupaten/Kota se-Provinsi Riau Tahun 2023', 'Kepala BPS Kabkot se-Riau', '2024-05-02', NULL, NULL, 14, NULL, 1714615443, NULL),
(295, '291', '14000', 'KU.300', '2024', '291/14000/KU.300/2024', 'Pembelian Aqua botol dalam rangka Keperluan sehari-hari perkantoran', 'PPK Dukman', '2024-04-30', NULL, NULL, 3, NULL, 1714615924, NULL),
(296, '292', '14000', 'KU.310', '2024', '292/14000/KU.310/2024', 'KAK Supervisi Podes 2024', 'ppk', '2024-05-02', NULL, NULL, 11, NULL, 1714631650, NULL),
(297, '293', '14000', 'KU.350', '2024', '293/14000/KU.350/2024', 'surat pernyataan tanggung jawab perintah lembur (SPTPL)', 'PPK Dukman', '2024-05-03', NULL, NULL, 12, 12, 1714700849, 1714700914),
(298, '294', '14000', 'KU.300', '2024', '294/14000/KU.300/2024', 'Form Belanja Uang Makan April 2024 PNS', 'PPK Dukman', '2024-05-03', NULL, NULL, 3, 3, 1714701713, 1714701841),
(299, '295', '14000', 'KU.300', '2024', '295/14000/KU.300/2024', 'Form Belanja Uang Makan April 2024 PNS (2 Pegawai)', 'PPK Dukman', '2024-05-03', NULL, NULL, 3, 3, 1714701764, 1714701832),
(300, '296', '14000', 'KU.300', '2024', '296/14000/KU.300/2024', 'Form Belanja Uang Makan April PPPK', 'PPK Dukman', '2024-05-03', NULL, NULL, 3, NULL, 1714701806, NULL),
(301, '297', '14000', 'KU.300', '2024', '297/14000/KU.300/2024', 'Form Belanja Langganan Daya dan Jasa Mei 2024', 'PPK Dukman', '2024-05-03', NULL, 'Form Belanja Langganan Daya dan Jasa Mei 2024', 3, 3, 1714705498, 1714705511),
(302, '298', '14000', 'KU.300', '2024', '298/14000/KU.300/2024', 'Form Belanja Tunkin Bulan April 2024 PNS', 'PPK Dukman', '2024-05-03', NULL, NULL, 3, 3, 1714705630, 1714705766),
(303, '299', '14000', 'KU.300', '2024', '299/14000/KU.300/2024', 'Form Belanja Tunkin April 2024 PPPK', 'PPK Dukman', '2024-05-03', NULL, NULL, 3, NULL, 1714705745, NULL),
(304, '300', '14000', 'KU.300', '2024', '300/14000/KU.300/2024', 'Form Belanja Supervisi Podes 2024', 'ppk', '2024-05-03', NULL, NULL, 11, NULL, 1714706985, NULL),
(305, '301', '14000', 'KU.300', '2024', '301/14000/KU.300/2024', 'Form Belanja Supervisi Statistik Hansos', 'PPK PPIS', '2024-05-03', NULL, NULL, 11, NULL, 1714707753, NULL),
(306, '302', '14000', 'KU.300', '2024', '302/14000/KU.300/2024', 'Form Belanja Gaji Induk Juni 2024 PNS', 'PPK Dukman', '2024-05-03', NULL, NULL, 3, 3, 1714726172, 1714726179),
(307, '303', '14000', 'KU.300', '2024', '303/14000/KU.300/2024', 'Form Belanja Gaji Induk Juni 2024 PPPK', 'PPK Dukman', '2024-05-03', NULL, NULL, 3, NULL, 1714726191, NULL),
(308, '304', '14000', 'KU.300', '2024', '304/14000/KU.300/2024', 'Form Belanja Gaji Susulan Mei 2024', 'PPK Dukman', '2024-05-03', NULL, NULL, 3, NULL, 1714726212, NULL),
(309, '305', '14000', 'KU.300', '2024', '305/14000/KU.300/2024', 'Pembayaran Jamuan Tamu penyambutan PJ Gubernur Riau', 'PPK Dukman', '2024-05-03', NULL, NULL, 3, 3, 1714958917, 1714958929),
(310, '306', '14000', 'KU.300', '2024', '306/14000/KU.300/2024', 'Form Belanja Supervisi Statistik Hansos', 'PPK PPIS', '2024-05-06', NULL, NULL, 11, NULL, 1714960571, NULL),
(311, '307', '14000', 'VS.540', '2024', '307/14000/VS.540/2024', 'Berita Acara Serah Terima Softcopy Final Statistik Nilai Tukar Petani 2023', 'IPDS ', '2024-05-06', NULL, NULL, 12, 12, 1714972270, 1714972381),
(312, '308', '14000', 'VS.300', '2024', '308/14000/VS.300/2024', 'Permintaan Panitia Tambahan Pelatihan Petugas Survei Ekonomi Pertanian (SEP) Tahun 2024 ', 'Kepala Bagian Umum BPS Provinsi Riau', '2024-05-06', NULL, NULL, 13, NULL, 1714983211, NULL),
(313, '309', '14000', 'KU.300', '2024', '309/14000/KU.300/2024', 'Pembayaran Toples Plastik, Saringan Kopi dan BK Premium dalam rangka Keperluan sehari-hari Perkantoran', 'PPK Dukman', '2024-05-08', NULL, NULL, 3, NULL, 1715130919, NULL),
(314, '310', '14000', 'KU.300', '2024', '310/14000/KU.300/2024', 'Supervisi perjalanan pengawasan BPS Provinsi ke BPS Kabupaten/Kota', 'PPK Program PPIS', '2024-05-08', '1715142405.pdf', 'FP Perjadin ke Indragiri Hulu an Sugiarti', 12, NULL, 1715142405, NULL),
(315, '311', '14000', 'KU.300', '2024', '311/14000/KU.300/2024', 'Supervisi perjalanan dinas Supervisi Survei Lembaga Keuangan (SLK) ke BPS Kabupaten Indragiri Hulu', 'PPK Program PPIS', '2024-05-08', '1715143042.pdf', 'FP Perjadin ke Indragiri Hulu an Jumiati', 12, NULL, 1715143042, NULL),
(316, '312', '14000', 'KU.320', '2024', '312/14000/KU.320/2024', 'Form Permintaan Belanja Air Minum', 'PPK Dukman', '2024-05-08', NULL, NULL, 3, NULL, 1715153273, NULL),
(317, '313', '14000', 'KP.600', '2024', '313/14000/KP.600/2024', 'Sosialisasi dan Uji Coba Aplikasi SiJebat', 'Pegawai BPS Provinsi Riau', '2024-05-08', NULL, NULL, 3, NULL, 1715160866, NULL),
(318, '314', '14000', 'VS.630', '2024', '314/14000/VS.630/2024', 'Form Belanja Rilis 15 Mei 2024', 'PPK Dukman', '2024-05-13', NULL, NULL, 2, NULL, 1715562038, NULL),
(319, '315', '14000', 'KU.300', '2024', '315/14000/KU.300/2024', 'Pembayaran Retribusi Kebersihan bulan Mei 2024', 'PPK Dukman', '2024-05-13', NULL, NULL, 3, NULL, 1715563195, NULL),
(320, '316', '14000', 'KU.340', '2024', '316/14000/KU.340/2024', 'KAK Translok ke Pojok Statistik UIR', 'Emilia Dharmayanthi, Ayu Setiawaty', '2024-05-13', NULL, NULL, 2, NULL, 1715566422, NULL),
(322, '317', '14000', 'KU.340', '2024', '317/14000/KU.340/2024', 'form belanja translok ke pojok statistik bulan mei 2024', 'Emilia Dharmayanthi, Ayu Setiawaty, Enestia , Deni Saputra', '2024-05-13', NULL, NULL, 2, NULL, 1715580304, NULL),
(323, '318', '14000', 'KU.320', '2024', '318/14000/KU.320/2024', 'FP Belanja Pengiriman Dokumen (Tiki)', 'PPK Dukman', '2024-05-13', NULL, NULL, 3, NULL, 1715580689, NULL),
(324, '319', '14000', 'KU.300', '2024', '319/14000/KU.300/2024', 'Pembayaran Jamuan Tamu Bapak Imam Machdi', 'PPK Dukman', '2024-05-13', NULL, NULL, 3, 3, 1715587227, 1715587286),
(325, '320', '14000', 'KU.300', '2024', '320/14000/KU.300/2024', 'Pembelian Koran Riau Pos bulan April 2024', 'PPK Dukman', '2024-05-15', NULL, NULL, 3, NULL, 1715734050, NULL),
(326, '321', '14000', 'KU.300', '2024', '321/14000/KU.300/2024', 'Pembelian Snack Rapat, Minaman keperluan sehari-hari perkantoran', 'PPK Dukman', '2024-05-15', NULL, NULL, 3, NULL, 1715751211, NULL),
(327, '322', '14000', 'KU.600', '2024', '322/14000/KU.600/2024', 'transport lokal operasional kegiatan pojok statistik provinsi dalam acara \" Capacity Building dengan Tema: Membentuk Growth Mindset  Insan Statistik', 'PPK PPIS', '2024-05-15', NULL, NULL, 3, NULL, 1715752204, NULL),
(328, '323', '14000', 'TS.200', '2024', '323/14000/TS.200/2024', 'Form Permintaan Belanja Konsumsi Kegiatan Capacity Building', 'PPK', '2024-05-15', NULL, '-', 3, 3, 1715753122, 1715753323),
(329, '324', '14000', 'KU.300', '2024', '324/14000/KU.300/2024', 'Pembelian Buah dalam rangka Jamuan Tamu bersama PJ Gubernur Riau', 'PPK Dukman', '2024-05-15', NULL, NULL, 3, NULL, 1715755809, NULL),
(330, '325', '14000', 'KU.320', '2024', '325/14000/KU.320/2024', 'FP Belanja Persediaan ARK', 'PPK Dukman', '2024-05-16', NULL, NULL, 3, NULL, 1715828651, NULL),
(331, '326', '14000', 'HM.020', '2024', '326/14000/HM.020/2024', 'Form Permintaan Belanja Konsultasi Pimpinan BPS Provinsi ke BPS RI', 'PPK Dukman', '2024-05-16', NULL, '-', 3, 3, 1715849419, 1715922168),
(333, '327', '14000', 'PR.110', '2024', '327/14000/PR.110/2024', 'Form Permintaan Belanja Rapimkap TA. 2024', 'PPK Dukman', '2024-05-17', NULL, '-', 3, NULL, 1715922158, NULL),
(334, '328', '14000', 'KU.320', '2024', '328/14000/KU.320/2024', 'FP Belanja Persediaan gedung dan bangunan', 'PPK Dukman', '2024-05-17', NULL, NULL, 3, NULL, 1715932955, NULL),
(335, '329', '14510', 'KU.320', '2024', '329/14510/KU.320/2024', 'Belanja Bahan Bakar Genset', 'PPK DUKMAN', '2024-05-20', NULL, 'Sari/umum', 3, NULL, 1716172504, NULL),
(336, '330', '14510', 'KU.320', '2024', '330/14510/KU.320/2024', 'Belanja keperluan sehari hari perkantoran', 'PPK DUKMAN', '2024-05-20', NULL, 'Sari/umum', 3, NULL, 1716172822, NULL),
(337, '331', '14000', 'KU.370', '2024', '331/14000/KU.370/2024', 'Revisi anggaran', 'Kasubbag bina program', '2024-05-20', NULL, NULL, 14, NULL, 1716173752, NULL),
(338, '332', '14000', 'KU.320', '2024', '332/14000/KU.320/2024', 'Form permintaan translok RCC', 'PPK PPIS', '2024-05-20', NULL, NULL, 12, NULL, 1716174264, NULL),
(339, '333', '14510', 'KU.320', '2024', '333/14510/KU.320/2024', 'Belanja pemeliharaan peralatan dan mesin', 'PPK DUKMAN', '2024-05-20', NULL, 'Sari/umum', 3, NULL, 1716197113, NULL),
(340, '334', '14000', 'KU.320', '2024', '334/14000/KU.320/2024', 'Form Permintaan Honor Innas IBS', 'PPK', '2024-05-20', NULL, NULL, 13, NULL, 1716198468, NULL),
(341, '335', '14550', 'KS.200', '2024', '335/14550/KS.200/2024', 'Perjalanan Dinas Biasa Kegiatan Publikasi/Laporan Analisis dan Pengembangan Statistik T.A 2024', 'Keuangan', '2024-05-22', NULL, NULL, 14, NULL, 1716340095, NULL),
(342, '336', '14000', 'KU.300', '2024', '336/14000/KU.300/2024', 'Belanja keperluan Sehari-hari Perkantoran (Snack, Coffee Maker, Neu Essential Oil)', 'PPK Dukman', '2024-05-21', NULL, NULL, 3, 3, 1716341383, 1716341424),
(343, '337', '14000', 'KU.320', '2024', '337/14000/KU.320/2024', 'FP Belanja Persediaan ARK', 'PPK Dukman', '2024-05-22', NULL, NULL, 3, NULL, 1716343710, NULL),
(344, '338', '14000', 'KU.320', '2024', '338/14000/KU.320/2024', 'FP Belanja Air Minum Aqua', 'PPK Dukman', '2024-05-27', NULL, NULL, 3, NULL, 1716778736, NULL),
(345, '339', '14000', 'VS.330', '2024', '339/14000/VS.330/2024', 'Perjalanan Dinas Penyusunan PDRB Menurut Pengeluaran dan Matriks Use', 'Keuangan', '2024-05-27', NULL, NULL, 14, NULL, 1716779033, NULL),
(346, '340', '14510', 'KU.320', '2024', '340/14510/KU.320/2024', 'Form belanja pemeliharaan kendaraan dinas eselon II', 'PPK DUKMAN', '2024-05-27', NULL, 'Sari/umum', 3, NULL, 1716779355, NULL),
(347, '341', '14510', 'KU.320', '2024', '341/14510/KU.320/2024', 'Form Belanja Keperluan sehari hari perkantoran', 'PPK DUKMAN', '2024-05-27', NULL, 'Sari/umum', 3, NULL, 1716782086, NULL),
(348, '342', '14510', 'KU.320', '2024', '342/14510/KU.320/2024', 'Form belanja pemeliharaan PC dan laptop', 'PPK DUKMAN', '2024-05-27', NULL, 'Sari/umum', 3, NULL, 1716785144, NULL),
(349, '343', '14000', 'VS.630', '2024', '343/14000/VS.630/2024', 'KAK Rilis 3 Juni 2024', 'PPK Dukman', '2024-05-27', NULL, NULL, 2, NULL, 1716795411, NULL),
(350, '344', '14530', 'KU.320', '2024', '344/14530/KU.320/2024', 'FB Pelatihan Petugas UPB UTL', 'PPK PPIS', '2024-05-28', NULL, NULL, 13, NULL, 1716881932, NULL),
(351, '345', '14550', 'VS.220', '2024', '345/14550/VS.220/2024', 'Form Belanja Perjalanan Dinas Supervisi Neraca Produksi', 'PPK PPIS', '2024-05-28', NULL, NULL, 14, 14, 1716883955, 1716884009),
(352, '346', '14550', 'VS.220', '2024', '346/14550/VS.220/2024', 'Form Belanja Perjalanan Dinas Supervisi Neraca Produksi', 'PPK PPIS', '2024-05-28', NULL, NULL, 14, NULL, 1716884165, NULL),
(353, '347', '14000', 'KU.320', '2024', '347/14000/KU.320/2024', 'Form Permintaan Pengadaan Paket Data Pelatihan Petugas SEP', 'PPK PPIS', '2024-05-29', NULL, NULL, 13, 13, 1716946960, 1716947394),
(354, '348', '14000', 'KU.300', '2024', '348/14000/KU.300/2024', 'Form Belanja Supervisi Statistik Hansos', 'PPK PPIS', '2024-05-29', NULL, NULL, 11, NULL, 1716957938, NULL),
(355, '349', '14510', 'KA.240', '2024', '349/14510/KA.240/2024', 'Berita Acara Alih Media Arsip Fungsi Keuangan', '-', '2024-05-29', NULL, '-', 3, 3, 1716970960, 1716971063),
(356, '350', '14000', 'KU.340', '2024', '350/14000/KU.340/2024', 'Form Permintaan Tranport Lokal Kegiatan Literasi Statistik di Pojok Statistik UIR dan Pojok Statistik UNRI', 'PPK PPIS', '2024-05-30', NULL, NULL, 2, 2, 1717041667, 1717041707),
(357, '351', '14000', 'KU.320', '2024', '351/14000/KU.320/2024', 'Form Permintaan Belanja Perjalanan Dinas ke Dumai', 'PPK Dukman', '2024-05-30', NULL, NULL, 3, NULL, 1717053657, NULL),
(358, '352', '14000', 'KU.300', '2024', '352/14000/KU.300/2024', 'Honor Pengelola Anggaran, Pengurus/Penyimpanan BMN dan Honor Pejabat Pengadaan bulan Mei 2024', 'PPK Dukman', '2024-05-31', NULL, NULL, 3, NULL, 1717117763, NULL),
(359, '353', '14000', 'KU.300', '2024', '353/14000/KU.300/2024', 'Honor Pengelola SAI bulan Mei 2024', 'PPK Dukman', '2024-05-31', NULL, NULL, 3, NULL, 1717117802, NULL),
(360, '354', '14510', 'KU.320', '2024', '354/14510/KU.320/2024', 'Form belanja Jasa Manajemen Building Bulan Mei Tahun 2024', 'PPK DUKMAN', '2024-06-03', NULL, 'Sari/umum', 3, 3, 1717373945, 1717380226),
(361, '355', '14510', 'KU.320', '2024', '355/14510/KU.320/2024', 'Form Belanja Pembelian Solar Genset', 'PPK DUKMAN', '2024-06-03', NULL, 'Sari/umum', 3, NULL, 1717380870, NULL),
(362, '356', '14000', 'KU.300', '2024', '356/14000/KU.300/2024', 'Form Belanja Gaji Ketiga belas PNS (84 Pegawai)', 'PPK Dukman', '2024-06-03', NULL, NULL, 3, 3, 1717386431, 1717386596),
(363, '357', '14000', 'KU.300', '2024', '357/14000/KU.300/2024', 'Form Belanja Gaji Ketiga belas PNS (2 Pegawai)', 'PPK Dukman', '2024-06-03', NULL, NULL, 3, 3, 1717386445, 1717386592),
(364, '358', '14000', 'KU.300', '2024', '358/14000/KU.300/2024', 'Form Belanja Gaji Ketiga belas PPPK (2 Pegawai)', 'PPK Dukman', '2024-06-03', NULL, NULL, 3, 3, 1717386477, 1717386586),
(365, '359', '14000', 'KU.300', '2024', '359/14000/KU.300/2024', 'Form Belanja Gaji Ketiga belas Tunjangan Kinerja PNS (86 Pegawai)', 'PPK Dukman', '2024-06-03', NULL, NULL, 3, NULL, 1717386642, NULL),
(366, '360', '14000', 'KU.300', '2024', '360/14000/KU.300/2024', 'Form Belanja Gaji Ketiga belas Tunjangan Kinerja PPPK (2 Pegawai)', 'PPK Dukman', '2024-06-03', NULL, NULL, 3, NULL, 1717386669, NULL),
(367, '361', '14000', 'KU.320', '2024', '361/14000/KU.320/2024', 'FP Belanja Persediaan ARK', 'PPK Dukman', '2024-06-03', NULL, NULL, 3, NULL, 1717388386, NULL),
(368, '362', '14000', 'KU.300', '2024', '362/14000/KU.300/2024', 'Pembelian Tong Tji, Tropicana Slim, Brown Sugar dan Kopi Robusta dalam rangka Keperluan sehari-hari perkantoran', 'PPK Dukman', '2024-06-03', NULL, NULL, 3, NULL, 1717390329, NULL),
(369, '363', '14000', 'VS.220', '2024', '363/14000/VS.220/2024', 'Form Belanja Perjalanan Dinas Supervisi Kegiatan Neraca Pengeluaran', 'PPK PPIS', '2024-06-03', NULL, NULL, 14, 14, 1717404205, 1717404253),
(370, '364', '14000', 'KU.300', '2024', '364/14000/KU.300/2024', 'Form Belanja Gaji Ketiga Belas 2024 (1 Pegawai)', 'PPK Dukman', '2024-06-04', NULL, NULL, 3, NULL, 1717464867, NULL),
(371, '365', '14000', 'KU.300', '2024', '365/14000/KU.300/2024', 'Form Belanja Gaji Ketigabelas Tunjangan Kinerja 2024 (1 Pegawai)', 'PPK Dukman', '2024-06-04', NULL, NULL, 3, NULL, 1717464898, NULL),
(372, '366', '14000', 'KU.300', '2024', '366/14000/KU.300/2024', 'Form Belanja Uang Makan Bulan Mei 2024 PNS (85 pegawai)', 'PPK Dukman', '2024-06-04', NULL, NULL, 3, NULL, 1717465253, NULL),
(373, '367', '14000', 'KU.300', '2024', '367/14000/KU.300/2024', 'Form Belanja Uang Makan Bulan Mei 2024 PNS (1 pegawai)', 'PPK Dukman', '2024-06-04', NULL, NULL, 3, NULL, 1717465272, NULL),
(374, '368', '14000', 'KU.300', '2024', '368/14000/KU.300/2024', 'Form Belanja Uang Makan Bulan Mei 2024 PPPK', 'PPK Dukman', '2024-06-04', NULL, NULL, 3, NULL, 1717465294, NULL),
(375, '369', '14000', 'KU.320', '2024', '369/14000/KU.320/2024', 'Honor Innas Pelatihan Petugas SEP UPB dan UTL', 'PPK PPIS', '2024-06-04', NULL, NULL, 13, NULL, 1717476645, NULL),
(376, '370', '14000', 'KU.350', '2024', '370/14000/KU.350/2024', 'Surat pernyataan tanggung jawab perintah lembur (SPTPL) Fungsi Distribusi Lembur BRS', 'PPK Dukman', '2024-06-04', NULL, NULL, 3, NULL, 1717477251, NULL),
(377, '371', '14000', 'KU.350', '2024', '371/14000/KU.350/2024', 'Surat Pernyataan Tanggung Jawab Perintah Lembur (SPTPL) lembur tim humas', 'PPK Dukman', '2024-06-04', NULL, NULL, 3, 3, 1717486624, 1717486646),
(378, '372', '14000', 'KU.300', '2024', '372/14000/KU.300/2024', 'Form Belanja Tunjangan Kinerja Mei 2024 PNS', 'PPK Dukman', '2024-06-05', NULL, NULL, 3, NULL, 1717568844, NULL),
(379, '373', '14000', 'KU.300', '2024', '373/14000/KU.300/2024', 'Form Belanja Tunjangan Kinerja Mei 2024 PPPK', 'PPK Dukman', '2024-06-05', NULL, NULL, 3, NULL, 1717568864, NULL),
(380, '374', '14000', 'KU.320', '2024', '374/14000/KU.320/2024', 'Form Belanja Honor Innas VHTL dan VDTW', 'PPK PPIS', '2024-06-05', NULL, NULL, 12, NULL, 1717573723, NULL),
(381, '375', '14000', 'KU.300', '2024', '375/14000/KU.300/2024', 'Form Belanja Langganan Daya dan Jasa Juni 2024', 'PPK Dukman', '2024-06-05', NULL, 'Form Belanja Langganan Daya dan Jasa Juni 2024', 3, NULL, 1717576880, NULL),
(382, '376', '14000', 'KU.320', '2024', '376/14000/KU.320/2024', 'FP Belanja Air Minum Aqua', 'PPK Dukman', '2024-06-06', NULL, NULL, 3, NULL, 1717638549, NULL),
(383, '377', '14000', 'KU.320', '2024', '377/14000/KU.320/2024', 'FP Belanja Bahan Bakar Genset', 'PPK Dukman', '2024-06-06', NULL, NULL, 3, NULL, 1717638812, NULL),
(384, '378', '14000', 'KU.300', '2024', '378/14000/KU.300/2024', 'Belanja snack dan Minum dalam keperluan Sehari-hari Perkantoran', 'PPK Dukman', '2024-06-06', NULL, NULL, 3, NULL, 1717640423, NULL),
(385, '379', '14000', 'KU.300', '2024', '379/14000/KU.300/2024', 'Form Belanja Gaji Induk Juli 2024 PNS', 'PPK Dukman', '2024-06-06', NULL, NULL, 3, NULL, 1717655381, NULL),
(386, '380', '14000', 'KU.300', '2024', '380/14000/KU.300/2024', 'Form Belanja Gaji Induk Juli 2024 PPPK', 'PPK Dukman', '2024-06-06', NULL, NULL, 3, NULL, 1717655396, NULL),
(387, '381', '14000', 'KU.320', '2024', '381/14000/KU.320/2024', 'FB BBM Bulan mei', 'PPK Dukman', '2024-06-06', NULL, 'FB BBM dan Pemeliharaan Bulan Mei', 3, NULL, 1717662357, NULL),
(388, '382', '14000', 'KU.330', '2024', '382/14000/KU.330/2024', 'Form Belanja Honor Rohaniwan dan Snack Box Pelantikan', 'PPK', '2024-06-06', NULL, NULL, 3, 3, 1717730233, 1717730654),
(389, '383', '14000', 'KU.300', '2024', '383/14000/KU.300/2024', 'From belanja supervisi perikanan', 'ppk', '2024-06-07', NULL, NULL, 13, NULL, 1717732415, NULL),
(390, '384', '14000', 'KU.320', '2024', '384/14000/KU.320/2024', 'Supervisi Survei Ekonomi Pertanian Tahun 2024', 'PPK PPIS', '2024-06-07', NULL, NULL, 13, NULL, 1717732850, NULL),
(391, '385', '14000', 'ku.300', '2024', '385/14000/ku.300/2024', 'From belanja supervisi PEK', 'PPK', '2024-06-10', NULL, NULL, 13, NULL, 1717982013, NULL),
(392, '386', '14000', 'KU.320', '2024', '386/14000/KU.320/2024', 'Form Permintaan Supervisi SEP 2024', 'PPK PPIS', '2024-06-07', NULL, NULL, 13, NULL, 1717982744, NULL),
(393, '387', '14000', 'KU.300', '2024', '387/14000/KU.300/2024', 'Pembayaran Tagihan Koran Riau Pos bulan Mei 2024', 'PPK Dukman', '2024-06-10', NULL, NULL, 3, NULL, 1717988881, NULL),
(394, '388', '14000', 'KU.300', '2024', '388/14000/KU.300/2024', 'Form Belanja Kekurangan Gaji 13 Tahun 2024', 'PPK Dukman', '2024-06-10', NULL, NULL, 3, NULL, 1717993678, NULL),
(395, '389', '14000', 'ku.300', '2024', '389/14000/ku.300/2024', 'Form Belanja Kekurangan Gaji April s.d Mei (Kenaikan Pangkat)', 'PPK Dukman', '2024-06-10', NULL, NULL, 3, NULL, 1718003889, NULL),
(396, '390', '14000', 'KU.300', '2024', '390/14000/KU.300/2024', 'Form Belanja Kekurangan Gaji April s.d Mei (Fungsional)', 'PPK Dukman', '2024-06-10', NULL, NULL, 3, NULL, 1718003914, NULL),
(397, '391', '14000', 'KU.300', '2024', '391/14000/KU.300/2024', 'Form Belanja Kekurangan Gaji Mei (Fungsional)', 'PPK Dukman', '2024-06-10', NULL, NULL, 3, NULL, 1718003944, NULL),
(398, '392', '14000', 'KU.300', '2024', '392/14000/KU.300/2024', 'Pembayaran Belanja Barang Ekstrakomtable', 'PPK Dukman', '2024-06-11', NULL, NULL, 3, 3, 1718073828, 1718073865),
(399, '393', '14000', 'KU.320', '2024', '393/14000/KU.320/2024', 'FP translok statistik harga', 'PPK PPIS', '2024-06-03', NULL, NULL, 12, NULL, 1718153678, NULL),
(400, '394', '14000', 'KU.320', '2024', '394/14000/KU.320/2024', 'FP perjadin konsultasi ke pusat', 'PPK PPIS', '2024-06-12', NULL, NULL, 12, NULL, 1718156750, NULL),
(401, '395', '14550', 'VS.220', '2024', '395/14550/VS.220/2024', 'Nota Dinas Permintaan Nama Panitia Pelatihan Petugas PMTB dan In-depth Study SEEA 2024', 'Bagian Umum', '2024-06-12', NULL, NULL, 14, NULL, 1718157175, NULL),
(402, '396', '14550', 'VS.220', '2024', '396/14550/VS.220/2024', 'Form Belanja Pengadaan Perlengkapan/ATK Kegiatan Pelatihan Petugas In-Depth Study SEEA 2024', 'PPK PPIS', '2024-06-12', '1718172475.pdf', NULL, 14, NULL, 1718172475, NULL),
(403, '397', '14550', 'VS.220', '2024', '397/14550/VS.220/2024', 'Form Belanja Pengadaan Perlengkapan/ATK Kegiatan Pelatihan Petugas Pencacahan Survei Penyusunan Disagregasi PMTB 2024', 'PPK PPIS', '2024-06-12', NULL, NULL, 14, NULL, 1718172508, NULL),
(404, '398', '14000', 'KU.320', '2024', '398/14000/KU.320/2024', 'Form Permintaan Belanja Pengiriman Dokumen', 'PPK Dukman', '2024-06-12', NULL, NULL, 3, NULL, 1718176673, NULL),
(405, '399', '14000', 'KU.320', '2024', '399/14000/KU.320/2024', 'Form Permintaan Belanja Keperluan Perkantoran', 'PPK Dukman', '2024-06-12', NULL, NULL, 3, 3, 1718176773, 1718176938),
(406, '400', '14000', 'KU.320', '2024', '400/14000/KU.320/2024', 'Form Permintaan Belanja ATK dan Komputer Supplies', 'PPK Dukman', '2024-06-12', NULL, NULL, 3, NULL, 1718180638, NULL),
(407, '401', '14000', 'KU.300', '2024', '401/14000/KU.300/2024', 'Pembelian Stempel Warna dalam rangka Keperluan Perkantoran', 'PPK Dukman', '2024-06-12', NULL, NULL, 3, 3, 1718239435, 1718239479),
(408, '402', '14550', 'VS.220', '2024', '402/14550/VS.220/2024', 'Form Belanja Pengadaan Paket Meeting Pelatihan Petugas In-Depth Study SEEA 2024', 'PPK PPIS', '2024-06-13', NULL, NULL, 14, NULL, 1718239836, NULL),
(409, '403', '14550', 'VS.220', '2024', '403/14550/VS.220/2024', 'Form Belanja Pengadaan Paket Meeting Pelatihan Petugas Pencacahan Survei Penyusunan Disagregasi PMTB 2024', 'PPK PPIS', '2024-06-13', NULL, NULL, 14, NULL, 1718239862, NULL),
(410, '404', '14550', 'VS.220', '2024', '404/14550/VS.220/2024', 'Form Belanja Pembayaran Honor Innas Pelatihan Petugas In-Depth Study SEEA 2024', 'PPK PPIS', '2024-06-13', NULL, NULL, 14, NULL, 1718240075, NULL),
(411, '405', '14550', 'VS.220', '2024', '405/14550/VS.220/2024', 'Form Belanja Pembayaran Honor Innas Pelatihan Petugas Pencacahan Survei Penyusunan Disagregasi PMTB 2024', 'PPK PPIS', '2024-06-13', NULL, NULL, 14, NULL, 1718240111, NULL),
(412, '406', '14000', 'KU.320', '2024', '406/14000/KU.320/2024', 'Form Belanja Pembayaran Pengiriman Dokumen (Tiki)', 'PPK Dukman', '2024-06-13', NULL, NULL, 3, 3, 1718248577, 1718248637),
(413, '407', '14000', 'KU.340', '2024', '407/14000/KU.340/2024', 'FB Perjalanan Pimpinan', 'PPK', '2024-06-13', NULL, NULL, 3, 3, 1718268803, 1718268834),
(414, '408', '14000', 'KU.320', '2024', '408/14000/KU.320/2024', 'Form Permintaan Supervisi SEP 2024 Ke Dumai', 'PPK PPIS', '2024-06-14', NULL, NULL, 13, NULL, 1718327958, NULL),
(415, '409', '14540', 'VS.400', '2024', '409/14540/VS.400/2024', 'Permintaan Pemakaian Ruang Sungkai Kegiatan Rekonsiliasi Daerah Data IKK Tahun 2024', 'Kepala Bagian Umum', '2024-06-14', NULL, NULL, 12, NULL, 1718351754, NULL),
(416, '410', '14000', 'VS.220', '2024', '410/14000/VS.220/2024', 'Form Belanja Perjalanan Dinas Konsultasi Kegiatan Penyusunan Disagregasi PMTB', 'PPK PPIS', '2024-06-14', '1718353417.pdf', NULL, 14, NULL, 1718353417, NULL),
(417, '411', '14000', 'KU.320', '2024', '411/14000/KU.320/2024', 'Form Permintaan Konsultasi Teknis Kegiatan SEP ke BPS RI', 'PPK PPIS', '2024-06-14', NULL, NULL, 13, NULL, 1718356686, NULL);

-- --------------------------------------------------------

--
-- Table structure for table `dbo_permission`
--

CREATE TABLE `dbo_permission` (
  `nama` varchar(100) NOT NULL,
  `user` int NOT NULL DEFAULT '0',
  `admin` int NOT NULL DEFAULT '0',
  `create_at` int NOT NULL,
  `update_at` int DEFAULT NULL
) ENGINE=InnoDB DEFAULT CHARSET=utf8mb3;

--
-- Dumping data for table `dbo_permission`
--

INSERT INTO `dbo_permission` (`nama`, `user`, `admin`, `create_at`, `update_at`) VALUES
('akses', 1, 1, 1706465931, NULL),
('cetak_laporan_keluar', 1, 0, 1706500851, NULL),
('cetak_laporan_masuk', 1, 0, 1706500840, NULL),
('delete_akses', 0, 1, 1706465931, NULL),
('delete_dinas_keluar', 1, 0, 1706465931, NULL),
('delete_eksternal_keluar', 1, 0, 1706465931, NULL),
('delete_fungsi', 0, 1, 1706465931, NULL),
('delete_internal_keluar', 1, 0, 1706465931, NULL),
('delete_klasifikasi', 0, 1, 1706465931, NULL),
('delete_memo_keluar', 1, 0, 1706465931, NULL),
('delete_naskah_masuk', 1, 0, 1706465931, NULL),
('delete_nota_keluar', 1, 0, 1706465931, NULL),
('delete_tugas_keluar', 1, 0, 1706465931, NULL),
('delete_user', 0, 1, 1706465931, NULL),
('dinas_keluar', 1, 0, 1706465931, NULL),
('edit_akses', 0, 1, 1706465931, NULL),
('edit_dinas_keluar', 1, 0, 1706465931, NULL),
('edit_eksternal_keluar', 1, 0, 1706465931, NULL),
('edit_fungsi', 0, 1, 1706465931, NULL),
('edit_internal_keluar', 1, 0, 1706465931, NULL),
('edit_klasifikasi', 0, 1, 1706465931, NULL),
('edit_memo_keluar', 1, 0, 1706465931, NULL),
('edit_naskah_masuk', 1, 0, 1706465931, NULL),
('edit_nota_keluar', 1, 0, 1706465931, NULL),
('edit_password', 1, 1, 1706465931, NULL),
('edit_tugas_keluar', 1, 0, 1706465931, NULL),
('edit_user', 0, 1, 1706465931, NULL),
('eksternal_keluar', 1, 0, 1706465931, NULL),
('entri_akses', 0, 1, 1706465931, NULL),
('entri_dinas_keluar', 1, 0, 1706465931, NULL),
('entri_eksternal_keluar', 1, 0, 1706465931, NULL),
('entri_fungsi', 0, 1, 1706465931, NULL),
('entri_internal_keluar', 1, 0, 1706465931, NULL),
('entri_klasifikasi', 0, 1, 1706465931, NULL),
('entri_memo_keluar', 1, 0, 1706465931, NULL),
('entri_naskah_masuk', 1, 0, 1706465931, NULL),
('entri_nota_keluar', 1, 0, 1706465931, NULL),
('entri_tugas_keluar', 1, 0, 1706465931, NULL),
('entri_user', 0, 1, 1706465931, NULL),
('fungsi', 1, 1, 1706465931, NULL),
('home', 1, 1, 1706465931, NULL),
('internal_keluar', 1, 0, 1706465931, NULL),
('klasifikasi', 1, 1, 1706465931, NULL),
('laporan_keluar', 1, 0, 1706465931, NULL),
('laporan_masuk', 1, 0, 1706465931, NULL),
('login', 1, 1, 1706465931, NULL),
('logout', 1, 1, 1706465931, NULL),
('memo_keluar', 1, 0, 1706465931, NULL),
('naskah_masuk', 1, 0, 1706465931, NULL),
('nota_keluar', 1, 0, 1706465931, NULL),
('profil', 1, 1, 1706465931, NULL),
('tugas_keluar', 1, 0, 1706465931, NULL),
('user', 0, 1, 1706465931, NULL);

-- --------------------------------------------------------

--
-- Table structure for table `dbo_tugas_keluar`
--

CREATE TABLE `dbo_tugas_keluar` (
  `id` int NOT NULL,
  `akses` varchar(10) NOT NULL,
  `nomor` varchar(10) NOT NULL,
  `fungsi` varchar(5) NOT NULL,
  `klasifikasi` varchar(10) NOT NULL,
  `tahun` varchar(4) NOT NULL,
  `nomor_naskah` varchar(50) NOT NULL,
  `perihal` varchar(255) NOT NULL,
  `tujuan` varchar(255) NOT NULL,
  `tanggal` date NOT NULL,
  `file` varchar(255) DEFAULT NULL,
  `keterangan` varchar(255) DEFAULT NULL,
  `user_create` int NOT NULL,
  `user_update` int DEFAULT NULL,
  `create_at` int NOT NULL,
  `update_at` int DEFAULT NULL
) ENGINE=InnoDB DEFAULT CHARSET=utf8mb3;

--
-- Dumping data for table `dbo_tugas_keluar`
--

INSERT INTO `dbo_tugas_keluar` (`id`, `akses`, `nomor`, `fungsi`, `klasifikasi`, `tahun`, `nomor_naskah`, `perihal`, `tujuan`, `tanggal`, `file`, `keterangan`, `user_create`, `user_update`, `create_at`, `update_at`) VALUES
(4, 'B', '1', '14000', 'VS.220', '2024', 'B-1/14000/VS.220/2024', 'Briefing KSA ', 'Terlampir', '2024-01-03', NULL, NULL, 3, NULL, 1708250737, NULL),
(5, 'B', '2', '14000', 'VS.220', '2024', 'B-2/14000/VS.220/2024', 'Briefing KSA ', 'Terlampir', '2024-01-04', NULL, NULL, 3, NULL, 1708250752, NULL),
(6, 'B', '3', '14000', 'VS.220', '2024', 'B-3/14000/VS.220/2024', 'Briefing KSA ', 'Terlampir', '2024-01-04', NULL, NULL, 3, NULL, 1708250766, NULL),
(7, 'B', '4', '14000', 'VS.220', '2024', 'B-4/14000/VS.220/2024', 'Briefing KSA ', 'Terlampir', '2024-01-08', NULL, NULL, 3, NULL, 1708250782, NULL),
(8, 'B', '5', '14000', 'VS.220', '2024', 'B-5/14000/VS.220/2024', 'Briefing KSA ', 'Terlampir', '2024-01-10', NULL, NULL, 3, NULL, 1708250804, NULL),
(9, 'B', '6', '14000', 'VS.220', '2024', 'B-6/14000/VS.220/2024', 'Briefing KSA ', 'Terlampir', '2024-01-10', NULL, NULL, 3, NULL, 1708250824, NULL),
(10, 'B', '7', '14000', 'VS.220', '2024', 'B-7/14000/VS.220/2024', 'Briefing KSA ', 'Terlampir', '2024-01-15', NULL, NULL, 3, NULL, 1708250839, NULL),
(11, 'B', '8', '14000', 'VS.220', '2024', 'B-8/14000/VS.220/2024', 'Kegiatan Sosialisasi SBH', 'Terlampir', '2024-01-16', NULL, NULL, 3, NULL, 1708250866, NULL),
(12, 'B', '9', '14000', 'VS.220', '2024', 'B-9/14000/VS.220/2024', 'Pelatihan Fasilitator (ToT) Pranata Komputer', 'Afdi Rizal', '2024-01-18', NULL, NULL, 3, NULL, 1708250888, NULL),
(13, 'B', '10', '14000', 'VS.220', '2024', 'B-10/14000/VS.220/2024', 'Supervisi SNLIK', 'Meita Komalasari', '2024-01-18', NULL, NULL, 3, NULL, 1708250909, NULL),
(14, 'B', '11', '14000', 'VS.220', '2024', 'B-11/14000/VS.220/2024', 'Supervisi SNLIK', 'Yuhestia Rosalin', '2024-01-18', NULL, NULL, 3, NULL, 1708250932, NULL),
(15, 'B', '12', '14000', 'VS.220', '2024', 'B-12/14000/VS.220/2024', 'Supervisi SNLIK', 'Dadang Sunandar', '2024-01-18', NULL, NULL, 3, NULL, 1708250948, NULL),
(16, 'B', '13', '14000', 'VS.220', '2024', 'B-13/14000/VS.220/2024', 'Supervisi SNLIK', 'Yandika Welra', '2024-01-18', NULL, NULL, 3, NULL, 1708250986, NULL),
(17, 'B', '14', '14000', 'VS.220', '2024', 'B-14/14000/VS.220/2024', 'Pelatihan Kompetensi PBJP level-1 Batch 1 2024', 'Terlampir', '2024-01-19', NULL, NULL, 3, NULL, 1708251001, NULL),
(18, 'B', '15', '14000', 'VS.220', '2024', 'B-15/14000/VS.220/2024', 'Dalam Rangka Indepth ', 'Nata', '2024-01-22', NULL, NULL, 3, NULL, 1708251031, NULL),
(19, 'B', '16', '14000', 'VS.220', '2024', 'B-16/14000/VS.220/2024', 'Briefing KSA ', 'Nela', '2024-01-24', NULL, NULL, 3, NULL, 1708251051, NULL),
(20, 'B', '17', '14000', 'VS.220', '2024', 'B-17/14000/VS.220/2024', 'Briefing KSA ', 'Nela', '2024-01-24', NULL, NULL, 3, NULL, 1708251068, NULL),
(21, 'B', '18', '14000', 'VS.220', '2024', 'B-18/14000/VS.220/2024', 'Supervisi SNLIK', 'Meita, dkk', '2024-01-29', NULL, NULL, 3, NULL, 1708251087, NULL),
(22, 'B', '19', '14000', 'VS.220', '2024', 'B-19/14000/VS.220/2024', 'Briefing KSA ', 'Terlampir', '2024-02-05', NULL, NULL, 3, NULL, 1708251101, NULL),
(23, 'B', '20', '14000', 'VS.220', '2024', 'B-20/14000/VS.220/2024', 'Briefing KSA ', 'Terlampir', '2024-02-05', NULL, NULL, 3, NULL, 1708251115, NULL),
(24, 'B', '21', '14000', 'VS.220', '2024', 'B-21/14000/VS.220/2024', 'Briefing KSA ', 'Terlampir', '2024-02-05', NULL, NULL, 3, NULL, 1708251133, NULL),
(25, 'B', '22', '14000', 'VS.220', '2024', 'B-22/14000/VS.220/2024', 'Briefing KSA ', 'Terlampir', '2024-02-05', NULL, NULL, 3, NULL, 1708251147, NULL),
(26, 'B', '23', '14000', 'VS.220', '2024', 'B-23/14000/VS.220/2024', 'Briefing KSA ', 'Terlampir', '2024-02-05', NULL, NULL, 3, NULL, 1708251165, NULL),
(27, 'B', '24', '14000', 'VS.220', '2024', 'B-24/14000/VS.220/2024', 'Briefing KSA ', 'Terlampir', '2024-02-05', NULL, NULL, 3, NULL, 1708251178, NULL),
(28, 'B', '25', '14000', 'VS.220', '2024', 'B-25/14000/VS.220/2024', 'Supervisi', 'Terlampir', '2024-02-07', NULL, NULL, 3, NULL, 1708251236, NULL),
(29, 'B', '26', '14000', 'VS.220', '2024', 'B-26/14000/VS.220/2024', 'Supervisi', 'Fitri Harianti', '2024-02-12', NULL, NULL, 3, NULL, 1708251258, NULL),
(30, 'B', '27', '14000', 'VS.220', '2024', 'B-27/14000/VS.220/2024', 'Supervisi', 'Megananda', '2024-02-12', NULL, NULL, 3, NULL, 1708251277, NULL),
(31, 'B', '28', '14000', 'VS.220', '2024', 'B-28/14000/VS.220/2024', 'Supervisi Statistik Perkebunan', 'Muji Basuki', '2024-02-12', NULL, NULL, 3, NULL, 1708251297, NULL),
(32, 'B', '29', '14000', 'VS.220', '2024', 'B-29/14000/VS.220/2024', 'Supervisi', 'Asep Riyadi', '2024-02-12', NULL, NULL, 3, NULL, 1708251316, NULL),
(33, 'B', '30', '14000', 'VS.220', '2024', 'B-30/14000/VS.220/2024', 'Supervisi', 'Mazni', '2024-02-12', NULL, NULL, 3, NULL, 1708251336, NULL),
(34, 'B', '31', '14000', 'VS.220', '2024', 'B-31/14000/VS.220/2024', 'Peserta Pelatihan Karya Tulis Ilmiah', 'Nata', '2024-02-12', NULL, NULL, 3, NULL, 1708251352, NULL),
(35, 'B', '32', '14000', 'VS.220', '2024', 'B-32/14000/VS.220/2024', 'Peserta PKA ', 'Gunadi', '2024-02-13', NULL, NULL, 3, NULL, 1708251366, NULL),
(36, 'B', '33', '14000', 'VS.220', '2024', 'B-33/14000/VS.220/2024', 'Peserta PKAP', 'Anto Beriandari', '2024-02-13', NULL, NULL, 3, NULL, 1708251388, NULL),
(37, 'B', '34', '14000', 'VS.350', '2024', 'B-34/14000/VS.350/2024', 'Briefing KSA ', 'Terlampir', '2024-02-15', NULL, NULL, 3, 3, 1708251406, 1708325545),
(38, 'B', '35', '14000', 'VS.350', '2024', 'B-35/14000/VS.350/2024', 'Briefing KSA ', 'Terlampir', '2024-02-15', NULL, NULL, 3, 3, 1708251418, 1708325534),
(39, 'B', '36', '14000', 'VS.350', '2024', 'B-36/14000/VS.350/2024', 'Briefing KSA ', 'Terlampir', '2024-02-15', NULL, NULL, 3, 3, 1708251432, 1708325521),
(40, 'B', '37', '14000', 'KP.650', '2024', 'B-37/14000/KP.650/2024', 'ST Ukom PBJ', 'Terlampir', '2024-02-15', NULL, NULL, 3, 3, 1708251446, 1708325509),
(41, 'B', '38', '14000', 'VS.350', '2024', 'B-38/14000/VS.350/2024', 'Perjadin Supervisi Sakernas Februari 2024', 'Ajid Hajiji', '2024-02-16', NULL, NULL, 3, 3, 1708251474, 1708325487),
(42, 'B', '39', '14000', 'VS.350', '2024', 'B-39/14000/VS.350/2024', 'Perjadin Supervisi Sakernas Februari 2024', 'Azhari', '2024-02-16', NULL, NULL, 3, 3, 1708251494, 1708325474),
(43, 'B', '40', '14000', 'VS.220', '2024', 'B-40/14000/VS.220/2024', 'Supervisi', 'Megananda', '2024-02-06', NULL, NULL, 3, NULL, 1708251515, NULL),
(44, 'B', '41', '14000', 'VS.350', '2024', 'B-41/14000/VS.350/2024', 'Perjadin Supervisi', 'Jumiati', '2024-02-16', NULL, NULL, 3, 3, 1708251537, 1708325459),
(45, 'B', '42', '14000', 'VS.350', '2024', 'B-42/14000/VS.350/2024', 'Supervisi Survei Sosial Ekonomi Nasional (Susenas) Maret 2024 ke Kota Pekanbaru', 'Meita Komalasari', '2024-02-19', NULL, 'Supervisi Survei Sosial Ekonomi Nasional (Susenas) Maret 2024 di Kota Pekanbaru pada tanggal 19 Februari  9 Maret 2024', 11, NULL, 1708308087, NULL),
(46, 'B', '43', '14000', 'VS.350', '2024', 'B-43/14000/VS.350/2024', 'Supervisi Survei Sosial Ekonomi Nasional (Susenas) Maret 2024 ke Kota Pekanbaru', 'Desi Damaiyanti', '2024-02-19', NULL, 'Supervisi Survei Sosial Ekonomi Nasional (Susenas) Maret 2024 di Kota Pekanbaru pada tanggal 19 Februari  9 Maret 2024', 11, NULL, 1708308145, NULL),
(47, 'B', '44', '14000', 'VS.350', '2024', 'B-44/14000/VS.350/2024', 'Perjadin Supervisi Sakernas Februari 2024', 'Meita Komalasari', '2024-02-19', NULL, 'Aulia', 3, NULL, 1708325423, NULL),
(48, 'B', '45', '14000', 'VS.300', '2024', 'B-45/14000/VS.300/2024', 'Sampel Cadangan Susenas Maret 2024', 'Kepala BPS Kab/Kota', '2024-02-21', NULL, NULL, 3, NULL, 1708483929, NULL),
(49, 'B', '46', '14000', 'KP.650', '2024', 'B-46/14000/KP.650/2024', 'Surat Tugas Peserta Mentor Latsar CPNS Golongan III Angkatan 9 dan 10 Tahun 2024', 'Terlampir', '2024-02-21', NULL, NULL, 3, NULL, 1708487180, NULL),
(50, 'B', '47', '14000', 'KP.650', '2024', 'B-47/14000/KP.650/2024', 'Surat Tugas Peserta Mentor Latsar CPNS Golongan III Angkatan 9 dan 10 Tahun 2024', 'Terlampir', '2024-02-21', NULL, NULL, 3, NULL, 1708487200, NULL),
(51, 'B', '48', '14000', 'KP.653', '2024', 'B-48/14000/KP.653/2024', 'Surat Tugas Peserta Mentor Latsar CPNS Golongan III Angkatan 9 dan 10 Tahun 2024', 'Terlampir', '2024-02-21', NULL, NULL, 3, NULL, 1708487221, NULL),
(52, 'B', '49', '14000', 'VS.650', '2024', 'B-49/14000/VS.650/2024', 'Surat Tugas Peserta Mentor Latsar CPNS Golongan III Angkatan 9 dan 10 Tahun 2024', 'Terlampir', '2024-02-21', NULL, NULL, 3, NULL, 1708487246, NULL),
(53, 'B', '50', '14000', 'VS.650', '2024', 'B-50/14000/VS.650/2024', 'Surat Tugas Peserta Mentor Latsar CPNS Golongan III Angkatan 9 dan 10 Tahun 2024', 'Terlampir', '2024-02-21', NULL, NULL, 3, NULL, 1708487267, NULL),
(54, 'B', '51', '14000', 'VS.650', '2024', 'B-51/14000/VS.650/2024', 'Surat Tugas Peserta Mentor Latsar CPNS Golongan III Angkatan 9 dan 10 Tahun 2024', 'Terlampir', '2024-02-21', NULL, NULL, 3, NULL, 1708487284, NULL),
(55, 'B', '52', '14000', 'VS.650', '2024', 'B-52/14000/VS.650/2024', 'Surat Tugas Peserta Mentor Latsar CPNS Golongan III Angkatan 9 dan 10 Tahun 2024', 'Terlampir', '2024-02-21', NULL, NULL, 3, NULL, 1708487302, NULL),
(56, 'B', '53', '14000', 'VS.650', '2024', 'B-53/14000/VS.650/2024', 'Surat Tugas Peserta Mentor Latsar CPNS Golongan III Angkatan 9 dan 10 Tahun 2024', 'Terlampir', '2024-02-21', NULL, NULL, 3, NULL, 1708487379, NULL),
(57, 'B', '54', '14000', 'VS.650', '2024', 'B-54/14000/VS.650/2024', 'Surat Tugas Peserta Mentor Latsar CPNS Golongan III Angkatan 9 dan 10 Tahun 2024', 'Terlampir', '2024-02-21', NULL, NULL, 3, NULL, 1708487398, NULL),
(58, 'B', '55', '14000', 'VS.650', '2024', 'B-55/14000/VS.650/2024', 'Surat Tugas Peserta Mentor Latsar CPNS Golongan III Angkatan 9 dan 10 Tahun 2024', 'Terlampir', '2024-02-21', NULL, NULL, 3, NULL, 1708487416, NULL),
(59, 'B', '56', '14000', 'VS.650', '2024', 'B-56/14000/VS.650/2024', 'Surat Tugas Peserta Mentor Latsar CPNS Golongan III Angkatan 9 dan 10 Tahun 2024', 'Terlampir', '2024-02-21', NULL, NULL, 3, NULL, 1708487438, NULL),
(60, 'B', '57', '14000', 'VS.650', '2024', 'B-57/14000/VS.650/2024', 'Surat Tugas Peserta Mentor Latsar CPNS Golongan III Angkatan 9 dan 10 Tahun 2024', 'Terlampir', '2024-02-21', NULL, NULL, 3, NULL, 1708487462, NULL),
(61, 'B', '58', '14000', 'VS.650', '2024', 'B-58/14000/VS.650/2024', 'Surat Tugas Peserta Mentor Latsar CPNS Golongan III Angkatan 9 dan 10 Tahun 2024', 'Terlampir', '2024-02-21', NULL, NULL, 3, NULL, 1708487481, NULL),
(62, 'B', '59', '14000', 'VS.650', '2024', 'B-59/14000/VS.650/2024', 'Surat Tugas Peserta Mentor Latsar CPNS Golongan III Angkatan 9 dan 10 Tahun 2024', 'Terlampir', '2024-02-21', NULL, NULL, 3, NULL, 1708487509, NULL),
(63, 'B', '60', '14000', 'VS.650', '2024', 'B-60/14000/VS.650/2024', 'Surat Tugas Peserta Mentor Latsar CPNS Golongan III Angkatan 9 dan 10 Tahun 2024', 'Terlampir', '2024-02-21', NULL, NULL, 3, NULL, 1708487531, NULL),
(64, 'B', '61', '14000', 'VS.650', '2024', 'B-61/14000/VS.650/2024', 'Surat Tugas Peserta Mentor Latsar CPNS Golongan III Angkatan 9 dan 10 Tahun 2024', 'Terlampir', '2024-02-21', NULL, NULL, 3, NULL, 1708487551, NULL),
(65, 'B', '62', '14000', 'VS.650', '2024', 'B-62/14000/VS.650/2024', 'Surat Tugas Peserta Mentor Latsar CPNS Golongan III Angkatan 9 dan 10 Tahun 2024', 'Terlampir', '2024-02-21', NULL, NULL, 3, NULL, 1708487596, NULL),
(66, 'B', '63', '14000', 'vs.65', '2024', 'B-63/14000/vs.65/2024', 'Surat Tugas Peserta Mentor Latsar CPNS Golongan III Angkatan 9 dan 10 Tahun 2024', 'Terlampir', '2024-02-21', NULL, NULL, 3, NULL, 1708487619, NULL),
(67, 'B', '64', '14000', 'KP.311', '2024', 'B-64/14000/KP.311/2024', 'Surat Tugas Peserta Ukom Kenaikan Jenjang dan Pengangkatan Jabatan Fungsional Penata Laksana Barang melalui Perpindahan dari Jabatan Lain a.n Nurul Elisa', 'Direktorat Tranformasi dan Sistem Informasi DJKN Pekanbaru', '2024-02-22', NULL, NULL, 3, NULL, 1708564998, NULL),
(68, 'B', '65', '14000', 'KP.650', '2024', 'B-65/14000/KP.650/2024', 'Surat Tugas Narasumber Pelatihan petugas pendataan lapangan Inflasi  tahun 2024 di Kabupaten Bengkalis', 'Pemerintah Daerah Kabupaten Bengkalis', '2024-02-22', NULL, NULL, 12, NULL, 1708587652, NULL),
(69, 'B', '66', '14000', 'KP.650', '2024', 'B-66/14000/KP.650/2024', 'Surat Tugas Narasumber Pelatihan petugas pendataan lapangan Inflasi tahun 2024 di Kabupaten Bengkalis', 'Pemerintah Daerah Kabupaten Bengkalis', '2024-02-22', NULL, NULL, 12, NULL, 1708587818, NULL),
(70, 'B', '67', '14000', 'KP.650', '2024', 'B-67/14000/KP.650/2024', 'Surat Tugas Perjadin Pengawasan BPS Prov. ke BPS Kab. Siak an. Asep Riyadi', 'Kepala BPS Prov. Riau', '2024-02-23', NULL, NULL, 3, 3, 1708681985, 1708682208),
(71, 'B', '68', '14000', 'KP.650', '2024', 'B-68/14000/KP.650/2024', 'Surat Tugas Perjadin Pengawasan BPS Prov. ke BPS Kab. Siak an. Ajid Hajiji', 'Kepala BPS Prov. Riau', '2024-02-23', NULL, NULL, 3, 3, 1708682036, 1708682251),
(72, 'B', '69', '14000', 'KP.650', '2024', 'B-69/14000/KP.650/2024', 'Surat Tugas Perjadin Pengawasan BPS Prov. ke BPS Kab. Siak an. Mazni', 'Kepala BPS Prov. Riau', '2024-02-23', NULL, NULL, 3, 3, 1708682073, 1708682256),
(73, 'B', '70', '14000', 'DL.311', '2024', 'B-70/14000/DL.311/2024', 'Surat Tugas Peserta Pelatihan Fungsional Pranata Komputer Kategori Keahlian Angkatan I dan II tahun 2024', 'Kepala Pusdiklat BPS', '2024-02-08', NULL, NULL, 3, NULL, 1709101729, NULL),
(74, 'B', '71', '14000', 'DL.311', '2024', 'B-71/14000/DL.311/2024', 'Surat Tugas Peserta Pelatihan Fungsional Pranata Komputer Kategori Keahlian Angkatan I dan II tahun 2024', 'Kepala Pusdiklat BPS', '2024-02-28', NULL, NULL, 3, NULL, 1709101772, NULL),
(75, 'B', '72', '14000', 'VS.220', '2024', 'B-72/14000/VS.220/2024', 'Permintaan Narasumber ', 'Gubernur Riau', '2024-02-29', NULL, NULL, 2, 2, 1709190640, 1709192322),
(76, 'B', '73', '14000', 'KP.650', '2024', 'B-73/14000/KP.650/2024', 'Perjalanan Pimpinan', 'Kepala BPS Provinsi', '2024-02-29', NULL, 'Perjalanan Pimpinan', 3, NULL, 1709195007, NULL),
(77, 'B', '74', '14000', 'DL.230', '2024', 'B-74/14000/DL.230/2024', 'Pelatihan Innas dalam rangka Updating Enumeration Area SLS 2024 ', 'Yoga Adinata', '2024-02-29', NULL, NULL, 2, 2, 1709196888, 1709196915),
(78, 'B', '75', '14000', 'KP.650', '2024', 'B-75/14000/KP.650/2024', 'Surat Tugas Mengikuti Rapat Stunting di Kantor Camat Tambang, Kabupaten Kampar', 'Kepala BPS Provinsi Riau', '2024-03-04', NULL, NULL, 11, NULL, 1709513142, NULL),
(79, 'B', '76', '14000', 'KP.650', '2024', 'B-76/14000/KP.650/2024', 'Surat Tugas Supervisi Tanaman Pangan a.n Muji Basuki', 'Kepala BPS Provinsi Riau', '2024-03-06', '1709695466.pdf', NULL, 13, 13, 1709695467, 1709695514),
(80, 'B', '77', '14000', 'KP.650', '2024', 'B-77/14000/KP.650/2024', 'Surat Tugas Supervisi Tanaman Pangan a.n. Herlin Afridona', 'Kepala BPS Provinsi Riau', '2024-03-06', NULL, NULL, 13, NULL, 1709695544, NULL),
(81, 'B', '78', '14000', 'KP.650', '2024', 'B-78/14000/KP.650/2024', 'Surat Tugas Supervisi Tanaman Pangan a.n. Devi Giesty Thyana', 'Kepala BPS Provinsi Riau', '2024-03-06', NULL, NULL, 13, NULL, 1709695582, NULL),
(82, 'B', '79', '14000', 'DL.230', '2024', 'B-79/14000/DL.230/2024', 'Surat Tugas Peserta pelatihan TPB dan TPK EPSS BPS Provinsi Tahap 1', 'Kepala Pusdiklat', '2024-03-07', NULL, NULL, 2, 2, 1709791595, 1709873759),
(83, 'B', '80', '14000', 'DL.311', '2024', 'B-80/14000/DL.311/2024', 'Surat Tugas Peserta Pelatihan Continous Competence Improvement (CONCEIVE) Program Angkatan I a.n Dwiki Raynaldo', 'Kepala Pusdiklat BPS', '2024-03-07', NULL, NULL, 3, 3, 1709796569, 1709796592),
(84, 'B', '81', '14000', 'DL.311', '2024', 'B-81/14000/DL.311/2024', 'Surat Tugas Peserta Pelatihan Continous Competence Improvement (CONCEIVE) Program Angkatan I a.n Jesica Nauli Br.Siringo Ringo', 'Kepala Pusdiklat BPS', '2024-03-07', NULL, NULL, 3, NULL, 1709796644, NULL),
(85, 'B', '82', '14000', 'DL.311', '2024', 'B-82/14000/DL.311/2024', 'Surat Tugas Peserta Pelatihan Continous Competence Improvement (CONCEIVE) Program Angkatan I a.n Riswanti Ifdawalni Berutu', 'Kepala Pusdiklat BPS', '2024-03-07', NULL, NULL, 3, NULL, 1709796685, NULL),
(86, 'B', '83', '14000', 'DL.311', '2024', 'B-83/14000/DL.311/2024', 'Surat Tugas Peserta Pelatihan Continous Competence Improvement (CONCEIVE) Program Angkatan I a.n Rulfi Annas Salamah', 'Kepala Pusdiklat BPS', '2024-03-07', NULL, NULL, 3, NULL, 1709796727, NULL),
(87, 'B', '84', '14000', 'DL.230', '2024', 'B-84/14000/DL.230/2024', 'Surat Tugas Peserta pelatihan EPSS, Pelaksana BPS Provinsi, TPB dan Pelaksana Kabupaten/Kota Tahap 2', 'Kepala Pusdiklat', '2024-03-08', NULL, NULL, 2, 2, 1709863812, 1709873773),
(88, 'B', '85', '14000', 'KP.650', '2024', 'B-85/14000/KP.650/2024', 'Surat Tugas Rapimkap Kepala BPS Prov. Riau', '-', '2024-03-18', NULL, '-', 3, 3, 1710737539, 1710737685),
(89, 'B', '86', '14000', 'KP.650', '2024', 'B-86/14000/KP.650/2024', 'Surat Tugas INNAS STKU', 'Pusdiklat', '2024-03-18', NULL, NULL, 12, NULL, 1710748107, NULL),
(90, 'B', '87', '14000', 'DL.311', '2024', 'B-87/14000/DL.311/2024', 'Surat Tugas Peserta Ujian  Ujian Kompetensi PBJP Level-1 dengan Model Massive Open Online (MOOC) Batch 1 Tahun 2024 dengan menggunakan LMS Puslat SDM PBJ LKPP dan tatap muka secara online (synchronous).', 'Kepala Pusdiklat BPS', '2024-03-19', NULL, NULL, 3, NULL, 1710822181, NULL),
(91, 'B', '88', '14000', 'KP.650', '2024', 'B-88/14000/KP.650/2024', 'Surat Tugas Pelatihan Innas Pendataan Podes 2024', 'Pusdiklat', '2024-03-19', NULL, NULL, 11, NULL, 1710829826, NULL),
(92, 'B', '89', '14000', 'KP.650', '2024', 'B-89/14000/KP.650/2024', ' Penyampaian Dokumen Penghapusan Dan Konsultasi BMN Ke KPKNL Pekanbaru', 'KPKNL Pekanbaru', '2024-03-20', NULL, NULL, 3, 3, 1710898732, 1710898744),
(93, 'B', '90', '14000', 'KP.650', '2024', 'B-90/14000/KP.650/2024', 'Surat Tugas Peserta Pengelolaan Forum Komunikasi Kelompok Kerja Bangga Kencana', 'Aulia Hasif', '2024-03-20', NULL, NULL, 11, 11, 1710903642, 1710904567),
(94, 'B', '91', '14000', 'KP.650', '2024', 'B-91/14000/KP.650/2024', 'Surat Tugas Mengikuti Pelatihan Petugas SPAK 2024 sebagai Innas', 'Fitri', '2024-03-21', NULL, NULL, 11, NULL, 1710988948, NULL),
(95, 'B', '92', '14000', 'DL.311', '2024', 'B-92/14000/DL.311/2024', 'Surat Tugas Peserta Orientasi PPPK BPS Tahun 2024', 'Kepala Pusdiklat BPS', '2024-03-22', NULL, NULL, 3, NULL, 1711074144, NULL),
(96, 'B', '93', '14000', 'DL.311', '2024', 'B-93/14000/DL.311/2024', 'Surat Tugas Peserta Orientasi PPPK BPS Tahun 2024', 'Kepala Pusdiklat BPS', '2024-03-22', NULL, NULL, 3, NULL, 1711074257, NULL),
(97, 'B', '94', '14000', 'DL.311', '2024', 'B-94/14000/DL.311/2024', 'Surat Tugas Peserta Orientasi PPPK BPS Tahun 2024', 'Kepala Pusdiklat BPS', '2024-03-22', NULL, NULL, 3, NULL, 1711074278, NULL),
(98, 'B', '95', '14000', 'DL.311', '2024', 'B-95/14000/DL.311/2024', 'Surat Tugas Peserta Orientasi PPPK BPS Tahun 2024', 'Kepala Pusdiklat BPS', '2024-03-22', NULL, NULL, 3, NULL, 1711074302, NULL),
(99, 'B', '96', '14000', 'DL.311', '2024', 'B-96/14000/DL.311/2024', 'Surat Tugas Peserta Orientasi PPPK BPS Tahun 2024', 'Kepala Pusdiklat BPS', '2024-03-22', NULL, NULL, 3, NULL, 1711074317, NULL),
(100, 'B', '97', '14000', 'DL.311', '2024', 'B-97/14000/DL.311/2024', 'Surat Tugas Peserta Orientasi PPPK BPS Tahun 2024', 'Kepala Pusdiklat BPS', '2024-03-22', NULL, NULL, 3, NULL, 1711074337, NULL),
(101, 'B', '98', '14000', 'DL.311', '2024', 'B-98/14000/DL.311/2024', 'Surat Tugas Peserta Orientasi PPPK BPS Tahun 2024', 'Kepala Pusdiklat BPS', '2024-03-22', NULL, NULL, 3, NULL, 1711074352, NULL),
(102, 'B', '99', '14000', 'DL.311', '2024', 'B-99/14000/DL.311/2024', 'Surat Tugas Peserta Orientasi PPPK BPS Tahun 2024', 'Kepala Pusdiklat BPS', '2024-03-22', NULL, NULL, 3, NULL, 1711074368, NULL),
(103, 'B', '100', '14000', 'DL.230', '2024', 'B-100/14000/DL.230/2024', 'Surat Tugas Fasilitator pelatihan EPSS', 'Kepala Pusdiklat', '2024-03-15', NULL, NULL, 2, NULL, 1711334587, NULL),
(104, 'B', '101', '14510', 'KP.650', '2024', 'B-101/14510/KP.650/2024', 'Surat Tugas Uji Kompetensi PBJP Level-1 Batch I 2024', 'Pegawai BPS se-Provinsi Riau (Daftar Terlampir)', '2024-03-25', NULL, NULL, 3, NULL, 1711335874, NULL),
(105, 'B', '102', '14000', 'KP.650', '2024', 'B-102/14000/KP.650/2024', 'Surat Tugas Pelatihan Petugas SPAK 2024', 'PPK PPIS', '2024-03-26', NULL, NULL, 11, NULL, 1711428680, NULL),
(106, 'B', '103', '14000', 'VS.220', '2024', 'B-103/14000/VS.220/2024', 'Supervisi Survei Perkebunan dan Survei Industri', 'Kepala BPS Provinsi Riau', '2024-03-26', NULL, NULL, 13, NULL, 1711443108, NULL),
(107, 'B', '104', '14000', 'KP.650', '2024', 'B-104/14000/KP.650/2024', 'Surat Tugas Pengajar Inda Pendataan Podes 2024', 'Metalia Alfa', '2024-03-28', NULL, NULL, 11, NULL, 1711601221, NULL),
(108, 'B', '105', '14000', 'VS.220', '2024', 'B-105/14000/VS.220/2024', 'Kegiatan Pengumpulan Data Perusahaan Hortikultura Berbadan Hukum dan Usaha Hortikultura Lainnya (VP-VN)', 'Seluruh BPS Kabupaten/Kota', '2024-04-03', NULL, NULL, 13, NULL, 1712108514, NULL),
(109, 'B', '106', '14000', 'KP.650', '2024', 'B-106/14000/KP.650/2024', 'Surat Tugas Supervisi SHK a.n Asep Riyadi', 'Kepala BPS Provinsi Riau', '2024-04-04', NULL, NULL, 12, 12, 1712197186, 1712197257),
(110, 'B', '107', '14000', 'KP.650', '2024', 'B-107/14000/KP.650/2024', 'Surat Tugas Supervisi SHK a.n Syaifudin', 'Kepala BPS Provinsi Riau', '2024-04-04', NULL, NULL, 12, NULL, 1712197280, NULL),
(111, 'B', '108', '14000', 'KP.650', '2024', 'B-108/14000/KP.650/2024', 'Surat Tugas Supervisi SHK a.n M. Nata Kesuma', 'Kepala BPS Provinsi Riau', '2024-04-04', NULL, NULL, 12, NULL, 1712197304, NULL),
(112, 'B', '109', '14000', 'KP.650', '2024', 'B-109/14000/KP.650/2024', 'Surat Tugas Supervisi SHK a.n Mazni', 'Kepala BPS Provinsi Riau', '2024-04-04', NULL, NULL, 12, NULL, 1712197347, NULL),
(113, 'B', '110', '14000', 'DL.311', '2024', 'B-110/14000/DL.311/2024', 'Surat Tugas Peserta Pembelajaran Klasikal Tahap I PKA Angkatan VIII Tahun 2024 a.n Gunadi', 'Kepala Pusdiklat BPS', '2024-04-05', NULL, NULL, 3, 3, 1712302875, 1712307818),
(114, 'B', '111', '14000', 'DL.311', '2024', 'B-111/14000/DL.311/2024', 'Surat Tugas Peserta Pembelajaran Klasikal Tahap I PKP Angkatan XIII Tahun 2024 a.n Anto Beryandari', 'Kepala Pusdiklat BPS', '2024-04-05', NULL, NULL, 3, NULL, 1712302939, NULL),
(115, 'B', '112', '14000', 'KP.650', '2024', 'B-112/14000/KP.650/2024', 'Surat Tugas an. Yenni Elvira', 'Kepala BPS Provinsi Riau', '2024-04-16', NULL, NULL, 11, NULL, 1713252628, NULL),
(116, 'B', '113', '14000', 'KU.300', '2024', 'B-113/14000/KU.300/2024', 'Surat Tugas Pengawasan Administrasi an. Asep Riyadi', 'BPS Kab. Indragiri Hilir', '2024-04-18', NULL, NULL, 3, 3, 1713316523, 1713318923),
(117, 'B', '114', '14000', 'KU.300', '2024', 'B-114/14000/KU.300/2024', 'Surat Tugas Mengantar Pimpinan Pengawasan Administrasi an. Mazni', 'BPS Kab. Indragiri Hilir', '2024-04-18', NULL, NULL, 3, NULL, 1713316623, NULL),
(118, 'B', '115', '14000', 'KP.650', '2024', 'B-115/14000/KP.650/2024', 'Surat Tugas Supervisi SHK a.n Fitri Hariyanti', 'Fitri H.', '2024-04-17', NULL, NULL, 12, NULL, 1713405924, NULL),
(119, 'B', '116', '14000', 'KP.650', '2024', 'B-116/14000/KP.650/2024', 'Surat Tugas supervisi STKU ke Pelalawan a.n Nata', 'Nata', '2024-04-18', NULL, NULL, 12, NULL, 1713406027, NULL),
(120, 'B', '117', '14000', 'KP.650', '2024', 'B-117/14000/KP.650/2024', 'Surat Tugas supervisi STKU ke Pelalawan a.n Riko', 'Riko', '2024-04-18', NULL, NULL, 12, NULL, 1713407958, NULL),
(121, 'B', '118', '14000', 'KP.650', '2024', 'B-118/14000/KP.650/2024', 'Surat Tugas supervisi HPBG ke Rohil  a.n Megananda', 'Megananda', '2024-04-18', NULL, NULL, 12, NULL, 1713429720, NULL),
(122, 'B', '119', '14000', 'KP.650', '2024', 'B-119/14000/KP.650/2024', 'Surat Tugas supervisi SLK ke Rohil a.n Imelda', 'Imelda', '2024-04-18', NULL, NULL, 12, NULL, 1713429932, NULL),
(123, 'B', '120', '14000', 'KP.650', '2024', 'B-120/14000/KP.650/2024', 'Surat Tugas Innas Imelda', 'imelda', '2024-04-19', NULL, NULL, 12, NULL, 1713681190, NULL),
(124, 'B', '121', '14000', 'KP.650', '2024', 'B-121/14000/KP.650/2024', 'surat tugas innas', 'Surat Tugas Innas megananda', '2024-04-19', NULL, NULL, 12, NULL, 1713681223, NULL),
(125, 'B', '122', '14000', 'DL.311', '2024', 'B-122/14000/DL.311/2024', 'Surat Tugas Peserta Pelatihan Teknis Karya Tulis Ilmiah (KTI) bagi Fungsional Statistisi BPS Angkatan II Tahun 2024', 'Kepala Pusdiklat BPS', '2024-04-22', NULL, NULL, 3, NULL, 1713767063, NULL),
(126, 'B', '123', '14000', 'KP.650', '2024', 'B-123/14000/KP.650/2024', 'Surat tugas Innas Survei Industri Besar dan Sedang (IBS) 2024', 'Kepala Pusdiklat BPS', '2024-04-23', NULL, NULL, 13, NULL, 1713860304, NULL),
(127, 'B', '124', '14000', 'KP.650', '2024', 'B-124/14000/KP.650/2024', 'Rapat Koordinasi Gugus Tugas PP TPPO Provinsi Riau', 'Desi Damaiyanti', '2024-04-24', NULL, NULL, 11, NULL, 1713919404, NULL),
(129, 'B', '125', '14000', 'KP.630', '2024', 'B-125/14000/KP.630/2024', 'SPMT', 'Kepala Biro SDM BPS', '2024-04-22', NULL, NULL, 3, NULL, 1714014552, NULL),
(130, 'B', '126', '14000', 'VS.210', '2024', 'B-126/14000/VS.210/2024', 'Surat Tugas Innas Updating Direktori Pasar 2024 (UDP-24) ', 'BPS Kab/Kota', '2024-05-02', NULL, NULL, 12, NULL, 1714618632, NULL),
(131, 'B', '127', '14000', 'KP.650', '2024', 'B-127/14000/KP.650/2024', 'Surat Tugas Pengawasan KBPS Prov. Riau ke BPS Kab. Pelalawan', 'BPS Kab./Kota', '2024-05-02', NULL, '-', 3, 3, 1714623816, 1714624038),
(132, 'B', '128', '14000', 'KP.650', '2024', 'B-128/14000/KP.650/2024', 'Surat Tugas Mengantar KBPS Prov. Riau Pengawasan ke BPS Kab. Pelalawan an. Mazni', 'BPS Kab./Kota', '2024-05-02', NULL, '-', 3, 3, 1714623929, 1714624061),
(133, 'B', '129', '14000', 'KP.650', '2024', 'B-129/14000/KP.650/2024', 'ST Hanifah Ayu Pengawasan PES ke Dumai', 'BPS Kota Dumai', '2024-05-03', NULL, NULL, 12, 12, 1714705356, 1714705461),
(134, 'B', '130', '14000', 'KP.650', '2024', 'B-130/14000/KP.650/2024', 'ST Etania Pengawasan PES ke Dumai', 'BPS Kota Dumai', '2024-05-03', NULL, NULL, 12, 12, 1714705410, 1714705453),
(135, 'B', '131', '14000', 'KP.650', '2024', 'B-131/14000/KP.650/2024', 'ST Ade Pengawasan Stathansos ke Kepulauan Meranti', 'BPS Kab. Kepulauan Meranti', '2024-05-03', NULL, NULL, 11, 11, 1714722681, 1714722732),
(136, 'B', '132', '14000', 'VS.220', '2024', 'B-132/14000/VS.220/2024', 'Perjalanan Dinas Paket Meeting Dalam Kota Dalam Rangka Pelatihan Petugas Survei Penyediaan Makanan dan Minuman (VREST) BPS Kab/Kota Provinsi Riau Tahun Anggaran 2024 di Hotel Furaya Pekanbaru', 'Kota Pekanbaru', '2024-05-03', NULL, 'Nama Pegawai yang ditugaskan terlampir pada surat', 12, NULL, 1714723397, NULL),
(137, 'B', '133', '14000', 'VS.300', '2024', 'B-133/14000/VS.300/2024', 'Pelatihan Calon Innas Survei Ekonomi Pertanian 2024', 'Jeniati, Brilian, Herlin', '2024-05-06', NULL, NULL, 13, NULL, 1714958927, NULL),
(138, 'B', '134', '14000', 'KP.650', '2024', 'B-134/14000/KP.650/2024', 'Surat Tugas Supervisi Pendataan Podes 2024 an. Meita Komalasari', 'BPS Kabupaten Rokan Hilir', '2024-05-06', NULL, NULL, 11, NULL, 1714960423, NULL),
(139, 'B', '135', '14000', 'KP.650', '2024', 'B-135/14000/KP.650/2024', 'Surat Tugas Supervisi Pendataan Podes 2024 an. Azhari Andria', 'BPS Kabupaten/Kota se-Provinsi Riau', '2024-05-06', NULL, NULL, 11, NULL, 1714960488, NULL),
(140, 'B', '136', '14000', 'KP.650', '2024', 'B-136/14000/KP.650/2024', 'Surat Tugas Supervisi Statistik Ketahanan Sosial 2024 an. Asep Riyadi', 'Kepala BPS Kabupaten Indragiri Hulu', '2024-05-06', NULL, NULL, 11, NULL, 1714980905, NULL),
(141, 'B', '137', '14000', 'KP.650', '2024', 'B-137/14000/KP.650/2024', 'Surat Tugas Supervisi Statistik Ketahanan Sosial 2024 an. Mazni', 'Kepala BPS Kabupaten Indragiri Hulu', '2024-05-06', NULL, NULL, 11, NULL, 1714980970, NULL),
(142, 'B', '138', '14000', 'KU.300', '2024', 'B-138/14000/KU.300/2024', 'Surat Tugas dalam rangka Sosialisasi ISO 9001:2005 Layanan PST', 'PPK Dukman', '2024-04-30', NULL, NULL, 3, NULL, 1715044293, NULL),
(143, 'B', '139', '14000', 'KP.630', '2024', 'B-139/14000/KP.630/2024', 'Surat Keterangan', 'Juliaty', '2024-05-07', NULL, NULL, 3, NULL, 1715062680, NULL),
(144, 'B', '140', '14000', 'DL.311', '2024', 'B-140/14000/DL.311/2024', 'Surat Tugas Peserta Pelatihan AKIP Tahun 2024', 'Kepala Pusdiklat BPS a.n Heru Parmanto', '2024-05-07', NULL, NULL, 3, 3, 1715068366, 1715068532),
(145, 'B', '141', '14000', 'DL.311', '2024', 'B-141/14000/DL.311/2024', 'Surat Tugas Peserta Pelatihan Teknis Fungsional Statistisi Tingkat Keahlian Angkatan I Tahun 2024 a.n Kartika Elfrida Br Singarimbun', 'Kepala Pusdiklat BPS', '2024-05-07', NULL, NULL, 3, 3, 1715068446, 1715068519),
(146, 'B', '142', '14000', 'DL.311', '2024', 'B-142/14000/DL.311/2024', 'Surat Tugas Peserta Pelatihan Teknis Fungsional Statistisi Tingkat Keahlian Angkatan I Tahun 2024 a.n ainul Zita Farrah Fauzia', 'Kepala Pusdiklat BPS', '2024-05-07', NULL, NULL, 3, NULL, 1715068494, NULL),
(147, 'B', '143', '14000', 'HM.340', '2024', 'B-143/14000/HM.340/2024', 'surat tugas pojok statistik ', 'Emilia Dharmayanthi, Ayu Setiawaty', '2024-05-13', NULL, NULL, 2, NULL, 1715565401, NULL),
(148, 'B', '144', '14000', 'HM.340', '2024', 'B-144/14000/HM.340/2024', 'surat tugas pojok statistik ke UNRI', 'Emilia Dharmayanthi, Ayu Setiawaty', '2024-05-13', NULL, NULL, 2, NULL, 1715565424, NULL),
(149, 'B', '145', '14000', 'VS.300', '2024', 'B-145/14000/VS.300/2024', 'Mengikuti Pelatihan Calon Instruktur Daerah (Inda) Survei Ekonomi Pertanian (SEP) Tahun 2024 secara Daring', 'Ketua Tim Statistik Produksi Kabupaten Kota', '2024-05-13', NULL, NULL, 13, NULL, 1715566343, NULL),
(150, 'B', '146', '14000', 'DL.311', '2024', 'B-146/14000/DL.311/2024', 'Surat Tugas Peserta Sosialisasi AHU di Wilayah a.n Lisa Ade Candra', 'Kemenkumham Kanwil Provinsi Riau', '2024-05-13', NULL, NULL, 3, NULL, 1715584359, NULL),
(151, 'B', '147', '14000', 'DL.311', '2024', 'B-147/14000/DL.311/2024', 'Surat Tugas Peserta Sosialisasi AHU di Wilayah a.n Yosita Rosi ', 'Kemenkumham Kanwil Provinsi Riau', '2024-05-13', NULL, NULL, 3, NULL, 1715584407, NULL),
(152, 'B', '148', '14000', 'KP.650', '2024', 'B-148/14000/KP.650/2024', 'Supervisi perjalanan pengawasan BPS Provinsi ke BPS Kabupaten/Kota', 'PPK Program PPIS', '2024-05-13', NULL, 'Surat Tugas an Sugiarti supervisi pengawasan BPS Provinsi ke BPS Kabupaten/Kota', 12, NULL, 1715589377, NULL),
(153, 'B', '149', '14000', 'KP.650', '2024', 'B-149/14000/KP.650/2024', 'Supervisi perjalanan pengawasan BPS Provinsi ke BPS Kabupaten/Kota', 'PPK Program PPIS', '2024-05-13', NULL, 'FP Perjadin ke Indragiri Hulu an Jumiati', 12, NULL, 1715591735, NULL),
(155, 'B', '150', '14000', 'KP.650', '2024', 'B-150/14000/KP.650/2024', 'Konsultasi Pimpinan BPS Provinsi ke BPS RI', 'PPK Dukman', '2024-05-17', NULL, '-', 3, NULL, 1715912858, NULL),
(156, 'B', '151', '14000', 'KP.650', '2024', 'B-151/14000/KP.650/2024', 'Surat Tugas Transport Lokal Operasional Kegiatan Pojok Statistik', 'PPK PPIS', '2024-05-17', NULL, NULL, 3, 3, 1715927203, 1715927777),
(157, 'B', '152', '14000', 'KP.650', '2024', 'B-152/14000/KP.650/2024', 'Perjalanan Rapat Pimpinan', 'PPK Prog Dukman', '2024-05-17', NULL, 'Perjalanan Pimpinan', 3, NULL, 1715928567, NULL),
(158, 'B', '153', '14000', 'DL. 311', '2024', 'B-153/14000/DL. 311/2024', 'Surat Tugas Peserta CONCEIVE a.n Rulfi Annas Salamah', 'Kepala Pusdiklat BPS', '2024-05-17', NULL, NULL, 3, NULL, 1715932981, NULL),
(159, 'B', '154', '14000', 'DL.311', '2024', 'B-154/14000/DL.311/2024', 'Surat Tugas Peserta CONCEIVE a.n Riswanti Ifdawalni Berutu', 'Kepala Pusdiklat BPS', '2024-05-17', NULL, NULL, 3, NULL, 1715933026, NULL),
(160, 'B', '155', '14000', 'DL.311', '2024', 'B-155/14000/DL.311/2024', 'Surat Tugas Peserta CONCEIVE a.n Jessica Nauli', 'Kepala Pusdiklat BPS', '2024-05-17', NULL, NULL, 3, NULL, 1715933053, NULL),
(161, 'B', '156', '14000', 'DL.311', '2024', 'B-156/14000/DL.311/2024', 'Surat Tugas Peserta CONCEIVE a.n Dwiki Raynaldo', 'Kepala Pusdiklat BPS', '2024-05-17', NULL, NULL, 3, 3, 1715933073, 1715933086),
(162, 'B', '157', '14000', 'KP.650', '2024', 'B-157/14000/KP.650/2024', 'Mengikuti kegiatan Bimbingan Teknis Penyusunan Rencana Aksi Daerah a.n Emilia Dharmayanthi', 'Kepala Bappedalitbang Provinsi Riau', '2024-05-20', NULL, NULL, 11, 11, 1716169540, 1716169598),
(163, 'B', '158', '14000', 'KP.650', '2024', 'B-158/14000/KP.650/2024', 'Mengikuti kegiatan Bimbingan Teknis Penyusunan Rencana Aksi Daerah a.n Nelayesiana Bachtiar', 'Kepala Bappedalitbang Provinsi Riau', '2024-05-20', NULL, NULL, 11, NULL, 1716169618, NULL),
(164, 'B', '159', '14000', 'KP.650', '2024', 'B-159/14000/KP.650/2024', 'Mengikuti kegiatan Bimbingan Teknis Penyusunan Rencana Aksi Daerah a.n Yandika Welra', 'Kepala Bappedalitbang Provinsi Riau', '2024-05-20', NULL, NULL, 11, NULL, 1716169662, NULL),
(165, 'B', '160', '14550', 'SS.210', '2024', 'B-160/14550/SS.210/2024', 'Surat Tugas Pelatihan Instruktur Daerah Survei Khusus Tahunan Direktorat Neraca Pengeluaran (SKT DNPeng) Tahun 2024', 'Undangan Terlampir', '2024-05-20', NULL, NULL, 14, NULL, 1716180607, NULL),
(166, 'B', '161', '14000', 'VS.220', '2024', 'B-161/14000/VS.220/2024', 'Surat Tugas Innas SEP UPB UTL', 'Terlampir', '2024-05-21', NULL, NULL, 13, NULL, 1716277029, NULL),
(167, 'B', '162', '14000', 'VS.025', '2024', 'B-162/14000/VS.025/2024', 'Pelatihan Inda Updating Enumeration Area SLS 2024', 'Pusdiklat BPS', '2024-04-19', NULL, NULL, 2, NULL, 1716362971, NULL),
(168, 'B', '163', '14000', 'KP.650', '2024', 'B-163/14000/KP.650/2024', 'Surat Tugas Mengikuti Rakor Pengendalian Inflasi di RCC a.n. M. Nata', 'Nata', '2024-05-20', NULL, NULL, 12, NULL, 1716368415, NULL),
(169, 'B', '164', '14000', 'DL.311', '2024', 'B-164/14000/DL.311/2024', 'Surat Tugas Peserta Rapat Koordinasi Tim Terpadu Pencegahan dan Pemberantasan Penyalahgunaan dan Peredaran Gelap Narkotika Prekursor Narkotika  (P4GN-PN)', 'Badan Kesatuan Bangsa dan Politik Pemerintah Provinsi Riau', '2024-05-22', NULL, NULL, 3, 3, 1716368561, 1716368573),
(171, 'B', '166', '14000', 'VS.210', '2024', 'B-166/14000/VS.210/2024', 'Surat Tugas Pelatihan Inda Updating EA SLS', 'Kepala', '2024-04-24', NULL, NULL, 2, NULL, 1716372663, NULL),
(172, 'B', '167', '14000', 'DL.230', '2024', 'B-167/14000/DL.230/2024', 'Menjadi Fasilitator Pelatihan Inda Survei Ekonomi Pertanian (SEP) ', 'Herlin, Lindo, Aqilla', '2024-05-17', NULL, NULL, 13, NULL, 1716860225, NULL),
(173, 'B', '168', '14000', 'DL.311', '2024', 'B-168/14000/DL.311/2024', 'Sebagai Peserta Uji Kompetensi Teknis, Kompetensi Manajerial dan Kompetensi Sosial Kultural ', 'Kepala KPPN Pekanbaru', '2024-05-28', NULL, NULL, 3, NULL, 1716867600, NULL),
(174, 'B', '169', '14000', 'VS.210', '2024', 'B-169/14000/VS.210/2024', 'Surat tugas pelatihan peserta 1', 'Peserta pelatihan UPB', '2024-05-28', NULL, NULL, 13, 13, 1716868372, 1716868417),
(175, 'B', '170', '14000', 'VS.210', '2024', 'B-170/14000/VS.210/2024', 'Surat tugas pelatihan peserta 2', 'Peserta pelatihan UPB ', '2024-05-28', NULL, NULL, 13, NULL, 1716868410, NULL),
(176, 'B', '171', '14000', 'VS.210', '2024', 'B-171/14000/VS.210/2024', 'Surat tugas pelatihan peserta 3', 'Peserta pelatihan UPB', '2024-05-28', NULL, NULL, 13, NULL, 1716868440, NULL),
(177, 'B', '172', '14000', 'SS.210', '2024', 'B-172/14000/SS.210/2024', 'Surat Tugas Peserta Pelatihan Instruktur Nasional Survei Penyusunan Disagregasi PMTB 2024', 'Ferdian Fadly', '2024-05-28', NULL, NULL, 14, NULL, 1716883497, NULL),
(178, 'B', '173', '14000', 'VS.630', '2024', 'B-173/14000/VS.630/2024', 'Surtug Seragam PST', 'Petugas Layanan PST', '2024-05-02', NULL, NULL, 2, NULL, 1716883587, NULL),
(179, 'B', '174', '14550', 'KS.200', '2024', 'B-174/14550/KS.200/2024', 'Perjalanan Dinas Biasa Kegiatan Publikasi/Laporan Analisis dan Pengembangan Statistik T.A 2024 (Achmad Sobari)', 'Kepala BPS Riau', '2024-05-27', NULL, NULL, 14, 14, 1716944845, 1716944993),
(180, 'B', '175', '14550', 'VS.330', '2024', 'B-175/14550/VS.330/2024', 'Perjalanan Dinas Biasa Matrik Use (Irfarial)', 'Kepala BPS Riau', '2024-05-27', NULL, NULL, 14, NULL, 1716944978, NULL),
(181, 'B', '176', '14550', 'VS.330', '2024', 'B-176/14550/VS.330/2024', 'Perjalanan Dinas Biasa Matrik use (Yenni Elvira)', 'Kepala BPS Riau', '2024-05-27', NULL, NULL, 14, 14, 1716945029, 1716945204),
(182, 'B', '177', '14000', 'KP.650', '2024', 'B-177/14000/KP.650/2024', 'Supervisi Perjalanan Dinas Pengawasan Provinsi ke Kabupaten/Kota', 'Dadang Sunandar', '2024-05-30', NULL, NULL, 11, 11, 1717051727, 1717051745),
(183, 'B', '178', '14000', 'KP.650', '2024', 'B-178/14000/KP.650/2024', 'Perjalanan Dinas Dalam Rangka Pengawasan BPS Provinsi ke BPS Kota Dumai An. Asep Riyadi', 'PPK Dukman', '2024-05-30', NULL, NULL, 3, 3, 1717128834, 1717128862),
(184, 'B', '179', '14000', 'KP.650', '2024', 'B-179/14000/KP.650/2024', 'Perjalanan Dinas Dalam Rangka Pengawasan BPS Provinsi ke BPS Kota Dumai An. Ajid Hajiji', 'PPK Dukman', '2024-05-30', NULL, NULL, 3, NULL, 1717128894, NULL),
(185, 'B', '180', '14000', 'KP.650', '2024', 'B-180/14000/KP.650/2024', 'Perjalanan Dinas Dalam Rangka Pengawasan BPS Provinsi ke BPS Kota Dumai An. Heru Parmanto', 'PPK Dukman', '2024-05-30', NULL, NULL, 3, NULL, 1717128920, NULL),
(186, 'B', '181', '14000', 'KP.650', '2024', 'B-181/14000/KP.650/2024', 'Perjalanan Dinas Dalam Rangka Pengawasan BPS Provinsi ke BPS Kota Dumai An. Mazni', 'PPK Dukman', '2024-05-30', NULL, NULL, 3, 14, 1717128967, 1717395606),
(187, 'B', '182', '14000', 'VS.210', '2024', 'B-182/14000/VS.210/2024', 'Surat Tugas Innas Updating Direktori Usaha/Perusahaan Ekonomi  Dalam Rangka SE2026 Tahun 2024', 'Terlampir', '2024-05-31', NULL, NULL, 12, NULL, 1717138570, NULL),
(188, 'B', '183', '14000', 'KP.650', '2024', 'B-183/14000/KP.650/2024', 'Pelatihann Innas Survei Karakteristik Usaha (SKU) 2024', 'Imelda', '2024-06-03', NULL, NULL, 12, NULL, 1717381270, NULL),
(189, 'B', '184', '14550', 'VS.220', '2024', 'B-184/14550/VS.220/2024', 'Perjalanan Dinas Dalam Rangka Supervisi BPS Provinsi ke BPS Kab Kepulauan Meranti a.n Oldestia Vianny', 'PPK PPIS', '2024-06-03', NULL, NULL, 14, 14, 1717395587, 1717395696),
(190, 'B', '185', '14550', 'VS.220', '2024', 'B-185/14550/VS.220/2024', 'Perjalanan Dinas Dalam Rangka Pengawasan BPS Provinsi ke BPS Kab Kepulauan Meranti a.n Yenny Elvira', 'PPK PPIS', '2024-06-03', NULL, NULL, 14, NULL, 1717395735, NULL),
(191, 'B', '186', '14000', 'HM.340', '2024', 'B-186/14000/HM.340/2024', 'surat tugas literasi statistik ke pojok statistik UNRI dan UIR', 'nelayesiana bachtiar', '2024-06-03', NULL, NULL, 2, 2, 1717396918, 1717396942),
(192, 'B', '187', '14000', 'HM.340', '2024', 'B-187/14000/HM.340/2024', 'surat tugas literasi statistik ke pojok statistik UNRI dan UIR', 'ismi hadjar poetri', '2024-06-03', NULL, NULL, 2, NULL, 1717396996, NULL),
(193, 'B', '188', '14000', 'HM.340', '2024', 'B-188/14000/HM.340/2024', 'surat tugas literasi statistik ke pojok statistik UNRI dan UIR', 'bekti indasari', '2024-06-03', NULL, NULL, 2, NULL, 1717397012, NULL),
(194, 'B', '189', '14000', 'HM.340', '2024', 'B-189/14000/HM.340/2024', 'Surat Tugas ', 'Kepala BPS Provinsi Riau', '2024-06-03', NULL, NULL, 2, NULL, 1717402889, NULL),
(195, 'B', '190', '14550', 'VS.210', '2024', 'B-190/14550/VS.210/2024', 'Surat Tugas Peserta Pelatihan Innas In-Depth Study SEEA Ekonomi Hijau 2024 Provinsi Riau', 'Pusdiklat BPS', '2024-06-04', NULL, NULL, 14, NULL, 1717485674, NULL),
(196, 'B', '191', '14000', 'VS.630', '2024', 'B-191/14000/VS.630/2024', 'Narasumber Pertemuan Validasi Data se-Prov. Riau 2024', 'Kepala Dinas Kesehatan Provinsi Riau', '2024-06-05', NULL, NULL, 2, NULL, 1717561443, NULL),
(197, 'B', '192', '14550', 'VS.220', '2024', 'B-192/14550/VS.220/2024', 'Perjalanan Dinas Dalam Rangka Pengawasan BPS Provinsi ke BPS Kab Rokan Hilir a.n Rahmi Renzya', 'PPK PPIS', '2024-06-06', NULL, NULL, 14, NULL, 1717648075, NULL),
(198, 'B', '193', '14550', 'VS.220', '2024', 'B-193/14550/VS.220/2024', 'Perjalanan Dinas Dalam Rangka Pengawasan BPS Provinsi ke BPS Kab Rokan Hilir a.n Bekti Indasari', 'PPK PPIS', '2024-06-06', NULL, NULL, 14, NULL, 1717648110, NULL),
(199, 'B', '194', '14000', 'VS.220', '2024', 'B-194/14000/VS.220/2024', 'Perjalanan Dinas Dalam Rangka Pengawasan BPS Provinsi ke BPS Kab Rokan Hilir a.n Ika Kartika Sari', 'PPK PPIS', '2024-06-06', NULL, NULL, 14, 14, 1717660860, 1717660917),
(200, 'B', '195', '14000', 'VS.210', '2024', 'B-195/14000/VS.210/2024', 'Surat Tugas Pelatihan Instruktur Daerah Updating Direktori  Usaha/Perusahaan Ekonomi Dalam Rangka SE2026 Tahun 2024', 'BPS Kab/Kota', '2024-06-07', NULL, NULL, 12, 12, 1717728066, 1717728084),
(201, 'B', '196', '14000', 'vs 220', '2024', 'B-196/14000/vs 220/2024', 'Perjalanan dinas supervisi perikanan ke Rokan Hilir', 'PPK PPIS', '2024-06-10', NULL, NULL, 13, 13, 1717981312, 1717981334),
(202, 'B', '197', '14000', 'VS.220', '2024', 'B-197/14000/VS.220/2024', 'Surat Tugas Supervisi Survei Ekonomi Pertanian (SEP) Tahun 2024 an. Sri Lizayani', 'Kepala BPS Provinsi Riau', '2024-06-10', NULL, NULL, 13, 13, 1717983726, 1717984610),
(203, 'B', '198', '14000', 'VS.220', '2024', 'B-198/14000/VS.220/2024', 'Surat Tugas Supervisi Survei Ekonomi Pertanian (SEP) Tahun 2024 an. Jeniati Putri', 'Kepala BPS Provinsi Riau', '2024-06-10', NULL, NULL, 13, 13, 1717983816, 1717984616),
(204, 'B', '199', '14000', 'VS.220', '2024', 'B-199/14000/VS.220/2024', 'Surat Tugas Supervisi Survei Ekonomi Pertanian (SEP) Tahun 2024 an. Riry Elvian', 'Kepala BPS Provinsi Riau', '2024-06-10', NULL, NULL, 13, 13, 1717983836, 1717984622),
(205, 'B', '200', '14000', 'VS.220', '2024', 'B-200/14000/VS.220/2024', 'Surat Tugas Supervisi Survei Ekonomi Pertanian (SEP) Tahun 2024 an. Herlin Afridona', 'Kepala BPS Provinsi Riau', '2024-06-10', NULL, NULL, 13, 13, 1717984542, 1717984628),
(206, 'B', '201', '14000', 'VS.220', '2024', 'B-201/14000/VS.220/2024', 'Surat Tugas Supervisi Survei Ekonomi Pertanian (SEP) Tahun 2024 an. Fitriani', 'Kepala BPS Provinsi Riau', '2024-06-10', NULL, NULL, 13, 13, 1717984558, 1717984633),
(207, 'B', '202', '14000', 'VS.220', '2024', 'B-202/14000/VS.220/2024', 'Surat Tugas Supervisi Survei Ekonomi Pertanian (SEP) Tahun 2024 an. Brilian Wijaya Umaro', 'Kepala BPS Provinsi Riau', '2024-06-10', NULL, NULL, 13, NULL, 1717984602, NULL),
(208, 'B', '203', '14000', 'VS.220', '2024', 'B-203/14000/VS.220/2024', 'Surat Tugas Supervisi Survei Ekonomi Pertanian (SEP) Tahun 2024 an. Erlindo Erwin', 'Kepala BPS Provinsi Riau', '2024-06-10', NULL, NULL, 13, NULL, 1717984657, NULL),
(209, 'B', '204', '14000', 'VS.220', '2024', 'B-204/14000/VS.220/2024', 'Surat Tugas Supervisi Survei Ekonomi Pertanian (SEP) Tahun 2024 an. Asep Riyadi', 'Kepala BPS Provinsi Riau', '2024-06-10', NULL, NULL, 13, NULL, 1717985857, NULL),
(210, 'B', '205', '14000', 'VS.220', '2024', 'B-205/14000/VS.220/2024', 'Surat Tugas Supervisi Survei Ekonomi Pertanian (SEP) Tahun 2024 an. Muji Basuki', 'Kepala BPS Provinsi Riau', '2024-06-10', NULL, NULL, 13, NULL, 1717985880, NULL),
(211, 'B', '206', '14000', 'VS.220', '2024', 'B-206/14000/VS.220/2024', 'Surat Tugas Supervisi Survei Ekonomi Pertanian (SEP) Tahun 2024 an. Mazni', 'Kepala BPS Provinsi Riau', '2024-06-10', NULL, NULL, 13, NULL, 1717985901, NULL),
(212, 'B', '207', '14000', 'VS.220', '2024', 'B-207/14000/VS.220/2024', 'Surat Tugas Pelatihan Innas Pengolahan Survei Ekonomi Pertanian Tahun 2024', 'Afdi Rizal SST, M.T', '2024-06-10', '1718065490.pdf', 'Surat Tugas Pelatihan Innas Pengolahan Survei Ekonomi Pertanian Tahun 2024', 2, 2, 1717988994, 1718065490),
(213, 'B', '208', '14000', 'VS.220', '2024', 'B-208/14000/VS.220/2024', 'Surat Tugas Pelatihan Innas Pengolahan Survei Ekonomi Pertanian Tahun 2024', 'Agus Wardiman S.E.', '2024-06-10', '1718065482.pdf', 'Surat Tugas Pelatihan Innas Pengolahan Survei Ekonomi Pertanian Tahun 2024', 2, 2, 1717989052, 1718065482),
(214, 'B', '209', '14000', 'DL.230', '2024', 'B-209/14000/DL.230/2024', 'Surat tugas sebagai Instruktur Nasional Updating Direktori Usaha/ Perusahaan Ekonomi Dalam Rangka SE2026 Tahun 2024 ', 'Hanifah Ayu', '2024-06-10', NULL, NULL, 12, NULL, 1717994088, NULL),
(215, 'B', '210', '14000', 'KP.650', '2024', 'B-210/14000/KP.650/2024', 'Surat tugas Rapat Eksistensi dan Validasi Data Sektoral Provinsi Riau Tahun 2024', 'Jumiati', '2024-06-10', NULL, NULL, 12, NULL, 1718004784, NULL),
(216, 'B', '211', '14000', 'PS.200', '2024', 'B-211/14000/PS.200/2024', 'Surat Tugas peserta walidata tingkat daerah a.n. Kepala BPS Prov Riau', 'Deputi Metodologi dan Informasi Statistik BPS RI', '2024-06-10', NULL, NULL, 2, 2, 1718006070, 1718006184),
(217, 'B', '212', '14000', 'PS.200', '2024', 'B-212/14000/PS.200/2024', 'Surat Tugas peserta walidata tingkat daerah a.n. Emilia Dharmayanthi', 'Deputi Metodologi dan Informasi Statistik BPS RI', '2024-06-10', NULL, NULL, 2, 2, 1718006150, 1718006195),
(218, 'B', '213', '14000', 'KP.650', '2024', 'B-213/14000/KP.650/2024', 'Surat Tugas a.n. Megananda ', 'Megananda', '2024-06-11', NULL, NULL, 12, NULL, 1718066058, NULL),
(219, 'B', '214', '14000', 'VS.220', '2024', 'B-214/14000/VS.220/2024', 'Surat Tugas supervisi PEK an Masri', 'PPK PPIS', '2024-06-11', NULL, NULL, 13, NULL, 1718066533, NULL),
(220, 'B', '215', '14000', 'DL.230', '2024', 'B-215/14000/DL.230/2024', 'Pelatihan  Instruktur  Nasional Survei Pergudangan, Ekspedisi dan Kurir 2024 (VPEK-24)', 'Sugiarti, Hanifah Ayu', '2024-06-11', NULL, 'innas VPEK2024', 12, NULL, 1718082928, NULL),
(221, 'B', '216', '14000', 'KP.650', '2024', 'B-216/14000/KP.650/2024', 'rapat Pngendalian Inflasi ', 'Syaifudin', '2024-06-04', NULL, NULL, 12, NULL, 1718154916, NULL),
(222, 'B', '217', '14000', 'KP.650', '2024', 'B-217/14000/KP.650/2024', 'rakor pengendalian inflasi', 'nata', '2024-06-10', NULL, NULL, 12, NULL, 1718155690, NULL),
(223, 'B', '218', '14000', 'KP.650', '2024', 'B-218/14000/KP.650/2024', 'Surat tugas bimbingan teknis penyusunan FSVA', 'Dinas Pangan Tanaman Pangan dan Hortikultura Provinsi Riau', '2024-06-12', NULL, NULL, 12, NULL, 1718185537, NULL),
(224, 'B', '219', '14000', 'VS.220', '2024', 'B-219/14000/VS.220/2024', 'Surat Tugas Supervisi Survei Ekonomi Pertanian (SEP) Tahun 2024 an. Muji Basuki ke Dumai', 'PPK PPIS', '2024-06-14', NULL, NULL, 13, 3, 1718328003, 1718351929),
(225, 'B', '220', '14000', 'TS.250', '2024', 'B-220/14000/TS.250/2024', 'Surat Tugas Narahubung Manajemen Risiko An. Ayu Setyawaty', 'BPS', '2024-06-14', NULL, 'srikandi', 3, 3, 1718350118, 1718351855),
(226, 'B', '221', '14000', 'TS.250', '2024', 'B-221/14000/TS.250/2024', 'Surat Tugas Narahubung Manajemen Risiko', 'BPS', '2024-06-14', NULL, 'Srikandi', 3, 3, 1718351906, 1718352841),
(227, 'B', '222', '14000', 'KP.650', '2024', 'B-222/14000/KP.650/2024', 'Surat Tugas Konsultasi VRES UMK 2024 a.n Fitri Hariyanti', 'Fitri Hariyanti', '2024-06-14', NULL, NULL, 12, NULL, 1718355671, NULL),
(228, 'B', '223', '14000', 'KP.650', '2024', 'B-223/14000/KP.650/2024', 'Surat Tugas Konsultasi Teknis Kegiatan SEP Tahun 2024 an. Muji Basuki', 'PPK PPIS', '2024-06-14', NULL, NULL, 13, NULL, 1718358728, NULL);

-- --------------------------------------------------------

--
-- Table structure for table `dbo_user`
--

CREATE TABLE `dbo_user` (
  `id` int NOT NULL,
  `username` varchar(255) NOT NULL,
  `password` varchar(255) NOT NULL,
  `nama` varchar(255) NOT NULL,
  `role` varchar(255) NOT NULL,
  `fungsi` varchar(5) NOT NULL,
  `create_at` int NOT NULL,
  `update_at` int DEFAULT NULL
) ENGINE=InnoDB DEFAULT CHARSET=utf8mb3;

--
-- Dumping data for table `dbo_user`
--

INSERT INTO `dbo_user` (`id`, `username`, `password`, `nama`, `role`, `fungsi`, `create_at`, `update_at`) VALUES
(2, 'ipds', '$2y$10$EuZwvPim5.yx5M9ACflDzOwGNSuayOOIxAd/P20FqphN0X2ijnsqG', 'User Fungsi IPDS', 'user', '14000', 1704187851, 1706149736),
(3, 'umum', '$2y$10$HXIkF8eoaGF3MTYN73YjYu35EEJtD7tz9h./BIoOFaw3kobKqgZr.', 'User Bagian Umum', 'user', '14510', 1704187851, 1704849552),
(9, 'admin', '$2y$10$2IrIazDyu2zSH99GSm4ake57lg7EOKZ4Z21KrZuxwplgD8JyJPtdS', 'Administrator', 'admin,user', '14000', 1704685253, 1706087778),
(10, 'user', '$2y$10$eVgzBn0JTFwacboAST1vJ.yzIZH8/Wle29CK745MRYs7GKCpvRicu', 'User', 'user', '14000', 1704698884, 1705633204),
(11, 'sosial', '$2y$10$taavIWyLclQIWcaT4Hq0Eu0b5H6YJpjCaE.GOc326feavPKvOAJam', 'User Fungsi Sosial', 'user', '14520', 1705633376, NULL),
(12, 'distribusi', '$2y$10$uc8D4LYHVhSWL4T11C3tuO66v5.94X.cUBRKLBWPRgyU77ZK1nls2', 'User Fungsi Distribusi', 'user', '14540', 1706169017, NULL),
(13, 'produksi', '$2y$10$9x3ErmXbvyk..B/SKB.FHermEKw.qjKRKbMIjtuepfmgEbHRF1/G6', 'User Fungsi Produksi', 'user', '14530', 1706169041, NULL),
(14, 'neraca', '$2y$10$OVAynjw934kqNqNFkm71ae3URnsQeetB0Ud7x6r4YbQKmUNdc2mqO', 'User Fungsi Nerwilis', 'user', '14550', 1706169060, NULL);

--
-- Indexes for dumped tables
--

--
-- Indexes for table `dbo_akses`
--
ALTER TABLE `dbo_akses`
  ADD PRIMARY KEY (`kode`);

--
-- Indexes for table `dbo_dinas_keluar`
--
ALTER TABLE `dbo_dinas_keluar`
  ADD PRIMARY KEY (`id`),
  ADD UNIQUE KEY `nomor_naskah` (`nomor_naskah`);

--
-- Indexes for table `dbo_eksternal_keluar`
--
ALTER TABLE `dbo_eksternal_keluar`
  ADD PRIMARY KEY (`id`),
  ADD UNIQUE KEY `nomor_naskah` (`nomor_naskah`);

--
-- Indexes for table `dbo_fungsi`
--
ALTER TABLE `dbo_fungsi`
  ADD PRIMARY KEY (`kode`);

--
-- Indexes for table `dbo_internal_keluar`
--
ALTER TABLE `dbo_internal_keluar`
  ADD PRIMARY KEY (`id`),
  ADD UNIQUE KEY `nomor_naskah` (`nomor_naskah`);

--
-- Indexes for table `dbo_klasifikasi`
--
ALTER TABLE `dbo_klasifikasi`
  ADD PRIMARY KEY (`kode`);

--
-- Indexes for table `dbo_memo_keluar`
--
ALTER TABLE `dbo_memo_keluar`
  ADD PRIMARY KEY (`id`),
  ADD UNIQUE KEY `nomor_naskah` (`nomor_naskah`);

--
-- Indexes for table `dbo_migrations`
--
ALTER TABLE `dbo_migrations`
  ADD PRIMARY KEY (`id`),
  ADD UNIQUE KEY `migration` (`migration`,`action`);

--
-- Indexes for table `dbo_naskah_masuk`
--
ALTER TABLE `dbo_naskah_masuk`
  ADD PRIMARY KEY (`id`),
  ADD UNIQUE KEY `nomor_naskah` (`nomor_naskah`);

--
-- Indexes for table `dbo_nota_keluar`
--
ALTER TABLE `dbo_nota_keluar`
  ADD PRIMARY KEY (`id`),
  ADD UNIQUE KEY `nomor_naskah` (`nomor_naskah`);

--
-- Indexes for table `dbo_permission`
--
ALTER TABLE `dbo_permission`
  ADD PRIMARY KEY (`nama`);

--
-- Indexes for table `dbo_tugas_keluar`
--
ALTER TABLE `dbo_tugas_keluar`
  ADD PRIMARY KEY (`id`),
  ADD UNIQUE KEY `nomor_naskah` (`nomor_naskah`);

--
-- Indexes for table `dbo_user`
--
ALTER TABLE `dbo_user`
  ADD PRIMARY KEY (`id`),
  ADD UNIQUE KEY `username` (`username`);

--
-- AUTO_INCREMENT for dumped tables
--

--
-- AUTO_INCREMENT for table `dbo_dinas_keluar`
--
ALTER TABLE `dbo_dinas_keluar`
  MODIFY `id` int NOT NULL AUTO_INCREMENT, AUTO_INCREMENT=781;

--
-- AUTO_INCREMENT for table `dbo_eksternal_keluar`
--
ALTER TABLE `dbo_eksternal_keluar`
  MODIFY `id` int NOT NULL AUTO_INCREMENT, AUTO_INCREMENT=54;

--
-- AUTO_INCREMENT for table `dbo_internal_keluar`
--
ALTER TABLE `dbo_internal_keluar`
  MODIFY `id` int NOT NULL AUTO_INCREMENT, AUTO_INCREMENT=53;

--
-- AUTO_INCREMENT for table `dbo_memo_keluar`
--
ALTER TABLE `dbo_memo_keluar`
  MODIFY `id` int NOT NULL AUTO_INCREMENT, AUTO_INCREMENT=182;

--
-- AUTO_INCREMENT for table `dbo_migrations`
--
ALTER TABLE `dbo_migrations`
  MODIFY `id` int NOT NULL AUTO_INCREMENT, AUTO_INCREMENT=21;

--
-- AUTO_INCREMENT for table `dbo_naskah_masuk`
--
ALTER TABLE `dbo_naskah_masuk`
  MODIFY `id` int NOT NULL AUTO_INCREMENT, AUTO_INCREMENT=159;

--
-- AUTO_INCREMENT for table `dbo_nota_keluar`
--
ALTER TABLE `dbo_nota_keluar`
  MODIFY `id` int NOT NULL AUTO_INCREMENT, AUTO_INCREMENT=418;

--
-- AUTO_INCREMENT for table `dbo_tugas_keluar`
--
ALTER TABLE `dbo_tugas_keluar`
  MODIFY `id` int NOT NULL AUTO_INCREMENT, AUTO_INCREMENT=229;

--
-- AUTO_INCREMENT for table `dbo_user`
--
ALTER TABLE `dbo_user`
  MODIFY `id` int NOT NULL AUTO_INCREMENT, AUTO_INCREMENT=15;
COMMIT;

/*!40101 SET CHARACTER_SET_CLIENT=@OLD_CHARACTER_SET_CLIENT */;
/*!40101 SET CHARACTER_SET_RESULTS=@OLD_CHARACTER_SET_RESULTS */;
/*!40101 SET COLLATION_CONNECTION=@OLD_COLLATION_CONNECTION */;
